# This file was produced by the NASA Exoplanet Archive  http://exoplanetarchive.ipac.caltech.edu,,,,,,,,,,,,,,,,,,,,,,,,,,,,,,,,,,,,,,,,,,,,,,,,,,,,,,,,,,,,,,,,,,,,,,,,,,,,,,,,,,,,,,,,,,,
# Wed Nov 12 22:11:11 2025,,,,,,,,,,,,,,,,,,,,,,,,,,,,,,,,,,,,,,,,,,,,,,,,,,,,,,,,,,,,,,,,,,,,,,,,,,,,,,,,,,,,,,,,,,,
#,,,,,,,,,,,,,,,,,,,,,,,,,,,,,,,,,,,,,,,,,,,,,,,,,,,,,,,,,,,,,,,,,,,,,,,,,,,,,,,,,,,,,,,,,,,
# User preference: *,,,,,,,,,,,,,,,,,,,,,,,,,,,,,,,,,,,,,,,,,,,,,,,,,,,,,,,,,,,,,,,,,,,,,,,,,,,,,,,,,,,,,,,,,,,
#,,,,,,,,,,,,,,,,,,,,,,,,,,,,,,,,,,,,,,,,,,,,,,,,,,,,,,,,,,,,,,,,,,,,,,,,,,,,,,,,,,,,,,,,,,,
# CONSTRAINT:  where (disc_year = 2019),,,,,,,,,,,,,,,,,,,,,,,,,,,,,,,,,,,,,,,,,,,,,,,,,,,,,,,,,,,,,,,,,,,,,,,,,,,,,,,,,,,,,,,,,,,
#,,,,,,,,,,,,,,,,,,,,,,,,,,,,,,,,,,,,,,,,,,,,,,,,,,,,,,,,,,,,,,,,,,,,,,,,,,,,,,,,,,,,,,,,,,,
# COLUMN pl_name:        Planet Name,,,,,,,,,,,,,,,,,,,,,,,,,,,,,,,,,,,,,,,,,,,,,,,,,,,,,,,,,,,,,,,,,,,,,,,,,,,,,,,,,,,,,,,,,,,
# COLUMN hostname:       Host Name,,,,,,,,,,,,,,,,,,,,,,,,,,,,,,,,,,,,,,,,,,,,,,,,,,,,,,,,,,,,,,,,,,,,,,,,,,,,,,,,,,,,,,,,,,,
# COLUMN default_flag:   Default Parameter Set,,,,,,,,,,,,,,,,,,,,,,,,,,,,,,,,,,,,,,,,,,,,,,,,,,,,,,,,,,,,,,,,,,,,,,,,,,,,,,,,,,,,,,,,,,,
# COLUMN sy_snum:        Number of Stars,,,,,,,,,,,,,,,,,,,,,,,,,,,,,,,,,,,,,,,,,,,,,,,,,,,,,,,,,,,,,,,,,,,,,,,,,,,,,,,,,,,,,,,,,,,
# COLUMN sy_pnum:        Number of Planets,,,,,,,,,,,,,,,,,,,,,,,,,,,,,,,,,,,,,,,,,,,,,,,,,,,,,,,,,,,,,,,,,,,,,,,,,,,,,,,,,,,,,,,,,,,
# COLUMN discoverymethod: Discovery Method,,,,,,,,,,,,,,,,,,,,,,,,,,,,,,,,,,,,,,,,,,,,,,,,,,,,,,,,,,,,,,,,,,,,,,,,,,,,,,,,,,,,,,,,,,,
# COLUMN disc_year:      Discovery Year,,,,,,,,,,,,,,,,,,,,,,,,,,,,,,,,,,,,,,,,,,,,,,,,,,,,,,,,,,,,,,,,,,,,,,,,,,,,,,,,,,,,,,,,,,,
# COLUMN disc_facility:  Discovery Facility,,,,,,,,,,,,,,,,,,,,,,,,,,,,,,,,,,,,,,,,,,,,,,,,,,,,,,,,,,,,,,,,,,,,,,,,,,,,,,,,,,,,,,,,,,,
# COLUMN soltype:        Solution Type,,,,,,,,,,,,,,,,,,,,,,,,,,,,,,,,,,,,,,,,,,,,,,,,,,,,,,,,,,,,,,,,,,,,,,,,,,,,,,,,,,,,,,,,,,,
# COLUMN pl_controv_flag: Controversial Flag,,,,,,,,,,,,,,,,,,,,,,,,,,,,,,,,,,,,,,,,,,,,,,,,,,,,,,,,,,,,,,,,,,,,,,,,,,,,,,,,,,,,,,,,,,,
# COLUMN pl_refname:     Planetary Parameter Reference,,,,,,,,,,,,,,,,,,,,,,,,,,,,,,,,,,,,,,,,,,,,,,,,,,,,,,,,,,,,,,,,,,,,,,,,,,,,,,,,,,,,,,,,,,,
# COLUMN pl_orbper:      Orbital Period [days],,,,,,,,,,,,,,,,,,,,,,,,,,,,,,,,,,,,,,,,,,,,,,,,,,,,,,,,,,,,,,,,,,,,,,,,,,,,,,,,,,,,,,,,,,,
# COLUMN pl_orbpererr1:  Orbital Period Upper Unc. [days],,,,,,,,,,,,,,,,,,,,,,,,,,,,,,,,,,,,,,,,,,,,,,,,,,,,,,,,,,,,,,,,,,,,,,,,,,,,,,,,,,,,,,,,,,,
# COLUMN pl_orbpererr2:  Orbital Period Lower Unc. [days],,,,,,,,,,,,,,,,,,,,,,,,,,,,,,,,,,,,,,,,,,,,,,,,,,,,,,,,,,,,,,,,,,,,,,,,,,,,,,,,,,,,,,,,,,,
# COLUMN pl_orbperlim:   Orbital Period Limit Flag,,,,,,,,,,,,,,,,,,,,,,,,,,,,,,,,,,,,,,,,,,,,,,,,,,,,,,,,,,,,,,,,,,,,,,,,,,,,,,,,,,,,,,,,,,,
# COLUMN pl_orbsmax:     Orbit Semi-Major Axis [au],,,,,,,,,,,,,,,,,,,,,,,,,,,,,,,,,,,,,,,,,,,,,,,,,,,,,,,,,,,,,,,,,,,,,,,,,,,,,,,,,,,,,,,,,,,
# COLUMN pl_orbsmaxerr1: Orbit Semi-Major Axis Upper Unc. [au],,,,,,,,,,,,,,,,,,,,,,,,,,,,,,,,,,,,,,,,,,,,,,,,,,,,,,,,,,,,,,,,,,,,,,,,,,,,,,,,,,,,,,,,,,,
# COLUMN pl_orbsmaxerr2: Orbit Semi-Major Axis Lower Unc. [au],,,,,,,,,,,,,,,,,,,,,,,,,,,,,,,,,,,,,,,,,,,,,,,,,,,,,,,,,,,,,,,,,,,,,,,,,,,,,,,,,,,,,,,,,,,
# COLUMN pl_orbsmaxlim:  Orbit Semi-Major Axis Limit Flag,,,,,,,,,,,,,,,,,,,,,,,,,,,,,,,,,,,,,,,,,,,,,,,,,,,,,,,,,,,,,,,,,,,,,,,,,,,,,,,,,,,,,,,,,,,
# COLUMN pl_rade:        Planet Radius [Earth Radius],,,,,,,,,,,,,,,,,,,,,,,,,,,,,,,,,,,,,,,,,,,,,,,,,,,,,,,,,,,,,,,,,,,,,,,,,,,,,,,,,,,,,,,,,,,
# COLUMN pl_radeerr1:    Planet Radius Upper Unc. [Earth Radius],,,,,,,,,,,,,,,,,,,,,,,,,,,,,,,,,,,,,,,,,,,,,,,,,,,,,,,,,,,,,,,,,,,,,,,,,,,,,,,,,,,,,,,,,,,
# COLUMN pl_radeerr2:    Planet Radius Lower Unc. [Earth Radius],,,,,,,,,,,,,,,,,,,,,,,,,,,,,,,,,,,,,,,,,,,,,,,,,,,,,,,,,,,,,,,,,,,,,,,,,,,,,,,,,,,,,,,,,,,
# COLUMN pl_radelim:     Planet Radius Limit Flag,,,,,,,,,,,,,,,,,,,,,,,,,,,,,,,,,,,,,,,,,,,,,,,,,,,,,,,,,,,,,,,,,,,,,,,,,,,,,,,,,,,,,,,,,,,
# COLUMN pl_radj:        Planet Radius [Jupiter Radius],,,,,,,,,,,,,,,,,,,,,,,,,,,,,,,,,,,,,,,,,,,,,,,,,,,,,,,,,,,,,,,,,,,,,,,,,,,,,,,,,,,,,,,,,,,
# COLUMN pl_radjerr1:    Planet Radius Upper Unc. [Jupiter Radius],,,,,,,,,,,,,,,,,,,,,,,,,,,,,,,,,,,,,,,,,,,,,,,,,,,,,,,,,,,,,,,,,,,,,,,,,,,,,,,,,,,,,,,,,,,
# COLUMN pl_radjerr2:    Planet Radius Lower Unc. [Jupiter Radius],,,,,,,,,,,,,,,,,,,,,,,,,,,,,,,,,,,,,,,,,,,,,,,,,,,,,,,,,,,,,,,,,,,,,,,,,,,,,,,,,,,,,,,,,,,
# COLUMN pl_radjlim:     Planet Radius Limit Flag,,,,,,,,,,,,,,,,,,,,,,,,,,,,,,,,,,,,,,,,,,,,,,,,,,,,,,,,,,,,,,,,,,,,,,,,,,,,,,,,,,,,,,,,,,,
# COLUMN pl_bmasse:      Planet Mass or Mass*sin(i) [Earth Mass],,,,,,,,,,,,,,,,,,,,,,,,,,,,,,,,,,,,,,,,,,,,,,,,,,,,,,,,,,,,,,,,,,,,,,,,,,,,,,,,,,,,,,,,,,,
# COLUMN pl_bmasseerr1:  Planet Mass or Mass*sin(i) [Earth Mass] Upper Unc.,,,,,,,,,,,,,,,,,,,,,,,,,,,,,,,,,,,,,,,,,,,,,,,,,,,,,,,,,,,,,,,,,,,,,,,,,,,,,,,,,,,,,,,,,,,
# COLUMN pl_bmasseerr2:  Planet Mass or Mass*sin(i) [Earth Mass] Lower Unc.,,,,,,,,,,,,,,,,,,,,,,,,,,,,,,,,,,,,,,,,,,,,,,,,,,,,,,,,,,,,,,,,,,,,,,,,,,,,,,,,,,,,,,,,,,,
# COLUMN pl_bmasselim:   Planet Mass or Mass*sin(i) [Earth Mass] Limit Flag,,,,,,,,,,,,,,,,,,,,,,,,,,,,,,,,,,,,,,,,,,,,,,,,,,,,,,,,,,,,,,,,,,,,,,,,,,,,,,,,,,,,,,,,,,,
# COLUMN pl_bmassj:      Planet Mass or Mass*sin(i) [Jupiter Mass],,,,,,,,,,,,,,,,,,,,,,,,,,,,,,,,,,,,,,,,,,,,,,,,,,,,,,,,,,,,,,,,,,,,,,,,,,,,,,,,,,,,,,,,,,,
# COLUMN pl_bmassjerr1:  Planet Mass or Mass*sin(i) [Jupiter Mass] Upper Unc.,,,,,,,,,,,,,,,,,,,,,,,,,,,,,,,,,,,,,,,,,,,,,,,,,,,,,,,,,,,,,,,,,,,,,,,,,,,,,,,,,,,,,,,,,,,
# COLUMN pl_bmassjerr2:  Planet Mass or Mass*sin(i) [Jupiter Mass] Lower Unc.,,,,,,,,,,,,,,,,,,,,,,,,,,,,,,,,,,,,,,,,,,,,,,,,,,,,,,,,,,,,,,,,,,,,,,,,,,,,,,,,,,,,,,,,,,,
# COLUMN pl_bmassjlim:   Planet Mass or Mass*sin(i) [Jupiter Mass] Limit Flag,,,,,,,,,,,,,,,,,,,,,,,,,,,,,,,,,,,,,,,,,,,,,,,,,,,,,,,,,,,,,,,,,,,,,,,,,,,,,,,,,,,,,,,,,,,
# COLUMN pl_bmassprov:   Planet Mass or Mass*sin(i) Provenance,,,,,,,,,,,,,,,,,,,,,,,,,,,,,,,,,,,,,,,,,,,,,,,,,,,,,,,,,,,,,,,,,,,,,,,,,,,,,,,,,,,,,,,,,,,
# COLUMN pl_orbeccen:    Eccentricity,,,,,,,,,,,,,,,,,,,,,,,,,,,,,,,,,,,,,,,,,,,,,,,,,,,,,,,,,,,,,,,,,,,,,,,,,,,,,,,,,,,,,,,,,,,
# COLUMN pl_orbeccenerr1: Eccentricity Upper Unc.,,,,,,,,,,,,,,,,,,,,,,,,,,,,,,,,,,,,,,,,,,,,,,,,,,,,,,,,,,,,,,,,,,,,,,,,,,,,,,,,,,,,,,,,,,,
# COLUMN pl_orbeccenerr2: Eccentricity Lower Unc.,,,,,,,,,,,,,,,,,,,,,,,,,,,,,,,,,,,,,,,,,,,,,,,,,,,,,,,,,,,,,,,,,,,,,,,,,,,,,,,,,,,,,,,,,,,
# COLUMN pl_orbeccenlim: Eccentricity Limit Flag,,,,,,,,,,,,,,,,,,,,,,,,,,,,,,,,,,,,,,,,,,,,,,,,,,,,,,,,,,,,,,,,,,,,,,,,,,,,,,,,,,,,,,,,,,,
# COLUMN pl_insol:       Insolation Flux [Earth Flux],,,,,,,,,,,,,,,,,,,,,,,,,,,,,,,,,,,,,,,,,,,,,,,,,,,,,,,,,,,,,,,,,,,,,,,,,,,,,,,,,,,,,,,,,,,
# COLUMN pl_insolerr1:   Insolation Flux Upper Unc. [Earth Flux],,,,,,,,,,,,,,,,,,,,,,,,,,,,,,,,,,,,,,,,,,,,,,,,,,,,,,,,,,,,,,,,,,,,,,,,,,,,,,,,,,,,,,,,,,,
# COLUMN pl_insolerr2:   Insolation Flux Lower Unc. [Earth Flux],,,,,,,,,,,,,,,,,,,,,,,,,,,,,,,,,,,,,,,,,,,,,,,,,,,,,,,,,,,,,,,,,,,,,,,,,,,,,,,,,,,,,,,,,,,
# COLUMN pl_insollim:    Insolation Flux Limit Flag,,,,,,,,,,,,,,,,,,,,,,,,,,,,,,,,,,,,,,,,,,,,,,,,,,,,,,,,,,,,,,,,,,,,,,,,,,,,,,,,,,,,,,,,,,,
# COLUMN pl_eqt:         Equilibrium Temperature [K],,,,,,,,,,,,,,,,,,,,,,,,,,,,,,,,,,,,,,,,,,,,,,,,,,,,,,,,,,,,,,,,,,,,,,,,,,,,,,,,,,,,,,,,,,,
# COLUMN pl_eqterr1:     Equilibrium Temperature Upper Unc. [K],,,,,,,,,,,,,,,,,,,,,,,,,,,,,,,,,,,,,,,,,,,,,,,,,,,,,,,,,,,,,,,,,,,,,,,,,,,,,,,,,,,,,,,,,,,
# COLUMN pl_eqterr2:     Equilibrium Temperature Lower Unc. [K],,,,,,,,,,,,,,,,,,,,,,,,,,,,,,,,,,,,,,,,,,,,,,,,,,,,,,,,,,,,,,,,,,,,,,,,,,,,,,,,,,,,,,,,,,,
# COLUMN pl_eqtlim:      Equilibrium Temperature Limit Flag,,,,,,,,,,,,,,,,,,,,,,,,,,,,,,,,,,,,,,,,,,,,,,,,,,,,,,,,,,,,,,,,,,,,,,,,,,,,,,,,,,,,,,,,,,,
# COLUMN ttv_flag:       Data show Transit Timing Variations,,,,,,,,,,,,,,,,,,,,,,,,,,,,,,,,,,,,,,,,,,,,,,,,,,,,,,,,,,,,,,,,,,,,,,,,,,,,,,,,,,,,,,,,,,,
# COLUMN st_refname:     Stellar Parameter Reference,,,,,,,,,,,,,,,,,,,,,,,,,,,,,,,,,,,,,,,,,,,,,,,,,,,,,,,,,,,,,,,,,,,,,,,,,,,,,,,,,,,,,,,,,,,
# COLUMN st_spectype:    Spectral Type,,,,,,,,,,,,,,,,,,,,,,,,,,,,,,,,,,,,,,,,,,,,,,,,,,,,,,,,,,,,,,,,,,,,,,,,,,,,,,,,,,,,,,,,,,,
# COLUMN st_teff:        Stellar Effective Temperature [K],,,,,,,,,,,,,,,,,,,,,,,,,,,,,,,,,,,,,,,,,,,,,,,,,,,,,,,,,,,,,,,,,,,,,,,,,,,,,,,,,,,,,,,,,,,
# COLUMN st_tefferr1:    Stellar Effective Temperature Upper Unc. [K],,,,,,,,,,,,,,,,,,,,,,,,,,,,,,,,,,,,,,,,,,,,,,,,,,,,,,,,,,,,,,,,,,,,,,,,,,,,,,,,,,,,,,,,,,,
# COLUMN st_tefferr2:    Stellar Effective Temperature Lower Unc. [K],,,,,,,,,,,,,,,,,,,,,,,,,,,,,,,,,,,,,,,,,,,,,,,,,,,,,,,,,,,,,,,,,,,,,,,,,,,,,,,,,,,,,,,,,,,
# COLUMN st_tefflim:     Stellar Effective Temperature Limit Flag,,,,,,,,,,,,,,,,,,,,,,,,,,,,,,,,,,,,,,,,,,,,,,,,,,,,,,,,,,,,,,,,,,,,,,,,,,,,,,,,,,,,,,,,,,,
# COLUMN st_rad:         Stellar Radius [Solar Radius],,,,,,,,,,,,,,,,,,,,,,,,,,,,,,,,,,,,,,,,,,,,,,,,,,,,,,,,,,,,,,,,,,,,,,,,,,,,,,,,,,,,,,,,,,,
# COLUMN st_raderr1:     Stellar Radius Upper Unc. [Solar Radius],,,,,,,,,,,,,,,,,,,,,,,,,,,,,,,,,,,,,,,,,,,,,,,,,,,,,,,,,,,,,,,,,,,,,,,,,,,,,,,,,,,,,,,,,,,
# COLUMN st_raderr2:     Stellar Radius Lower Unc. [Solar Radius],,,,,,,,,,,,,,,,,,,,,,,,,,,,,,,,,,,,,,,,,,,,,,,,,,,,,,,,,,,,,,,,,,,,,,,,,,,,,,,,,,,,,,,,,,,
# COLUMN st_radlim:      Stellar Radius Limit Flag,,,,,,,,,,,,,,,,,,,,,,,,,,,,,,,,,,,,,,,,,,,,,,,,,,,,,,,,,,,,,,,,,,,,,,,,,,,,,,,,,,,,,,,,,,,
# COLUMN st_mass:        Stellar Mass [Solar mass],,,,,,,,,,,,,,,,,,,,,,,,,,,,,,,,,,,,,,,,,,,,,,,,,,,,,,,,,,,,,,,,,,,,,,,,,,,,,,,,,,,,,,,,,,,
# COLUMN st_masserr1:    Stellar Mass Upper Unc. [Solar mass],,,,,,,,,,,,,,,,,,,,,,,,,,,,,,,,,,,,,,,,,,,,,,,,,,,,,,,,,,,,,,,,,,,,,,,,,,,,,,,,,,,,,,,,,,,
# COLUMN st_masserr2:    Stellar Mass Lower Unc. [Solar mass],,,,,,,,,,,,,,,,,,,,,,,,,,,,,,,,,,,,,,,,,,,,,,,,,,,,,,,,,,,,,,,,,,,,,,,,,,,,,,,,,,,,,,,,,,,
# COLUMN st_masslim:     Stellar Mass Limit Flag,,,,,,,,,,,,,,,,,,,,,,,,,,,,,,,,,,,,,,,,,,,,,,,,,,,,,,,,,,,,,,,,,,,,,,,,,,,,,,,,,,,,,,,,,,,
# COLUMN st_met:         Stellar Metallicity [dex],,,,,,,,,,,,,,,,,,,,,,,,,,,,,,,,,,,,,,,,,,,,,,,,,,,,,,,,,,,,,,,,,,,,,,,,,,,,,,,,,,,,,,,,,,,
# COLUMN st_meterr1:     Stellar Metallicity Upper Unc. [dex],,,,,,,,,,,,,,,,,,,,,,,,,,,,,,,,,,,,,,,,,,,,,,,,,,,,,,,,,,,,,,,,,,,,,,,,,,,,,,,,,,,,,,,,,,,
# COLUMN st_meterr2:     Stellar Metallicity Lower Unc. [dex],,,,,,,,,,,,,,,,,,,,,,,,,,,,,,,,,,,,,,,,,,,,,,,,,,,,,,,,,,,,,,,,,,,,,,,,,,,,,,,,,,,,,,,,,,,
# COLUMN st_metlim:      Stellar Metallicity Limit Flag,,,,,,,,,,,,,,,,,,,,,,,,,,,,,,,,,,,,,,,,,,,,,,,,,,,,,,,,,,,,,,,,,,,,,,,,,,,,,,,,,,,,,,,,,,,
# COLUMN st_metratio:    Stellar Metallicity Ratio,,,,,,,,,,,,,,,,,,,,,,,,,,,,,,,,,,,,,,,,,,,,,,,,,,,,,,,,,,,,,,,,,,,,,,,,,,,,,,,,,,,,,,,,,,,
# COLUMN st_logg:        Stellar Surface Gravity [log10(cm/s**2)],,,,,,,,,,,,,,,,,,,,,,,,,,,,,,,,,,,,,,,,,,,,,,,,,,,,,,,,,,,,,,,,,,,,,,,,,,,,,,,,,,,,,,,,,,,
# COLUMN st_loggerr1:    Stellar Surface Gravity Upper Unc. [log10(cm/s**2)],,,,,,,,,,,,,,,,,,,,,,,,,,,,,,,,,,,,,,,,,,,,,,,,,,,,,,,,,,,,,,,,,,,,,,,,,,,,,,,,,,,,,,,,,,,
# COLUMN st_loggerr2:    Stellar Surface Gravity Lower Unc. [log10(cm/s**2)],,,,,,,,,,,,,,,,,,,,,,,,,,,,,,,,,,,,,,,,,,,,,,,,,,,,,,,,,,,,,,,,,,,,,,,,,,,,,,,,,,,,,,,,,,,
# COLUMN st_logglim:     Stellar Surface Gravity Limit Flag,,,,,,,,,,,,,,,,,,,,,,,,,,,,,,,,,,,,,,,,,,,,,,,,,,,,,,,,,,,,,,,,,,,,,,,,,,,,,,,,,,,,,,,,,,,
# COLUMN sy_refname:     System Parameter Reference,,,,,,,,,,,,,,,,,,,,,,,,,,,,,,,,,,,,,,,,,,,,,,,,,,,,,,,,,,,,,,,,,,,,,,,,,,,,,,,,,,,,,,,,,,,
# COLUMN rastr:          RA [sexagesimal],,,,,,,,,,,,,,,,,,,,,,,,,,,,,,,,,,,,,,,,,,,,,,,,,,,,,,,,,,,,,,,,,,,,,,,,,,,,,,,,,,,,,,,,,,,
# COLUMN ra:             RA [deg],,,,,,,,,,,,,,,,,,,,,,,,,,,,,,,,,,,,,,,,,,,,,,,,,,,,,,,,,,,,,,,,,,,,,,,,,,,,,,,,,,,,,,,,,,,
# COLUMN decstr:         Dec [sexagesimal],,,,,,,,,,,,,,,,,,,,,,,,,,,,,,,,,,,,,,,,,,,,,,,,,,,,,,,,,,,,,,,,,,,,,,,,,,,,,,,,,,,,,,,,,,,
# COLUMN dec:            Dec [deg],,,,,,,,,,,,,,,,,,,,,,,,,,,,,,,,,,,,,,,,,,,,,,,,,,,,,,,,,,,,,,,,,,,,,,,,,,,,,,,,,,,,,,,,,,,
# COLUMN sy_dist:        Distance [pc],,,,,,,,,,,,,,,,,,,,,,,,,,,,,,,,,,,,,,,,,,,,,,,,,,,,,,,,,,,,,,,,,,,,,,,,,,,,,,,,,,,,,,,,,,,
# COLUMN sy_disterr1:    Distance [pc] Upper Unc,,,,,,,,,,,,,,,,,,,,,,,,,,,,,,,,,,,,,,,,,,,,,,,,,,,,,,,,,,,,,,,,,,,,,,,,,,,,,,,,,,,,,,,,,,,
# COLUMN sy_disterr2:    Distance [pc] Lower Unc,,,,,,,,,,,,,,,,,,,,,,,,,,,,,,,,,,,,,,,,,,,,,,,,,,,,,,,,,,,,,,,,,,,,,,,,,,,,,,,,,,,,,,,,,,,
# COLUMN sy_vmag:        V (Johnson) Magnitude,,,,,,,,,,,,,,,,,,,,,,,,,,,,,,,,,,,,,,,,,,,,,,,,,,,,,,,,,,,,,,,,,,,,,,,,,,,,,,,,,,,,,,,,,,,
# COLUMN sy_vmagerr1:    V (Johnson) Magnitude Upper Unc,,,,,,,,,,,,,,,,,,,,,,,,,,,,,,,,,,,,,,,,,,,,,,,,,,,,,,,,,,,,,,,,,,,,,,,,,,,,,,,,,,,,,,,,,,,
# COLUMN sy_vmagerr2:    V (Johnson) Magnitude Lower Unc,,,,,,,,,,,,,,,,,,,,,,,,,,,,,,,,,,,,,,,,,,,,,,,,,,,,,,,,,,,,,,,,,,,,,,,,,,,,,,,,,,,,,,,,,,,
# COLUMN sy_kmag:        Ks (2MASS) Magnitude,,,,,,,,,,,,,,,,,,,,,,,,,,,,,,,,,,,,,,,,,,,,,,,,,,,,,,,,,,,,,,,,,,,,,,,,,,,,,,,,,,,,,,,,,,,
# COLUMN sy_kmagerr1:    Ks (2MASS) Magnitude Upper Unc,,,,,,,,,,,,,,,,,,,,,,,,,,,,,,,,,,,,,,,,,,,,,,,,,,,,,,,,,,,,,,,,,,,,,,,,,,,,,,,,,,,,,,,,,,,
# COLUMN sy_kmagerr2:    Ks (2MASS) Magnitude Lower Unc,,,,,,,,,,,,,,,,,,,,,,,,,,,,,,,,,,,,,,,,,,,,,,,,,,,,,,,,,,,,,,,,,,,,,,,,,,,,,,,,,,,,,,,,,,,
# COLUMN sy_gaiamag:     Gaia Magnitude,,,,,,,,,,,,,,,,,,,,,,,,,,,,,,,,,,,,,,,,,,,,,,,,,,,,,,,,,,,,,,,,,,,,,,,,,,,,,,,,,,,,,,,,,,,
# COLUMN sy_gaiamagerr1: Gaia Magnitude Upper Unc,,,,,,,,,,,,,,,,,,,,,,,,,,,,,,,,,,,,,,,,,,,,,,,,,,,,,,,,,,,,,,,,,,,,,,,,,,,,,,,,,,,,,,,,,,,
# COLUMN sy_gaiamagerr2: Gaia Magnitude Lower Unc,,,,,,,,,,,,,,,,,,,,,,,,,,,,,,,,,,,,,,,,,,,,,,,,,,,,,,,,,,,,,,,,,,,,,,,,,,,,,,,,,,,,,,,,,,,
# COLUMN rowupdate:      Date of Last Update,,,,,,,,,,,,,,,,,,,,,,,,,,,,,,,,,,,,,,,,,,,,,,,,,,,,,,,,,,,,,,,,,,,,,,,,,,,,,,,,,,,,,,,,,,,
# COLUMN pl_pubdate:     Planetary Parameter Reference Publication Date,,,,,,,,,,,,,,,,,,,,,,,,,,,,,,,,,,,,,,,,,,,,,,,,,,,,,,,,,,,,,,,,,,,,,,,,,,,,,,,,,,,,,,,,,,,
# COLUMN releasedate:    Release Date,,,,,,,,,,,,,,,,,,,,,,,,,,,,,,,,,,,,,,,,,,,,,,,,,,,,,,,,,,,,,,,,,,,,,,,,,,,,,,,,,,,,,,,,,,,
#,,,,,,,,,,,,,,,,,,,,,,,,,,,,,,,,,,,,,,,,,,,,,,,,,,,,,,,,,,,,,,,,,,,,,,,,,,,,,,,,,,,,,,,,,,,
pl_name,hostname,default_flag,sy_snum,sy_pnum,discoverymethod,disc_year,disc_facility,soltype,pl_controv_flag,pl_refname,pl_orbper,pl_orbpererr1,pl_orbpererr2,pl_orbperlim,pl_orbsmax,pl_orbsmaxerr1,pl_orbsmaxerr2,pl_orbsmaxlim,pl_rade,pl_radeerr1,pl_radeerr2,pl_radelim,pl_radj,pl_radjerr1,pl_radjerr2,pl_radjlim,pl_bmasse,pl_bmasseerr1,pl_bmasseerr2,pl_bmasselim,pl_bmassj,pl_bmassjerr1,pl_bmassjerr2,pl_bmassjlim,pl_bmassprov,pl_orbeccen,pl_orbeccenerr1,pl_orbeccenerr2,pl_orbeccenlim,pl_insol,pl_insolerr1,pl_insolerr2,pl_insollim,pl_eqt,pl_eqterr1,pl_eqterr2,pl_eqtlim,ttv_flag,st_refname,st_spectype,st_teff,st_tefferr1,st_tefferr2,st_tefflim,st_rad,st_raderr1,st_raderr2,st_radlim,st_mass,st_masserr1,st_masserr2,st_masslim,st_met,st_meterr1,st_meterr2,st_metlim,st_metratio,st_logg,st_loggerr1,st_loggerr2,st_logglim,sy_refname,rastr,ra,decstr,dec,sy_dist,sy_disterr1,sy_disterr2,sy_vmag,sy_vmagerr1,sy_vmagerr2,sy_kmag,sy_kmagerr1,sy_kmagerr2,sy_gaiamag,sy_gaiamagerr1,sy_gaiamagerr2,rowupdate,pl_pubdate,releasedate
7 CMa c,7 CMa,1,1,2,Radial Velocity,2019,Multiple Observatories,Published Confirmed,0,<a refstr=LUQUE_ET_AL__2019 href=https://ui.adsabs.harvard.edu/abs/2019A&A...631A.136L/abstract target=ref>Luque et al. 2019</a>,996,1.5,-52.4,0,2.153,0.003,-0.08,0,,,,,,,,,276.5121,19.0698,-19.0698,0,0.87,0.06,-0.06,0,Msin(i)/sin(i),0.08,0.05,-0.04,0,,,,,,,,,0,<a refstr=LUQUE_ET_AL__2019 href=https://ui.adsabs.harvard.edu/abs/2019A&A...631A.136L/abstract target=ref>Luque et al. 2019</a>,,4826,45,-55,0,4.87,0.17,-0.14,0,1.34,0.11,-0.12,0,0.21,0.1,-0.1,0,[Fe/H],3.19,0.06,-0.07,0,<a refstr=STASSUN_ET_AL__2019 href=https://ui.adsabs.harvard.edu/abs/2019AJ....158..138S/abstract target=ref>TICv8</a>,06h36m41.11s,99.171276,-19d15m22.25s,-19.2561808,19.8101,0.1648,-0.1648,3.95,0.03,-0.03,1.564,0.252,-0.252,3.67853,0.0041348,-0.0041348,10/18/19,2019-11,10/24/19
7 CMa c,7 CMa,0,1,2,Radial Velocity,2019,Multiple Observatories,Published Confirmed,0,<a refstr=LIN_ET_AL__2024 href=https://ui.adsabs.harvard.edu/abs/2024AJ....168...27L/abstract target=ref>Lin et al. 2024</a>,,,,,2.205,0.086,-0.086,0,,,,,,,,,289.9,21.2,-21.2,0,0.912,0.067,-0.067,0,Msini,,,,,,,,,,,,,0,<a refstr=LIN_ET_AL__2024 href=https://ui.adsabs.harvard.edu/abs/2024AJ....168...27L/abstract target=ref>Lin et al. 2024</a>,,,,,,5.198,0.06,-0.06,0,1.439,0.047,-0.047,0,,,,,,3.165,0.005,-0.005,0,<a refstr=STASSUN_ET_AL__2019 href=https://ui.adsabs.harvard.edu/abs/2019AJ....158..138S/abstract target=ref>TICv8</a>,06h36m41.11s,99.171276,-19d15m22.25s,-19.2561808,19.8101,0.1648,-0.1648,3.95,0.03,-0.03,1.564,0.252,-0.252,3.67853,0.0041348,-0.0041348,9/13/24,2024-07,9/13/24
DMPP-1 b,DMPP-1,1,1,4,Radial Velocity,2019,La Silla Observatory,Published Confirmed,0,<a refstr=STAAB_ET_AL__2020 href=https://ui.adsabs.harvard.edu/abs/2020NatAs...4..399S/abstract target=ref>Staab et al. 2020</a>,18.57,0.01,-0.01,0,0.1462,0.0012,-0.0012,0,,,,,,,,,24.27,1.16,-1.59,0,0.07636158,0.00364975,-0.00500267,0,Msini,0.083,,,1,,,,,877,,,0,0,<a refstr=STAAB_ET_AL__2020 href=https://ui.adsabs.harvard.edu/abs/2020NatAs...4..399S/abstract target=ref>Staab et al. 2020</a>,F8 V,6196,29,-29,0,1.26,0.02,-0.02,0,1.21,0.03,-0.03,0,,,,,,4.41,0.21,-0.21,0,<a refstr=STASSUN_ET_AL__2019 href=https://ui.adsabs.harvard.edu/abs/2019AJ....158..138S/abstract target=ref>TICv8</a>,05h47m06.27s,86.7761233,-10d37m49.16s,-10.6303217,62.5388,0.1782,-0.1773,7.98,0.03,-0.03,6.69,0.024,-0.024,7.85032,0.00029,-0.00029,1/23/20,2019-12,1/30/20
DMPP-1 c,DMPP-1,1,1,4,Radial Velocity,2019,La Silla Observatory,Published Confirmed,0,<a refstr=STAAB_ET_AL__2020 href=https://ui.adsabs.harvard.edu/abs/2020NatAs...4..399S/abstract target=ref>Staab et al. 2020</a>,6.584,0.003,-0.002,0,0.0733,0.0006,-0.0007,0,,,,,,,,,9.6,0.53,-1.58,0,0.03020483,0.00166756,-0.00497121,0,Msini,0.057,,,1,,,,,1239,,,0,0,<a refstr=STAAB_ET_AL__2020 href=https://ui.adsabs.harvard.edu/abs/2020NatAs...4..399S/abstract target=ref>Staab et al. 2020</a>,F8 V,6196,29,-29,0,1.26,0.02,-0.02,0,1.21,0.03,-0.03,0,,,,,,4.41,0.21,-0.21,0,<a refstr=STASSUN_ET_AL__2019 href=https://ui.adsabs.harvard.edu/abs/2019AJ....158..138S/abstract target=ref>TICv8</a>,05h47m06.27s,86.7761233,-10d37m49.16s,-10.6303217,62.5388,0.1782,-0.1773,7.98,0.03,-0.03,6.69,0.024,-0.024,7.85032,0.00029,-0.00029,1/23/20,2019-12,1/30/20
DMPP-1 d,DMPP-1,1,1,4,Radial Velocity,2019,La Silla Observatory,Published Confirmed,0,<a refstr=STAAB_ET_AL__2020 href=https://ui.adsabs.harvard.edu/abs/2020NatAs...4..399S/abstract target=ref>Staab et al. 2020</a>,2.882,0.001,-0.001,0,0.0422,0.0004,-0.0003,0,,,,,,,,,3.35,0.38,-0.34,0,0.01054023,0.00119561,-0.00106975,0,Msini,0.07,,,1,,,,,1632,,,0,0,<a refstr=STAAB_ET_AL__2020 href=https://ui.adsabs.harvard.edu/abs/2020NatAs...4..399S/abstract target=ref>Staab et al. 2020</a>,F8 V,6196,29,-29,0,1.26,0.02,-0.02,0,1.21,0.03,-0.03,0,,,,,,4.41,0.21,-0.21,0,<a refstr=STASSUN_ET_AL__2019 href=https://ui.adsabs.harvard.edu/abs/2019AJ....158..138S/abstract target=ref>TICv8</a>,05h47m06.27s,86.7761233,-10d37m49.16s,-10.6303217,62.5388,0.1782,-0.1773,7.98,0.03,-0.03,6.69,0.024,-0.024,7.85032,0.00029,-0.00029,1/23/20,2019-12,1/30/20
DMPP-1 e,DMPP-1,1,1,4,Radial Velocity,2019,La Silla Observatory,Published Confirmed,0,<a refstr=STAAB_ET_AL__2020 href=https://ui.adsabs.harvard.edu/abs/2020NatAs...4..399S/abstract target=ref>Staab et al. 2020</a>,5.516,0.002,-0.004,0,0.0651,0.0005,-0.0005,0,,,,,,,,,4.13,0.66,-1.14,0,0.01299437,0.00207658,-0.00358682,0,Msini,0.07,,,1,,,,,1314,,,0,0,<a refstr=STAAB_ET_AL__2020 href=https://ui.adsabs.harvard.edu/abs/2020NatAs...4..399S/abstract target=ref>Staab et al. 2020</a>,F8 V,6196,29,-29,0,1.26,0.02,-0.02,0,1.21,0.03,-0.03,0,,,,,,4.41,0.21,-0.21,0,<a refstr=STASSUN_ET_AL__2019 href=https://ui.adsabs.harvard.edu/abs/2019AJ....158..138S/abstract target=ref>TICv8</a>,05h47m06.27s,86.7761233,-10d37m49.16s,-10.6303217,62.5388,0.1782,-0.1773,7.98,0.03,-0.03,6.69,0.024,-0.024,7.85032,0.00029,-0.00029,1/23/20,2019-12,1/30/20
DMPP-2 b,DMPP-2,1,1,1,Radial Velocity,2019,Multiple Facilities,Published Confirmed,0,<a refstr=HASWELL_ET_AL__2020 href=https://ui.adsabs.harvard.edu/abs/2020NatAs...4..408H/abstract target=ref>Haswell et al. 2020</a>,5.2072,0.0002,-0.0055,0,0.0664,0.0005,-0.0005,0,,,,,,,,,138.89171,9.5349,-18.75197,0,0.437,0.03,-0.059,0,Msini,0.078,,,0,,,,,1000,,,0,0,<a refstr=HASWELL_ET_AL__2020 href=https://ui.adsabs.harvard.edu/abs/2020NatAs...4..408H/abstract target=ref>Haswell et al. 2020</a>,F5 V,6500,100,-100,0,1.78,0.09,-0.09,0,1.44,0.03,-0.03,0,,,,,,4.1,0.04,-0.04,0,<a refstr=STASSUN_ET_AL__2019 href=https://ui.adsabs.harvard.edu/abs/2019AJ....158..138S/abstract target=ref>TICv8</a>,01h49m37.86s,27.407731,-34d27m32.75s,-34.4590985,137.94,0.681,-0.675,8.57,0.03,-0.03,7.437,0.026,-0.026,8.45824,0.000266,-0.000266,1/23/20,2019-12,1/30/20
DMPP-3 A b,DMPP-3 A,1,2,1,Radial Velocity,2019,La Silla Observatory,Published Confirmed,0,<a refstr=BARNES_ET_AL__2020 href=https://ui.adsabs.harvard.edu/abs/2020NatAs...4..419B/abstract target=ref>Barnes et al. 2020</a>,6.6732,0.0011,-0.0003,0,0.0662,0.0013,-0.0013,0,,,,,,,,,2.58,0.35,-0.58,0,0.00811755,0.00110122,-0.00182487,0,Msini,0.14,0.091,-0.053,0,,,,,854,,,0,0,<a refstr=BARNES_ET_AL__2020 href=https://ui.adsabs.harvard.edu/abs/2020NatAs...4..419B/abstract target=ref>Barnes et al. 2020</a>,K0 V,5138,99,-99,0,0.91,0.02,-0.02,0,0.87,0.05,-0.05,0,0.18,0.09,-0.09,0,[Fe/H],4.3,0.51,-0.51,0,<a refstr=HIPPARCOS_AND_TYCHO_CATALOGS href=https://ui.adsabs.harvard.edu/abs/1997HIP...C......0E/abstract target=ref> Hipparcos and Tycho Catalogs </a>,06h06m29.85s,91.624382,-72d30m45.6s,-72.5126648,45.23,1.6,-1.72,,,,,,,,,,1/23/20,2019-12,1/30/20
DMPP-3 A b,DMPP-3 A,0,2,1,Radial Velocity,2019,La Silla Observatory,Published Confirmed,0,<a refstr=BARNES_ET_AL__2020 href=https://ui.adsabs.harvard.edu/abs/2020NatAs...4..419B/abstract target=ref>Barnes et al. 2020</a>,6.6736,,,0,0.0662,0.0013,-0.0013,0,,,,,,,,,2.58,0.35,-0.58,0,0.00811755,0.00110122,-0.00182487,0,Msini,0,,,0,,,,,854,,,0,0,<a refstr=STASSUN_ET_AL__2019 href=https://ui.adsabs.harvard.edu/abs/2019AJ....158..138S/abstract target=ref>TICv8</a>,,,,,,,,,,,,,,,,,,,,,,,<a refstr=HIPPARCOS_AND_TYCHO_CATALOGS href=https://ui.adsabs.harvard.edu/abs/1997HIP...C......0E/abstract target=ref> Hipparcos and Tycho Catalogs </a>,06h06m29.85s,91.624382,-72d30m45.6s,-72.5126648,45.23,1.6,-1.72,,,,,,,,,,1/23/20,2019-12,1/30/20
DS Tuc A b,DS Tuc A,0,2,1,Transit,2019,Transiting Exoplanet Survey Satellite (TESS),Published Confirmed,0,<a refstr=BENATTI_ET_AL__2019 href=https://ui.adsabs.harvard.edu/abs/2019A&A...630A..81B/abstract target=ref>Benatti et al. 2019</a>,8.1387,0.0005,-0.0005,0,,,,,5.63,0.22,-0.21,0,0.5,0.02,-0.02,0,413.179,,,1,1.3,,,1,Mass,,,,,,,,,,,,,0,<a refstr=BENATTI_ET_AL__2019 href=https://ui.adsabs.harvard.edu/abs/2019A&A...630A..81B/abstract target=ref>Benatti et al. 2019</a>,G6 V,5542,21,-21,0,0.872,0.027,-0.027,0,0.959,0.031,-0.031,0,-0.08,0.06,-0.06,0,[Fe/H],4.6,0.15,-0.15,0,<a refstr=STASSUN_ET_AL__2019 href=https://ui.adsabs.harvard.edu/abs/2019AJ....158..138S/abstract target=ref>TICv8</a>,23h39m39.71s,354.9154673,-69d11m45.75s,-69.196043,44.0622,0.0693,-0.0691,8.17,0.03,-0.03,6.676,0.034,-0.034,8.31926,0.001025,-0.001025,8/9/19,2019-10,8/15/19
DS Tuc A b,DS Tuc A,1,2,1,Transit,2019,Transiting Exoplanet Survey Satellite (TESS),Published Confirmed,0,<a refstr=NEWTON_ET_AL__2019 href=https://ui.adsabs.harvard.edu/abs/2019ApJ...880L..17N/abstract target=ref>Newton et al. 2019</a>,8.138268,0.000011,-0.000011,0,,,,,5.7,0.17,-0.17,0,0.50851994,0.01516638,-0.01516638,0,,,,,,,,,,0,,,0,,,,,850,,,0,0,<a refstr=NEWTON_ET_AL__2019 href=https://ui.adsabs.harvard.edu/abs/2019ApJ...880L..17N/abstract target=ref>Newton et al. 2019</a>,G6 V,5428,80,-80,0,0.964,0.029,-0.029,0,1.01,0.06,-0.06,0,0,,,0,,,,,,<a refstr=STASSUN_ET_AL__2019 href=https://ui.adsabs.harvard.edu/abs/2019AJ....158..138S/abstract target=ref>TICv8</a>,23h39m39.71s,354.9154673,-69d11m45.75s,-69.196043,44.0622,0.0693,-0.0691,8.17,0.03,-0.03,6.676,0.034,-0.034,8.31926,0.001025,-0.001025,7/3/19,2019-07,7/11/19
DS Tuc A b,DS Tuc A,0,2,1,Transit,2019,Transiting Exoplanet Survey Satellite (TESS),TESS Project Candidate,0,<a refstr=EXOFOP_TESS_TOI href=https://exofop.ipac.caltech.edu/tess/view_toi.php target=ref>ExoFOP-TESS TOI</a>,8.138222177,3.04122E-06,-3.04122E-06,0,,,,,6.17576816,0.47273856,-0.47273856,0,0.55096608,0.04217498,-0.04217498,0,,,,,,,,,,,,,,115.8276,,,0,836.71,,,0,0,<a refstr=EXOFOP_TESS_TOI href=https://exofop.ipac.caltech.edu/tess/view_toi.php target=ref>ExoFOP-TESS TOI</a>,,5414,161,-161,0,0.951985,0.070578,-0.070578,0,,,,,,,,,,4.438,,,0,<a refstr=STASSUN_ET_AL__2019 href=https://ui.adsabs.harvard.edu/abs/2019AJ....158..138S/abstract target=ref>TICv8</a>,23h39m39.71s,354.9154673,-69d11m45.75s,-69.196043,44.0622,0.0693,-0.0691,8.17,0.03,-0.03,6.676,0.034,-0.034,8.31926,0.001025,-0.001025,9/16/24,2017-07,9/16/24
EPIC 201238110 b,EPIC 201238110,0,1,1,Transit,2019,K2,Published Candidate,0,<a refstr=KRUSE_ET_AL__2019 href=https://ui.adsabs.harvard.edu/abs/2019ApJS..244...11K/abstract target=ref>Kruse et al. 2019</a>,28.1696,0.0038,-0.0043,0,,,,,2.2,0.54,-0.3,0,0.2,0.048,-0.03,0,,,,,,,,,,,,,,,,,,,,,,0,<a refstr=KRUSE_ET_AL__2019 href=https://ui.adsabs.harvard.edu/abs/2019ApJS..244...11K/abstract target=ref>Kruse et al. 2019</a>,,,,,,0.374,0.089,-0.035,0,,,,,,,,,,,,,,<a refstr=STASSUN_ET_AL__2019 href=https://ui.adsabs.harvard.edu/abs/2019AJ....158..138S/abstract target=ref>TICv8</a>,11h58m49.40s,179.7058532,-03d23m22.06s,-3.3894613,159.259,1.414,-1.39,16.014,1.133,-1.133,11.933,0.024,-0.024,15.2612,0.000501,-0.000501,9/5/19,2019-09,9/5/19
EPIC 201238110 b,EPIC 201238110,1,1,1,Transit,2019,K2,Published Confirmed,0,<a refstr=HELLER_ET_AL__2019 href=https://ui.adsabs.harvard.edu/abs/2019A&A...627A..66H/abstract target=ref>Heller et al. 2019</a>,28.1656,0.0027,-0.0028,0,,,,,1.87,0.2,-0.45,0,0.16683023,0.0178428,-0.04014631,0,,,,,,,,,,,,,,,,,,,,,,0,<a refstr=HELLER_ET_AL__2019 href=https://ui.adsabs.harvard.edu/abs/2019A&A...627A..66H/abstract target=ref>Heller et al. 2019</a>,,,,,,,,,,0.41,0.112,-0.048,0,,,,,,,,,,<a refstr=STASSUN_ET_AL__2019 href=https://ui.adsabs.harvard.edu/abs/2019AJ....158..138S/abstract target=ref>TICv8</a>,11h58m49.40s,179.7058532,-03d23m22.06s,-3.3894613,159.259,1.414,-1.39,16.014,1.133,-1.133,11.933,0.024,-0.024,15.2612,0.000501,-0.000501,6/3/19,2019-07,6/13/19
EPIC 201497682 b,EPIC 201497682,1,1,1,Transit,2019,K2,Published Confirmed,0,<a refstr=HELLER_ET_AL__2019 href=https://ui.adsabs.harvard.edu/abs/2019A&A...627A..66H/abstract target=ref>Heller et al. 2019</a>,2.13174,0.00022,-0.00022,0,,,,,0.692,0.059,-0.048,0,0.0617361,0.00526363,-0.00428227,0,,,,,,,,,,,,,,,,,,,,,,0,<a refstr=HELLER_ET_AL__2019 href=https://ui.adsabs.harvard.edu/abs/2019A&A...627A..66H/abstract target=ref>Heller et al. 2019</a>,,,,,,,,,,0.78,0.085,-0.17,0,,,,,,,,,,<a refstr=STASSUN_ET_AL__2019 href=https://ui.adsabs.harvard.edu/abs/2019AJ....158..138S/abstract target=ref>TICv8</a>,11h15m44.80s,168.9366786,+00d29m17.02s,0.4880606,253.026,1.664,-1.664,13.948,0.183,-0.183,11.438,0.026,-0.026,13.7368,0.000323,-0.000323,6/3/19,2019-07,6/13/19
EPIC 201615463 c,K2-166,1,1,2,Transit,2019,K2,Published Confirmed,0,<a refstr=HELLER_ET_AL__2019 href=https://ui.adsabs.harvard.edu/abs/2019A&A...627A..66H/abstract target=ref>Heller et al. 2019</a>,3.80464,0.00091,-0.00105,0,,,,,1.22,0.21,-0.17,0,0.10884111,0.01873495,-0.01516638,0,,,,,,,,,,,,,,,,,,,,,,0,<a refstr=HELLER_ET_AL__2019 href=https://ui.adsabs.harvard.edu/abs/2019A&A...627A..66H/abstract target=ref>Heller et al. 2019</a>,,,,,,,,,,1.073,0.034,-0.034,0,,,,,,,,,,<a refstr=STASSUN_ET_AL__2019 href=https://ui.adsabs.harvard.edu/abs/2019AJ....158..138S/abstract target=ref>TICv8</a>,12h20m45.14s,185.1880932,+02d16m56.56s,2.2823788,476.882,9.692,-9.321,12.081,0.046,-0.046,10.637,0.022,-0.022,11.9456,0.000236,-0.000236,6/3/19,2019-07,6/13/19
EPIC 201754305 d,K2-16,1,1,3,Transit,2019,K2,Published Confirmed,0,<a refstr=HELLER_ET_AL__2019 href=https://ui.adsabs.harvard.edu/abs/2019A&A...627A..66H/abstract target=ref>Heller et al. 2019</a>,2.71578,0.00031,-0.00031,0,,,,,1.03,0.085,-0.086,0,0.09189045,0.00758319,-0.00767241,0,,,,,,,,,,,,,,,,,,,,,,0,<a refstr=HELLER_ET_AL__2019 href=https://ui.adsabs.harvard.edu/abs/2019A&A...627A..66H/abstract target=ref>Heller et al. 2019</a>,,,,,,,,,,0.67,0.03,-0.04,0,,,,,,,,,,<a refstr=STASSUN_ET_AL__2019 href=https://ui.adsabs.harvard.edu/abs/2019AJ....158..138S/abstract target=ref>TICv8</a>,11h40m23.33s,175.0972238,+04d33m26.75s,4.5574311,334.967,4.1785,-4.1785,14.668,0.137,-0.137,12.087,0.023,-0.023,14.3234,0.000359,-0.000359,6/3/19,2019-07,6/13/19
EPIC 201833600 c,K2-50,0,1,2,Transit,2019,K2,Published Candidate,0,<a refstr=KRUSE_ET_AL__2019 href=https://ui.adsabs.harvard.edu/abs/2019ApJS..244...11K/abstract target=ref>Kruse et al. 2019</a>,3.96165,0.00035,-0.00034,0,,,,,1.48,0.14,-0.21,0,0.132,0.012,-0.019,0,,,,,,,,,,,,,,,,,,,,,,0,<a refstr=KRUSE_ET_AL__2019 href=https://ui.adsabs.harvard.edu/abs/2019ApJS..244...11K/abstract target=ref>Kruse et al. 2019</a>,,,,,,0.634,0.039,-0.045,0,,,,,,,,,,,,,,<a refstr=STASSUN_ET_AL__2019 href=https://ui.adsabs.harvard.edu/abs/2019AJ....158..138S/abstract target=ref>TICv8</a>,11h17m56.08s,169.483654,+05d59m17.84s,5.988289,257.443,3.239,-3.239,14.705,0.16,-0.16,11.664,0.023,-0.023,14.2575,0.000513,-0.000513,9/5/19,2019-09,9/5/19
EPIC 201833600 c,K2-50,1,1,2,Transit,2019,K2,Published Confirmed,0,<a refstr=HELLER_ET_AL__2019 href=https://ui.adsabs.harvard.edu/abs/2019A&A...627A..66H/abstract target=ref>Heller et al. 2019</a>,3.96151,0.00046,-0.00051,0,,,,,1,0.12,-0.11,0,0.08921402,0.01070568,-0.00981354,0,,,,,,,,,,,,,,,,,,,,,,0,<a refstr=HELLER_ET_AL__2019 href=https://ui.adsabs.harvard.edu/abs/2019A&A...627A..66H/abstract target=ref>Heller et al. 2019</a>,,,,,,,,,,0.611,0.056,-0.056,0,,,,,,,,,,<a refstr=STASSUN_ET_AL__2019 href=https://ui.adsabs.harvard.edu/abs/2019AJ....158..138S/abstract target=ref>TICv8</a>,11h17m56.08s,169.483654,+05d59m17.84s,5.988289,257.443,3.239,-3.239,14.705,0.16,-0.16,11.664,0.023,-0.023,14.2575,0.000513,-0.000513,6/3/19,2019-07,6/13/19
EPIC 201841433 b,EPIC 201841433,0,1,1,Transit,2019,K2,Published Confirmed,0,<a refstr=HELLER_ET_AL__2019 href=https://ui.adsabs.harvard.edu/abs/2019A&A...627A..66H/abstract target=ref>Heller et al. 2019</a>,4.16959,0.00051,-0.00053,0,,,,,1.1,0.14,-0.12,0,0.09813543,0.01248996,-0.01070568,0,,,,,,,,,,,,,,,,,,,,,,0,<a refstr=HELLER_ET_AL__2019 href=https://ui.adsabs.harvard.edu/abs/2019A&A...627A..66H/abstract target=ref>Heller et al. 2019</a>,,,,,,,,,,0.802,0.081,-0.163,0,,,,,,,,,,<a refstr=STASSUN_ET_AL__2019 href=https://ui.adsabs.harvard.edu/abs/2019AJ....158..138S/abstract target=ref>TICv8</a>,11h40m49.62s,175.206752,+06d08m05.33s,6.1348146,436.488,8.178001,-7.888,14.983,0.114,-0.114,12.454,0.03,-0.03,14.5885,0.00051,-0.00051,11/13/20,2019-07,6/13/19
EPIC 201841433 b,EPIC 201841433,0,1,1,Transit,2019,K2,Published Candidate,0,<a refstr=KRUSE_ET_AL__2019 href=https://ui.adsabs.harvard.edu/abs/2019ApJS..244...11K/abstract target=ref>Kruse et al. 2019</a>,4.16888,0.0005,-0.00056,0,,,,,1.41,0.15,-0.34,0,0.126,0.013,-0.03,0,,,,,,,,,,,,,,,,,,,,,,0,<a refstr=KRUSE_ET_AL__2019 href=https://ui.adsabs.harvard.edu/abs/2019ApJS..244...11K/abstract target=ref>Kruse et al. 2019</a>,,,,,,0.628,0.025,-0.043,0,,,,,,,,,,,,,,<a refstr=STASSUN_ET_AL__2019 href=https://ui.adsabs.harvard.edu/abs/2019AJ....158..138S/abstract target=ref>TICv8</a>,11h40m49.62s,175.206752,+06d08m05.33s,6.1348146,436.488,8.178001,-7.888,14.983,0.114,-0.114,12.454,0.03,-0.03,14.5885,0.00051,-0.00051,9/5/19,2019-09,9/5/19
EPIC 201841433 b,EPIC 201841433,1,1,1,Transit,2019,K2,Published Confirmed,0,<a refstr=DEL_SER__AMP__FORS_2020 href=https://ui.adsabs.harvard.edu/abs/2020MNRAS.498.2778D/abstract target=ref>del Ser &amp; Fors 2020</a>,4.1698,0.0001,-0.0001,0,0.035,0.0009,-0.001,0,1.04,0.037,-0.032,0,0.09278259,0.00330092,-0.00285485,0,,,,,,,,,,,,,,,,,,,,,,0,<a refstr=DEL_SER__AMP__FORS_2020 href=https://ui.adsabs.harvard.edu/abs/2020MNRAS.498.2778D/abstract target=ref>del Ser &amp; Fors 2020</a>,,5053,103,-166,0,0.628461,0.04342,-0.024858,0,0.802,0.081,-0.163,0,0,,,0,[Fe/H],4.595,0.05,-2.86,0,<a refstr=STASSUN_ET_AL__2019 href=https://ui.adsabs.harvard.edu/abs/2019AJ....158..138S/abstract target=ref>TICv8</a>,11h40m49.62s,175.206752,+06d08m05.33s,6.1348146,436.488,8.178001,-7.888,14.983,0.114,-0.114,12.454,0.03,-0.03,14.5885,0.00051,-0.00051,11/13/20,2020-08,11/19/20
EPIC 205950854 c,K2-168,1,1,2,Transit,2019,K2,Published Confirmed,0,<a refstr=HEDGES_ET_AL__2019 href=https://ui.adsabs.harvard.edu/abs/2019ApJ...880L...5H/abstract target=ref>Hedges et al. 2019</a>,8.050722,0.000075,-0.000038,0,,,,,1.31,0.144,-0.063,0,0.11687037,0.01284682,-0.00562048,0,,,,,,,,,,,,,,,,,,960.6,20.5,-10.2,0,0,<a refstr=HEDGES_ET_AL__2019 href=https://ui.adsabs.harvard.edu/abs/2019ApJ...880L...5H/abstract target=ref>Hedges et al. 2019</a>,,5502.7,101,-50.5,0,0.83,0.087,-0.043,0,0.877,0.06,-0.029,0,,,,,,,,,,<a refstr=STASSUN_ET_AL__2019 href=https://ui.adsabs.harvard.edu/abs/2019AJ....158..138S/abstract target=ref>TICv8</a>,22h12m26.42s,333.1100738,-16d20m30.79s,-16.3418863,243.935,4.239,-4.099,12.365,0.069,-0.069,10.549,0.024,-0.024,12.0976,0.000305,-0.000305,8/9/19,2019-07,8/15/19
EPIC 205950854 c,K2-168,0,1,2,Transit,2019,K2,Published Confirmed,0,<a refstr=HELLER_ET_AL__2019 href=https://ui.adsabs.harvard.edu/abs/2019A&A...627A..66H/abstract target=ref>Heller et al. 2019</a>,8.0468,0.0024,-0.0025,0,,,,,1.18,0.13,-0.1,0,0.10527255,0.01159782,-0.0089214,0,,,,,,,,,,,,,,,,,,,,,,0,<a refstr=HELLER_ET_AL__2019 href=https://ui.adsabs.harvard.edu/abs/2019A&A...627A..66H/abstract target=ref>Heller et al. 2019</a>,,,,,,,,,,0.907,0.032,-0.029,0,,,,,,,,,,<a refstr=STASSUN_ET_AL__2019 href=https://ui.adsabs.harvard.edu/abs/2019AJ....158..138S/abstract target=ref>TICv8</a>,22h12m26.42s,333.1100738,-16d20m30.79s,-16.3418863,243.935,4.239,-4.099,12.365,0.069,-0.069,10.549,0.024,-0.024,12.0976,0.000305,-0.000305,8/9/19,2019-07,6/13/19
EPIC 205950854 c,K2-168,0,1,2,Transit,2019,K2,Published Candidate,0,<a refstr=KRUSE_ET_AL__2019 href=https://ui.adsabs.harvard.edu/abs/2019ApJS..244...11K/abstract target=ref>Kruse et al. 2019</a>,8.0516,0.0012,-0.0011,0,,,,,1.62,0.16,-0.38,0,0.145,0.014,-0.034,0,,,,,,,,,,,,,,,,,,,,,,0,<a refstr=KRUSE_ET_AL__2019 href=https://ui.adsabs.harvard.edu/abs/2019ApJS..244...11K/abstract target=ref>Kruse et al. 2019</a>,,,,,,0.904,0.037,-0.013,0,,,,,,,,,,,,,,<a refstr=STASSUN_ET_AL__2019 href=https://ui.adsabs.harvard.edu/abs/2019AJ....158..138S/abstract target=ref>TICv8</a>,22h12m26.42s,333.1100738,-16d20m30.79s,-16.3418863,243.935,4.239,-4.099,12.365,0.069,-0.069,10.549,0.024,-0.024,12.0976,0.000305,-0.000305,9/5/19,2019-09,9/5/19
EPIC 206024342 b,EPIC 206024342,1,1,3,Transit,2019,K2,Published Confirmed,0,<a refstr=HELLER_ET_AL__2019 href=https://ui.adsabs.harvard.edu/abs/2019A&A...627A..66H/abstract target=ref>Heller et al. 2019</a>,4.50756,0.00062,-0.0006,0,,,,,1.7,0.59,-0.31,0,0.15166384,0.05263627,-0.02765635,0,,,,,,,,,,,,,,,,,,,,,,0,<a refstr=HELLER_ET_AL__2019 href=https://ui.adsabs.harvard.edu/abs/2019A&A...627A..66H/abstract target=ref>Heller et al. 2019</a>,,,,,,,,,,0.928,0.082,-0.098,0,,,,,,,,,,<a refstr=STASSUN_ET_AL__2019 href=https://ui.adsabs.harvard.edu/abs/2019AJ....158..138S/abstract target=ref>TICv8</a>,22h05m06.51s,331.2771441,-14d07m18.49s,-14.1218019,369.888,4.99,-4.86,13.096,0.08,-0.08,11.487,0.023,-0.023,12.9682,0.000384,-0.000384,6/3/19,2019-07,6/13/19
EPIC 206024342 b,EPIC 206024342,0,1,3,Transit,2019,K2,Published Candidate,0,<a refstr=KRUSE_ET_AL__2019 href=https://ui.adsabs.harvard.edu/abs/2019ApJS..244...11K/abstract target=ref>Kruse et al. 2019</a>,4.50717,0.00042,-0.00041,0,,,,,1.44,0.2,-0.18,0,0.128,0.02,-0.016,0,,,,,,,,,,,,,,,,,,,,,,0,<a refstr=KRUSE_ET_AL__2019 href=https://ui.adsabs.harvard.edu/abs/2019ApJS..244...11K/abstract target=ref>Kruse et al. 2019</a>,,,,,,0.823,0.1,-0.042,0,,,,,,,,,,,,,,<a refstr=STASSUN_ET_AL__2019 href=https://ui.adsabs.harvard.edu/abs/2019AJ....158..138S/abstract target=ref>TICv8</a>,22h05m06.51s,331.2771441,-14d07m18.49s,-14.1218019,369.888,4.99,-4.86,13.096,0.08,-0.08,11.487,0.023,-0.023,12.9682,0.000384,-0.000384,9/5/19,2019-09,9/5/19
EPIC 206032309 b,EPIC 206032309,1,1,1,Transit,2019,K2,Published Confirmed,0,<a refstr=HELLER_ET_AL__2019 href=https://ui.adsabs.harvard.edu/abs/2019A&A...627A..66H/abstract target=ref>Heller et al. 2019</a>,2.87814,0.00023,-0.00026,0,,,,,1.01,0.24,-0.13,0,0.09010616,0.02141137,-0.01159782,0,,,,,,,,,,,,,,,,,,,,,,0,<a refstr=HELLER_ET_AL__2019 href=https://ui.adsabs.harvard.edu/abs/2019A&A...627A..66H/abstract target=ref>Heller et al. 2019</a>,,,,,,,,,,0.221,0.035,-0.062,0,,,,,,,,,,<a refstr=STASSUN_ET_AL__2019 href=https://ui.adsabs.harvard.edu/abs/2019AJ....158..138S/abstract target=ref>TICv8</a>,22h44m57.71s,341.2404563,-13d54m04.04s,-13.9011223,161.365,1.793,-1.793,17.89,0.2,-0.2,12.538,0.026,-0.026,16.0689,0.00107,-0.00107,6/3/19,2019-07,6/13/19
EPIC 206042996 b,EPIC 206042996,0,1,2,Transit,2019,K2,Published Confirmed,0,<a refstr=HELLER_ET_AL__2019 href=https://ui.adsabs.harvard.edu/abs/2019A&A...627A..66H/abstract target=ref>Heller et al. 2019</a>,5.29711,0.00074,-0.0007,0,,,,,1.62,0.17,-0.19,0,0.14452672,0.01516638,-0.01695066,0,,,,,,,,,,,,,,,,,,,,,,0,<a refstr=HELLER_ET_AL__2019 href=https://ui.adsabs.harvard.edu/abs/2019A&A...627A..66H/abstract target=ref>Heller et al. 2019</a>,,,,,,,,,,0.565,0.053,-0.053,0,,,,,,,,,,<a refstr=STASSUN_ET_AL__2019 href=https://ui.adsabs.harvard.edu/abs/2019AJ....158..138S/abstract target=ref>TICv8</a>,22h30m03.27s,337.5136198,-13d36m36.53s,-13.6101475,451.769,13.976,-13.176,16.59,1.133,-1.133,13.071,0.033,-0.033,15.9752,0.000969,-0.000969,6/3/19,2019-07,6/13/19
EPIC 206042996 b,EPIC 206042996,1,1,2,Transit,2019,K2,Published Confirmed,0,<a refstr=ADAMS_ET_AL__2021 href=https://ui.adsabs.harvard.edu/abs/2021PSJ.....2..152A/abstract target=ref>Adams et al. 2021</a>,5.2986,0.0006,-0.0006,0,,,,,1.7,0.2,-0.2,0,0.1516641,0.01784284,-0.01784284,0,,,,,,,,,,,,,,,,,,,,,,0,<a refstr=ADAMS_ET_AL__2021 href=https://ui.adsabs.harvard.edu/abs/2021PSJ.....2..152A/abstract target=ref>Adams et al. 2021</a>,,4114,99,-99,0,0.5,0.04,-0.04,0,,,,,0.006,0.12,-0.12,0,[Fe/H],4.8,0.05,-0.05,0,<a refstr=STASSUN_ET_AL__2019 href=https://ui.adsabs.harvard.edu/abs/2019AJ....158..138S/abstract target=ref>TICv8</a>,22h30m03.27s,337.5136198,-13d36m36.53s,-13.6101475,451.769,13.976,-13.176,16.59,1.133,-1.133,13.071,0.033,-0.033,15.9752,0.000969,-0.000969,3/28/22,2021-08,3/28/22
EPIC 206042996 b,EPIC 206042996,0,1,2,Transit,2019,K2,Published Candidate,0,<a refstr=KRUSE_ET_AL__2019 href=https://ui.adsabs.harvard.edu/abs/2019ApJS..244...11K/abstract target=ref>Kruse et al. 2019</a>,5.29853,0.0008,-0.00094,0,,,,,3.32,0.62,-2.63,0,0.296,0.055,-0.235,0,,,,,,,,,,,,,,,,,,,,,,0,<a refstr=KRUSE_ET_AL__2019 href=https://ui.adsabs.harvard.edu/abs/2019ApJS..244...11K/abstract target=ref>Kruse et al. 2019</a>,,,,,,0.668,0.07,-0.035,0,,,,,,,,,,,,,,<a refstr=STASSUN_ET_AL__2019 href=https://ui.adsabs.harvard.edu/abs/2019AJ....158..138S/abstract target=ref>TICv8</a>,22h30m03.27s,337.5136198,-13d36m36.53s,-13.6101475,451.769,13.976,-13.176,16.59,1.133,-1.133,13.071,0.033,-0.033,15.9752,0.000969,-0.000969,9/5/19,2019-09,9/5/19
EPIC 206215704 b,EPIC 206215704,0,1,1,Transit,2019,K2,Published Candidate,0,<a refstr=KRUSE_ET_AL__2019 href=https://ui.adsabs.harvard.edu/abs/2019ApJS..244...11K/abstract target=ref>Kruse et al. 2019</a>,2.25558,0.00016,-0.00015,0,,,,,2,0.45,-0.54,0,0.2,0.04,-0.048,0,,,,,,,,,,,,,,,,,,,,,,0,<a refstr=KRUSE_ET_AL__2019 href=https://ui.adsabs.harvard.edu/abs/2019ApJS..244...11K/abstract target=ref>Kruse et al. 2019</a>,,,,,,0.367,0.076,-0.07,0,,,,,,,,,,,,,,<a refstr=STASSUN_ET_AL__2019 href=https://ui.adsabs.harvard.edu/abs/2019AJ....158..138S/abstract target=ref>TICv8</a>,22h20m22.79s,335.0949721,-09d30m34.96s,-9.5097112,109.888,1.08,-1.08,17.83,0.2,-0.2,12.767,0.029,-0.029,16.1722,0.000979,-0.000979,9/5/19,2019-09,9/5/19
EPIC 206215704 b,EPIC 206215704,1,1,1,Transit,2019,K2,Published Confirmed,0,<a refstr=ADAMS_ET_AL__2021 href=https://ui.adsabs.harvard.edu/abs/2021PSJ.....2..152A/abstract target=ref>Adams et al. 2021</a>,2.255436,0.000091,-0.000091,0,,,,,1,0.1,-0.09,0,0.08921418,0.00892142,-0.00802928,0,,,,,,,,,,,,,,,,,,,,,,0,<a refstr=ADAMS_ET_AL__2021 href=https://ui.adsabs.harvard.edu/abs/2021PSJ.....2..152A/abstract target=ref>Adams et al. 2021</a>,,3297,73,-73,0,0.25,0.01,-0.01,0,,,,,-0.33,0.093,-0.093,0,[Fe/H],4.9,0.08,-0.08,0,<a refstr=STASSUN_ET_AL__2019 href=https://ui.adsabs.harvard.edu/abs/2019AJ....158..138S/abstract target=ref>TICv8</a>,22h20m22.79s,335.0949721,-09d30m34.96s,-9.5097112,109.888,1.08,-1.08,17.83,0.2,-0.2,12.767,0.029,-0.029,16.1722,0.000979,-0.000979,3/28/22,2021-08,3/28/22
EPIC 206215704 b,EPIC 206215704,0,1,1,Transit,2019,K2,Published Confirmed,0,<a refstr=HELLER_ET_AL__2019 href=https://ui.adsabs.harvard.edu/abs/2019A&A...627A..66H/abstract target=ref>Heller et al. 2019</a>,2.25372,0.00047,-0.00047,0,,,,,0.9,0.19,-0.2,0,0.08029262,0.01695066,-0.0178428,0,,,,,,,,,,,,,,,,,,,,,,0,<a refstr=HELLER_ET_AL__2019 href=https://ui.adsabs.harvard.edu/abs/2019A&A...627A..66H/abstract target=ref>Heller et al. 2019</a>,,,,,,,,,,0.407,0.095,-0.079,0,,,,,,,,,,<a refstr=STASSUN_ET_AL__2019 href=https://ui.adsabs.harvard.edu/abs/2019AJ....158..138S/abstract target=ref>TICv8</a>,22h20m22.79s,335.0949721,-09d30m34.96s,-9.5097112,109.888,1.08,-1.08,17.83,0.2,-0.2,12.767,0.029,-0.029,16.1722,0.000979,-0.000979,6/3/19,2019-07,6/13/19
EPIC 206317286 b,EPIC 206317286,0,1,2,Transit,2019,K2,Published Candidate,0,<a refstr=KRUSE_ET_AL__2019 href=https://ui.adsabs.harvard.edu/abs/2019ApJS..244...11K/abstract target=ref>Kruse et al. 2019</a>,1.58316,0.00013,-0.00013,0,,,,,1.22,0.12,-0.19,0,0.109,0.011,-0.017,0,,,,,,,,,,,,,,,,,,,,,,0,<a refstr=KRUSE_ET_AL__2019 href=https://ui.adsabs.harvard.edu/abs/2019ApJS..244...11K/abstract target=ref>Kruse et al. 2019</a>,,,,,,0.669,0.037,-0.05,0,,,,,,,,,,,,,,<a refstr=STASSUN_ET_AL__2019 href=https://ui.adsabs.harvard.edu/abs/2019AJ....158..138S/abstract target=ref>TICv8</a>,22h30m28.28s,337.6178427,-07d58m20.84s,-7.972456,314.35,2.936,-2.882,14.005,0.08,-0.08,11.635,0.025,-0.025,13.774,0.000299,-0.000299,9/5/19,2019-09,9/5/19
EPIC 206317286 b,EPIC 206317286,1,1,2,Transit,2019,K2,Published Confirmed,0,<a refstr=HELLER_ET_AL__2019 href=https://ui.adsabs.harvard.edu/abs/2019A&A...627A..66H/abstract target=ref>Heller et al. 2019</a>,1.58252,0.00017,-0.00018,0,,,,,0.96,0.11,-0.15,0,0.08564546,0.00981354,-0.0133821,0,,,,,,,,,,,,,,,,,,,,,,0,<a refstr=HELLER_ET_AL__2019 href=https://ui.adsabs.harvard.edu/abs/2019A&A...627A..66H/abstract target=ref>Heller et al. 2019</a>,,,,,,,,,,0.711,0.09,-0.025,0,,,,,,,,,,<a refstr=STASSUN_ET_AL__2019 href=https://ui.adsabs.harvard.edu/abs/2019AJ....158..138S/abstract target=ref>TICv8</a>,22h30m28.28s,337.6178427,-07d58m20.84s,-7.972456,314.35,2.936,-2.882,14.005,0.08,-0.08,11.635,0.025,-0.025,13.774,0.000299,-0.000299,6/3/19,2019-07,6/13/19
EPIC 212297394 b,EPIC 212297394,0,1,2,Transit,2019,K2,Published Candidate,0,<a refstr=KRUSE_ET_AL__2019 href=https://ui.adsabs.harvard.edu/abs/2019ApJS..244...11K/abstract target=ref>Kruse et al. 2019</a>,2.28896,0.00025,-0.00024,0,,,,,1.83,0.18,-0.44,0,0.163,0.016,-0.039,0,,,,,,,,,,,,,,,,,,,,,,0,<a refstr=KRUSE_ET_AL__2019 href=https://ui.adsabs.harvard.edu/abs/2019ApJS..244...11K/abstract target=ref>Kruse et al. 2019</a>,,,,,,0.749,0.025,-0.01,0,,,,,,,,,,,,,,<a refstr=STASSUN_ET_AL__2019 href=https://ui.adsabs.harvard.edu/abs/2019AJ....158..138S/abstract target=ref>TICv8</a>,13h48m49.47s,207.2061241,-17d36m35.63s,-17.6098985,418.395,7.353,-7.107,14.611,0.114,-0.114,12.186,0.023,-0.023,14.1864,0.000391,-0.000391,9/5/19,2019-09,9/5/19
EPIC 212297394 b,EPIC 212297394,1,1,2,Transit,2019,K2,Published Confirmed,0,<a refstr=DE_LEON_ET_AL__2021 href=https://ui.adsabs.harvard.edu/abs/2021MNRAS.tmp.2120D/abstract target=ref>de Leon et al. 2021</a>,2.289363,0.000232,-0.000251,0,,,,,1.48,0.13,-0.11,0,0.13203698,0.01159784,-0.00981356,0,,,,,,,,,,,,,,,,,,1149,43,-44,0,0,<a refstr=DE_LEON_ET_AL__2021 href=https://ui.adsabs.harvard.edu/abs/2021MNRAS.tmp.2120D/abstract target=ref>de Leon et al. 2021</a>,,5171,172,-130,0,0.8,0.03,-0.03,0,0.83,0.05,-0.04,0,-0.03,0.15,-0.16,0,[Fe/H],4.55,0.03,-0.03,0,<a refstr=STASSUN_ET_AL__2019 href=https://ui.adsabs.harvard.edu/abs/2019AJ....158..138S/abstract target=ref>TICv8</a>,13h48m49.47s,207.2061241,-17d36m35.63s,-17.6098985,418.395,7.353,-7.107,14.611,0.114,-0.114,12.186,0.023,-0.023,14.1864,0.000391,-0.000391,8/30/21,2021-08,8/30/21
EPIC 212297394 b,EPIC 212297394,0,1,2,Transit,2019,K2,Published Confirmed,0,<a refstr=HELLER_ET_AL__2019 href=https://ui.adsabs.harvard.edu/abs/2019A&A...627A..66H/abstract target=ref>Heller et al. 2019</a>,2.28943,0.00019,-0.00019,0,,,,,1.323,0.081,-0.095,0,0.11803015,0.00722634,-0.00847533,0,,,,,,,,,,,,,,,,,,,,,,0,<a refstr=HELLER_ET_AL__2019 href=https://ui.adsabs.harvard.edu/abs/2019A&A...627A..66H/abstract target=ref>Heller et al. 2019</a>,,,,,,,,,,0.829,0.087,-0.121,0,,,,,,,,,,<a refstr=STASSUN_ET_AL__2019 href=https://ui.adsabs.harvard.edu/abs/2019AJ....158..138S/abstract target=ref>TICv8</a>,13h48m49.47s,207.2061241,-17d36m35.63s,-17.6098985,418.395,7.353,-7.107,14.611,0.114,-0.114,12.186,0.023,-0.023,14.1864,0.000391,-0.000391,6/3/19,2019-07,6/13/19
EPIC 212424622 b,EPIC 212424622,0,1,1,Transit,2019,K2,Published Candidate,0,<a refstr=KRUSE_ET_AL__2019 href=https://ui.adsabs.harvard.edu/abs/2019ApJS..244...11K/abstract target=ref>Kruse et al. 2019</a>,18.0971,0.0044,-0.0044,0,,,,,2.21,0.19,-0.43,0,0.197,0.017,-0.038,0,,,,,,,,,,,,,,,,,,,,,,0,<a refstr=KRUSE_ET_AL__2019 href=https://ui.adsabs.harvard.edu/abs/2019ApJS..244...11K/abstract target=ref>Kruse et al. 2019</a>,,,,,,1.2247,0.0049,-0.0469,0,,,,,,,,,,,,,,<a refstr=STASSUN_ET_AL__2019 href=https://ui.adsabs.harvard.edu/abs/2019AJ....158..138S/abstract target=ref>TICv8</a>,13h29m19.53s,202.3313765,-14d21m33.97s,-14.3594358,611.804,10.285,-9.956,13.441,0.103,-0.103,11.775,0.021,-0.021,13.2026,0.000413,-0.000413,9/5/19,2019-09,9/5/19
EPIC 212424622 b,EPIC 212424622,1,1,1,Transit,2019,K2,Published Confirmed,0,<a refstr=HELLER_ET_AL__2019 href=https://ui.adsabs.harvard.edu/abs/2019A&A...627A..66H/abstract target=ref>Heller et al. 2019</a>,18.0983,0.006,-0.0058,0,,,,,2.17,0.67,-0.42,0,0.19359443,0.0597734,-0.03746989,0,,,,,,,,,,,,,,,,,,,,,,0,<a refstr=HELLER_ET_AL__2019 href=https://ui.adsabs.harvard.edu/abs/2019A&A...627A..66H/abstract target=ref>Heller et al. 2019</a>,,,,,,,,,,1.106,0.145,-0.12,0,,,,,,,,,,<a refstr=STASSUN_ET_AL__2019 href=https://ui.adsabs.harvard.edu/abs/2019AJ....158..138S/abstract target=ref>TICv8</a>,13h29m19.53s,202.3313765,-14d21m33.97s,-14.3594358,611.804,10.285,-9.956,13.441,0.103,-0.103,11.775,0.021,-0.021,13.2026,0.000413,-0.000413,6/3/19,2019-07,6/13/19
EPIC 212499991 b,EPIC 212499991,1,1,1,Transit,2019,K2,Published Confirmed,0,<a refstr=HELLER_ET_AL__2019 href=https://ui.adsabs.harvard.edu/abs/2019A&A...627A..66H/abstract target=ref>Heller et al. 2019</a>,34.885,0.011,-0.01,0,,,,,1.6,0.13,-0.16,0,0.14274244,0.01159782,-0.01427424,0,,,,,,,,,,,,,,,,,,,,,,0,<a refstr=HELLER_ET_AL__2019 href=https://ui.adsabs.harvard.edu/abs/2019A&A...627A..66H/abstract target=ref>Heller et al. 2019</a>,,,,,,,,,,0.912,0.037,-0.162,0,,,,,,,,,,<a refstr=STASSUN_ET_AL__2019 href=https://ui.adsabs.harvard.edu/abs/2019AJ....158..138S/abstract target=ref>TICv8</a>,13h29m57.30s,202.488752,-12d44m05.19s,-12.7347749,283.29,2.043,-2.015,13.672,0.092,-0.092,11.366,0.023,-0.023,13.3118,0.00025,-0.00025,6/3/19,2019-07,6/13/19
EPIC 212587672 b,EPIC 212587672,1,1,2,Transit,2019,K2,Published Confirmed,0,<a refstr=DE_LEON_ET_AL__2021 href=https://ui.adsabs.harvard.edu/abs/2021MNRAS.tmp.2120D/abstract target=ref>de Leon et al. 2021</a>,15.28078,0.000121,-0.000116,0,,,,,1.26,0.11,-0.09,0,0.11240986,0.00981356,-0.00802928,0,,,,,,,,,,,,,,,,,,756,14,-15,0,0,<a refstr=DE_LEON_ET_AL__2021 href=https://ui.adsabs.harvard.edu/abs/2021MNRAS.tmp.2120D/abstract target=ref>de Leon et al. 2021</a>,,6004,77,-78,0,0.98,0.04,-0.03,0,0.99,0.03,-0.04,0,-0.18,0.06,-0.06,0,[Fe/H],4.45,0.03,-0.04,0,<a refstr=STASSUN_ET_AL__2019 href=https://ui.adsabs.harvard.edu/abs/2019AJ....158..138S/abstract target=ref>TICv8</a>,13h41m46.68s,205.4445125,-10d51m45.17s,-10.8625468,320.07,6.392,-6.152,12.488,0.044,-0.044,10.857,0.021,-0.021,12.2038,0.000255,-0.000255,8/30/21,2021-08,8/30/21
EPIC 212587672 b,EPIC 212587672,0,1,2,Transit,2019,K2,Published Confirmed,0,<a refstr=HELLER_ET_AL__2019 href=https://ui.adsabs.harvard.edu/abs/2019A&A...627A..66H/abstract target=ref>Heller et al. 2019</a>,15.2841,0.0037,-0.0029,0,,,,,1.12,0.12,-0.09,0,0.09991971,0.01070568,-0.00802926,0,,,,,,,,,,,,,,,,,,,,,,0,<a refstr=HELLER_ET_AL__2019 href=https://ui.adsabs.harvard.edu/abs/2019A&A...627A..66H/abstract target=ref>Heller et al. 2019</a>,,,,,,,,,,0.95,0.04,-0.04,0,,,,,,,,,,<a refstr=STASSUN_ET_AL__2019 href=https://ui.adsabs.harvard.edu/abs/2019AJ....158..138S/abstract target=ref>TICv8</a>,13h41m46.68s,205.4445125,-10d51m45.17s,-10.8625468,320.07,6.392,-6.152,12.488,0.044,-0.044,10.857,0.021,-0.021,12.2038,0.000255,-0.000255,6/3/19,2019-07,6/13/19
EPIC 212587672 b,EPIC 212587672,0,1,2,Transit,2019,K2,Published Candidate,0,<a refstr=KRUSE_ET_AL__2019 href=https://ui.adsabs.harvard.edu/abs/2019ApJS..244...11K/abstract target=ref>Kruse et al. 2019</a>,15.2841,0.002,-0.002,0,,,,,1.39,0.11,-0.21,0,0.124,0.0098,-0.019,0,,,,,,,,,,,,,,,,,,,,,,0,<a refstr=KRUSE_ET_AL__2019 href=https://ui.adsabs.harvard.edu/abs/2019ApJS..244...11K/abstract target=ref>Kruse et al. 2019</a>,,,,,,0.9757,0.0133,-0.0098,0,,,,,,,,,,,,,,<a refstr=STASSUN_ET_AL__2019 href=https://ui.adsabs.harvard.edu/abs/2019AJ....158..138S/abstract target=ref>TICv8</a>,13h41m46.68s,205.4445125,-10d51m45.17s,-10.8625468,320.07,6.392,-6.152,12.488,0.044,-0.044,10.857,0.021,-0.021,12.2038,0.000255,-0.000255,9/5/19,2019-09,9/5/19
EPIC 212737443 b,EPIC 212737443,0,1,2,Transit,2019,K2,Published Candidate,0,<a refstr=BARROS_ET_AL__2016 href=https://ui.adsabs.harvard.edu/abs/2016A&A...594A.100B/abstract target=ref>Barros et al. 2016</a>,13.60697954,,,0,,,,,,,,,,,,,,,,,,,,,,,,,,,,,,,,,,0,<a refstr=STASSUN_ET_AL__2019 href=https://ui.adsabs.harvard.edu/abs/2019AJ....158..138S/abstract target=ref>TICv8</a>,,4581,122,-122,0,0.669035,,,0,0.724,,,0,,,,,,4.64691,,,0,<a refstr=STASSUN_ET_AL__2019 href=https://ui.adsabs.harvard.edu/abs/2019AJ....158..138S/abstract target=ref>TICv8</a>,13h36m53.16s,204.2215065,-07d19m05.01s,-7.3180577,336.25,4.743,-4.615,14.81,0.137,-0.137,12.16,0.024,-0.024,14.4776,0.000386,-0.000386,12/21/16,2016-10,12/21/16
EPIC 212737443 b,EPIC 212737443,0,1,2,Transit,2019,K2,Published Candidate,0,<a refstr=POPE_ET_AL__2016 href=https://ui.adsabs.harvard.edu/abs/2016MNRAS.461.3399P/abstract target=ref>Pope et al. 2016</a>,13.603,,,0,,,,,,,,,,,,,,,,,,,,,,,,,,,,,,,,,,0,<a refstr=STASSUN_ET_AL__2019 href=https://ui.adsabs.harvard.edu/abs/2019AJ....158..138S/abstract target=ref>TICv8</a>,,4581,122,-122,0,0.669035,,,0,0.724,,,0,,,,,,4.64691,,,0,<a refstr=STASSUN_ET_AL__2019 href=https://ui.adsabs.harvard.edu/abs/2019AJ....158..138S/abstract target=ref>TICv8</a>,13h36m53.16s,204.2215065,-07d19m05.01s,-7.3180577,336.25,4.743,-4.615,14.81,0.137,-0.137,12.16,0.024,-0.024,14.4776,0.000386,-0.000386,7/18/16,2016-10,7/18/16
EPIC 212737443 b,EPIC 212737443,1,1,2,Transit,2019,K2,Published Confirmed,0,<a refstr=HERATH_ET_AL__2019 href=https://ui.adsabs.harvard.edu/abs/2019MNRAS.488..536H/abstract target=ref>Herath et al. 2019</a>,13.603,0.0013,-0.0013,0,0.098,0.004,-0.004,0,2.586,0.126,-0.126,0,0.23070747,0.01124097,-0.01124097,0,,,,,,,,,,0.2,0.2,-0.2,0,,,,,536,18,-18,0,0,<a refstr=HERATH_ET_AL__2019 href=https://ui.adsabs.harvard.edu/abs/2019MNRAS.488..536H/abstract target=ref>Herath et al. 2019</a>,K3,4684,79,-79,0,0.673,0.024,-0.024,0,0.69,0.038,-0.038,0,-0.137,0.127,-0.127,0,[Fe/H],4.622,0.024,-0.024,0,<a refstr=STASSUN_ET_AL__2019 href=https://ui.adsabs.harvard.edu/abs/2019AJ....158..138S/abstract target=ref>TICv8</a>,13h36m53.16s,204.2215065,-07d19m05.01s,-7.3180577,336.25,4.743,-4.615,14.81,0.137,-0.137,12.16,0.024,-0.024,14.4776,0.000386,-0.000386,7/19/19,2019-09,7/25/19
EPIC 212737443 c,EPIC 212737443,1,1,2,Transit,2019,K2,Published Confirmed,0,<a refstr=HERATH_ET_AL__2019 href=https://ui.adsabs.harvard.edu/abs/2019MNRAS.488..536H/abstract target=ref>Herath et al. 2019</a>,65.55,0.0089,-0.0089,0,0.28,0.006,-0.006,0,2.69,0.146,-0.146,0,0.23998573,0.01302525,-0.01302525,0,,,,,,,,,,0.2,0.2,-0.2,0,,,,,316,10,-10,0,0,<a refstr=HERATH_ET_AL__2019 href=https://ui.adsabs.harvard.edu/abs/2019MNRAS.488..536H/abstract target=ref>Herath et al. 2019</a>,K3,4684,79,-79,0,0.673,0.024,-0.024,0,0.69,0.038,-0.038,0,-0.137,0.127,-0.127,0,[Fe/H],4.622,0.024,-0.024,0,<a refstr=STASSUN_ET_AL__2019 href=https://ui.adsabs.harvard.edu/abs/2019AJ....158..138S/abstract target=ref>TICv8</a>,13h36m53.16s,204.2215065,-07d19m05.01s,-7.3180577,336.25,4.743,-4.615,14.81,0.137,-0.137,12.16,0.024,-0.024,14.4776,0.000386,-0.000386,7/19/19,2019-09,7/25/19
EPIC 220554210 c,K2-282,0,1,2,Transit,2019,K2,Published Confirmed,0,<a refstr=HELLER_ET_AL__2019 href=https://ui.adsabs.harvard.edu/abs/2019A&A...627A..66H/abstract target=ref>Heller et al. 2019</a>,0.70531,0.00005,-0.00005,0,,,,,1.48,0.13,-0.1,0,0.13203676,0.01159782,-0.0089214,0,,,,,,,,,,,,,,,,,,,,,,0,<a refstr=HELLER_ET_AL__2019 href=https://ui.adsabs.harvard.edu/abs/2019A&A...627A..66H/abstract target=ref>Heller et al. 2019</a>,,,,,,,,,,0.94,0.04,-0.04,0,,,,,,,,,,<a refstr=STASSUN_ET_AL__2019 href=https://ui.adsabs.harvard.edu/abs/2019AJ....158..138S/abstract target=ref>TICv8</a>,00h53m43.72s,13.4321524,+07d59m43.05s,7.9952914,496.289,7.902,-7.663,14.21,0.114,-0.114,12.002,0.021,-0.021,13.8183,0.000278,-0.000278,6/3/19,2019-07,6/13/19
EPIC 220554210 c,K2-282,0,1,2,Transit,2019,K2,Published Candidate,0,<a refstr=KRUSE_ET_AL__2019 href=https://ui.adsabs.harvard.edu/abs/2019ApJS..244...11K/abstract target=ref>Kruse et al. 2019</a>,0.705386,0.000052,-0.000049,0,,,,,1.73,0.15,-0.3,0,0.154,0.013,-0.03,0,,,,,,,,,,,,,,,,,,,,,,0,<a refstr=KRUSE_ET_AL__2019 href=https://ui.adsabs.harvard.edu/abs/2019ApJS..244...11K/abstract target=ref>Kruse et al. 2019</a>,,,,,,1.013,0.045,-0.045,0,,,,,,,,,,,,,,<a refstr=STASSUN_ET_AL__2019 href=https://ui.adsabs.harvard.edu/abs/2019AJ....158..138S/abstract target=ref>TICv8</a>,00h53m43.72s,13.4321524,+07d59m43.05s,7.9952914,496.289,7.902,-7.663,14.21,0.114,-0.114,12.002,0.021,-0.021,13.8183,0.000278,-0.000278,9/5/19,2019-09,9/5/19
EPIC 220554210 c,K2-282,1,1,2,Transit,2019,K2,Published Confirmed,0,<a refstr=ADAMS_ET_AL__2021 href=https://ui.adsabs.harvard.edu/abs/2021PSJ.....2..152A/abstract target=ref>Adams et al. 2021</a>,0.70531,0.000037,-0.000037,0,,,,,1.6,0.1,-0.1,0,0.14274268,0.00892142,-0.00892142,0,,,,,,,,,,,,,,,,,,,,,,0,<a refstr=ADAMS_ET_AL__2021 href=https://ui.adsabs.harvard.edu/abs/2021PSJ.....2..152A/abstract target=ref>Adams et al. 2021</a>,,5499,109,-109,0,1,0.04,-0.04,0,,,,,-0.23,0.16,-0.16,0,[Fe/H],4.5,0.04,-0.04,0,<a refstr=STASSUN_ET_AL__2019 href=https://ui.adsabs.harvard.edu/abs/2019AJ....158..138S/abstract target=ref>TICv8</a>,00h53m43.72s,13.4321524,+07d59m43.05s,7.9952914,496.289,7.902,-7.663,14.21,0.114,-0.114,12.002,0.021,-0.021,13.8183,0.000278,-0.000278,3/28/22,2021-08,3/28/22
G 9-40 b,G 9-40,0,1,1,Transit,2019,K2,Published Confirmed,0,<a refstr=KOKORI_ET_AL__2023 href=https://ui.adsabs.harvard.edu/abs/2023ApJS..265....4K/abstract target=ref>Kokori et al. 2023</a>,5.7459996,0.000002,-0.000002,0,,,,,,,,,,,,,,,,,,,,,,,,,,,,,,,,,,0,<a refstr=STEFANSSON_ET_AL__2020 href=https://ui.adsabs.harvard.edu/abs/2020AJ....159..100S/abstract target=ref>Stefansson et al. 2020</a>,M2.5 V,3348,32,-32,0,0.3073,0.0059,-0.0061,0,0.29,0.02,-0.02,0,0.04,0.1,-0.11,0,[Fe/H],4.926,0.027,-0.027,0,<a refstr=STASSUN_ET_AL__2019 href=https://ui.adsabs.harvard.edu/abs/2019AJ....158..138S/abstract target=ref>TICv8</a>,08h58m52.52s,134.7188514,+21d04m29.27s,21.0747961,27.9276,0.0451,-0.045,13.821,0.044,-0.044,9.19,0.018,-0.018,12.7331,0.00044,-0.00044,3/4/24,2023-03,3/4/24
G 9-40 b,G 9-40,0,1,1,Transit,2019,K2,Published Confirmed,0,<a refstr=STEFANSSON_ET_AL__2020 href=https://ui.adsabs.harvard.edu/abs/2020AJ....159..100S/abstract target=ref>Stefansson et al. 2020</a>,5.746007,0.000006,-0.000006,0,0.0385,0.0078,-0.0053,0,2.025,0.096,-0.097,0,0.1806584,0.00856455,-0.00865376,0,11.7,,,1,0.03681232,,,1,Mass,0,,,0,7.2,2.5,-2.2,0,456,35,-40,0,0,<a refstr=STEFANSSON_ET_AL__2020 href=https://ui.adsabs.harvard.edu/abs/2020AJ....159..100S/abstract target=ref>Stefansson et al. 2020</a>,M2.5 V,3348,32,-32,0,0.3073,0.0059,-0.0061,0,0.29,0.02,-0.02,0,0.04,0.1,-0.11,0,[Fe/H],4.926,0.027,-0.027,0,<a refstr=STASSUN_ET_AL__2019 href=https://ui.adsabs.harvard.edu/abs/2019AJ....158..138S/abstract target=ref>TICv8</a>,08h58m52.52s,134.7188514,+21d04m29.27s,21.0747961,27.9276,0.0451,-0.045,13.821,0.044,-0.044,9.19,0.018,-0.018,12.7331,0.00044,-0.00044,2/25/23,2020-03,2/25/23
G 9-40 b,G 9-40,0,1,1,Transit,2019,K2,TESS Project Candidate,0,<a refstr=EXOFOP_TESS_TOI href=https://exofop.ipac.caltech.edu/tess/view_toi.php target=ref>ExoFOP-TESS TOI</a>,5.7459945,0.0000061,-0.0000061,0,,,,,2.06081,0.0618536,-0.0618536,0,0.18385347,0.00551822,-0.00551822,0,,,,,,,,,,,,,,3.9983,,,0,393,,,0,0,<a refstr=EXOFOP_TESS_TOI href=https://exofop.ipac.caltech.edu/tess/view_toi.php target=ref>ExoFOP-TESS TOI</a>,,3413,157,-157,0,0.32,0.01,-0.01,0,,,,,,,,,,4.91,,,0,<a refstr=STASSUN_ET_AL__2019 href=https://ui.adsabs.harvard.edu/abs/2019AJ....158..138S/abstract target=ref>TICv8</a>,08h58m52.52s,134.7188514,+21d04m29.27s,21.0747961,27.9276,0.0451,-0.045,13.821,0.044,-0.044,9.19,0.018,-0.018,12.7331,0.00044,-0.00044,2/5/24,2017-07,2/5/24
G 9-40 b,G 9-40,1,1,1,Transit,2019,K2,Published Confirmed,0,<a refstr=LUQUE_ET_AL__2022 href=https://ui.adsabs.harvard.edu/abs/2022A&A...666A.154L/abstract target=ref>Luque et al. 2022</a>,5.7459982,0.000002,-0.000002,0,0.0418,0.00064,-0.00064,0,1.9,0.065,-0.065,0,0.16950694,0.00579892,-0.00579892,0,4,0.63,-0.63,0,0.01258541,0.0019822,-0.0019822,0,Mass,0,,,0,6.27,0.19,-0.19,0,440.6,7.6,-7.6,0,0,<a refstr=LUQUE_ET_AL__2022 href=https://ui.adsabs.harvard.edu/abs/2022A&A...666A.154L/abstract target=ref>Luque et al. 2022</a>,,3395,51,-51,0,0.3026,0.0095,-0.0095,0,0.2952,0.0136,-0.0136,0,-0.07,0.16,-0.16,0,[Fe/H],4.84,0.04,-0.04,0,<a refstr=STASSUN_ET_AL__2019 href=https://ui.adsabs.harvard.edu/abs/2019AJ....158..138S/abstract target=ref>TICv8</a>,08h58m52.52s,134.7188514,+21d04m29.27s,21.0747961,27.9276,0.0451,-0.045,13.821,0.044,-0.044,9.19,0.018,-0.018,12.7331,0.00044,-0.00044,10/22/24,2022-10,10/22/24
G 9-40 b,G 9-40,0,1,1,Transit,2019,K2,Published Candidate,0,<a refstr=YU_ET_AL__2018 href=https://ui.adsabs.harvard.edu/abs/2018AJ....156...22Y/abstract target=ref>Yu et al. 2018</a>,5.745912,,,0,,,,,,,,,,,,,,,,,,,,,,,,,,,,,,,,,,0,<a refstr=YU_ET_AL__2018 href=https://ui.adsabs.harvard.edu/abs/2018AJ....156...22Y/abstract target=ref>Yu et al. 2018</a>,,3390,20,-20,0,0.307,0.003,-0.003,0,,,,,,,,,,4.943,0.01,-0.01,0,<a refstr=STASSUN_ET_AL__2019 href=https://ui.adsabs.harvard.edu/abs/2019AJ....158..138S/abstract target=ref>TICv8</a>,08h58m52.52s,134.7188514,+21d04m29.27s,21.0747961,27.9276,0.0451,-0.045,13.821,0.044,-0.044,9.19,0.018,-0.018,12.7331,0.00044,-0.00044,2/26/19,2018-07,2/26/19
GJ 143 b,GJ 143,1,1,2,Transit,2019,Transiting Exoplanet Survey Satellite (TESS),Published Confirmed,0,<a refstr=DRAGOMIR_ET_AL__2019 href=https://ui.adsabs.harvard.edu/abs/2019ApJ...875L...7D/abstract target=ref>Dragomir et al. 2019</a>,35.61253,0.0006,-0.00062,0,0.1915,0.0058,-0.0063,0,2.61,0.17,-0.16,0,0.2328486,0.01516638,-0.01427424,0,22.7,2.2,-1.9,0,0.07142183,0.00692194,-0.00597804,0,Mass,0.188,0.076,-0.078,0,,,,,422,15,-14,0,0,<a refstr=DRAGOMIR_ET_AL__2019 href=https://ui.adsabs.harvard.edu/abs/2019ApJ...875L...7D/abstract target=ref>Dragomir et al. 2019</a>,K4.5,4640,100,-100,0,0.695,0.03,-0.03,0,0.73,0.07,-0.07,0,0.003,0.06,-0.06,0,[Fe/H],4.613,0.052,-0.061,0,<a refstr=STASSUN_ET_AL__2019 href=https://ui.adsabs.harvard.edu/abs/2019AJ....158..138S/abstract target=ref>TICv8</a>,03h27m00.05s,51.7501882,-63d30m00.60s,-63.500166,16.32,0.0071,-0.0071,8.08,0.03,-0.03,5.375,0.024,-0.024,7.67906,0.00026,-0.00026,4/22/19,2019-04,4/25/19
GJ 143 b,GJ 143,0,1,2,Transit,2019,Transiting Exoplanet Survey Satellite (TESS),Published Confirmed,0,<a refstr=TRIFONOV_ET_AL__2019 href=https://ui.adsabs.harvard.edu/abs/2019A&A...622L...7T/abstract target=ref>Trifonov et al. 2019</a>,35.589,0.006,-0.005,0,0.1932,0.0002,-0.0002,0,,,,,,,,,30.63,2.63,-2.67,0,0.09637227,0.00827486,-0.00840072,0,Mass,0.325,0.079,-0.079,0,,,,,,,,,0,<a refstr=TRIFONOV_ET_AL__2019 href=https://ui.adsabs.harvard.edu/abs/2019A&A...622L...7T/abstract target=ref>Trifonov et al. 2019</a>,,,,,,0.73,0.01,-0.01,0,0.76,0.03,-0.02,0,,,,,,,,,,<a refstr=STASSUN_ET_AL__2019 href=https://ui.adsabs.harvard.edu/abs/2019AJ....158..138S/abstract target=ref>TICv8</a>,03h27m00.05s,51.7501882,-63d30m00.60s,-63.500166,16.32,0.0071,-0.0071,8.08,0.03,-0.03,5.375,0.024,-0.024,7.67906,0.00026,-0.00026,4/22/19,2019-02,2/14/19
GJ 143 b,GJ 143,0,1,2,Transit,2019,Transiting Exoplanet Survey Satellite (TESS),TESS Project Candidate,0,<a refstr=EXOFOP_TESS_TOI href=https://exofop.ipac.caltech.edu/tess/view_toi.php target=ref>ExoFOP-TESS TOI</a>,35.6134391,0.0000324,-0.0000324,0,,,,,3.12194,0.291907,-0.291907,0,0.27852131,0.02604224,-0.02604224,0,,,,,,,,,,,,,,10.8612,,,0,505,,,0,0,<a refstr=EXOFOP_TESS_TOI href=https://exofop.ipac.caltech.edu/tess/view_toi.php target=ref>ExoFOP-TESS TOI</a>,,4628.53,91.92,-91.92,0,0.71,0.06,-0.06,0,,,,,,,,,,4.32239,0.236802,-0.236802,0,<a refstr=STASSUN_ET_AL__2019 href=https://ui.adsabs.harvard.edu/abs/2019AJ....158..138S/abstract target=ref>TICv8</a>,03h27m00.05s,51.7501882,-63d30m00.60s,-63.500166,16.32,0.0071,-0.0071,8.08,0.03,-0.03,5.375,0.024,-0.024,7.67906,0.00026,-0.00026,11/6/23,2017-07,11/6/23
GJ 3512 b,GJ 3512,1,1,2,Radial Velocity,2019,Calar Alto Observatory,Published Confirmed,0,<a refstr=MORALES_ET_AL__2025 href=https://ui.adsabs.harvard.edu/abs/2025arXiv250715516M/abstract target=ref>Morales et al. 2025</a>,203.109,0.035,-0.034,0,0.3376,0.0082,-0.0084,0,,,,,,,,,146.5188956,7.31005336,-7.31005336,0,0.461,0.023,-0.023,0,Msini,0.4279,0.0036,-0.0035,0,,,,,,,,,0,<a refstr=MORALES_ET_AL__2025 href=https://ui.adsabs.harvard.edu/abs/2025arXiv250715516M/abstract target=ref>Morales et al. 2025</a>,M5.5 V,3141,38,-38,0,0.139,0.005,-0.005,0,0.123,0.009,-0.009,0,-0.07,0.16,-0.16,0,[Fe/H],,,,,<a refstr=STASSUN_ET_AL__2019 href=https://ui.adsabs.harvard.edu/abs/2019AJ....158..138S/abstract target=ref>TICv8</a>,08h41m19.60s,130.3316616,+59d29m30.61s,59.4918364,9.48637,0.00857,-0.00856,15.18,0.2,-0.2,8.668,0.021,-0.021,13.1117,0.000961,-0.000961,8/28/25,2025-07,8/28/25
GJ 3512 b,GJ 3512,0,1,2,Radial Velocity,2019,Calar Alto Observatory,Published Confirmed,0,<a refstr=LOPEZ_SANTIAGO_ET_AL__2020 href=https://ui.adsabs.harvard.edu/abs/2020AJ....160..273L/abstract target=ref>Lopez-Santiago et al. 2020</a>,203.69,0.09,-0.02,0,0.337,0.001,-0.001,0,,,,,,,,,146.2010672,6.35656814,-3.17828407,0,0.46,0.02,-0.01,0,Msini,0.44,0.01,-0.01,0,,,,,,,,,0,<a refstr=MORALES_ET_AL__2019 href=https://ui.adsabs.harvard.edu/abs/2019Sci...365.1441M/abstract target=ref>Morales et al. 2019</a>,M5.5 V,3081,51,-51,0,0.139,0.005,-0.005,0,0.123,0.009,-0.009,0,-0.07,0.16,-0.16,0,[Fe/H],,,,,<a refstr=STASSUN_ET_AL__2019 href=https://ui.adsabs.harvard.edu/abs/2019AJ....158..138S/abstract target=ref>TICv8</a>,08h41m19.60s,130.3316616,+59d29m30.61s,59.4918364,9.48637,0.00857,-0.00856,15.18,0.2,-0.2,8.668,0.021,-0.021,13.1117,0.000961,-0.000961,7/18/22,2020-12,7/18/22
GJ 3512 b,GJ 3512,0,1,2,Radial Velocity,2019,Calar Alto Observatory,Published Confirmed,0,<a refstr=MORALES_ET_AL__2019 href=https://ui.adsabs.harvard.edu/abs/2019Sci...365.1441M/abstract target=ref>Morales et al. 2019</a>,203.59,0.14,-0.14,0,0.338,0.008,-0.0084,0,,,,,,,,,147.15529,6.99226,-7.31009,0,0.463,0.022,-0.023,0,Msini,0.4356,0.0042,-0.0042,0,,,,,,,,,0,<a refstr=MORALES_ET_AL__2019 href=https://ui.adsabs.harvard.edu/abs/2019Sci...365.1441M/abstract target=ref>Morales et al. 2019</a>,M5.5 V,3081,51,-51,0,0.139,0.005,-0.005,0,0.123,0.009,-0.009,0,-0.07,0.16,-0.16,0,[Fe/H],,,,,<a refstr=STASSUN_ET_AL__2019 href=https://ui.adsabs.harvard.edu/abs/2019AJ....158..138S/abstract target=ref>TICv8</a>,08h41m19.60s,130.3316616,+59d29m30.61s,59.4918364,9.48637,0.00857,-0.00856,15.18,0.2,-0.2,8.668,0.021,-0.021,13.1117,0.000961,-0.000961,10/3/19,2019-09,10/10/19
GJ 357 b,GJ 357,0,1,3,Transit,2019,Transiting Exoplanet Survey Satellite (TESS),Published Confirmed,0,<a refstr=KOKORI_ET_AL__2023 href=https://ui.adsabs.harvard.edu/abs/2023ApJS..265....4K/abstract target=ref>Kokori et al. 2023</a>,3.930623,0.00001,-0.00001,0,,,,,,,,,,,,,,,,,,,,,,,,,,,,,,,,,,0,<a refstr=LUQUE_ET_AL__2019 href=https://ui.adsabs.harvard.edu/abs/2019A&A...628A..39L/abstract target=ref>Luque et al. 2019</a>,M2.5 V,3505,51,-51,0,0.337,0.015,-0.015,0,0.342,0.011,-0.011,0,-0.12,0.16,-0.16,0,[Fe/H],4.94,0.07,-0.07,0,<a refstr=STASSUN_ET_AL__2019 href=https://ui.adsabs.harvard.edu/abs/2019AJ....158..138S/abstract target=ref>TICv8</a>,09h36m01.79s,144.0074644,-21d39m54.23s,-21.6650634,9.44181,0.00511,-0.00511,10.91,0.1,-0.1,6.475,0.017,-0.017,9.88036,0.00144,-0.00144,3/4/24,2023-03,3/4/24
GJ 357 b,GJ 357,1,1,3,Transit,2019,Transiting Exoplanet Survey Satellite (TESS),Published Confirmed,0,<a refstr=ODDO_ET_AL__2023 href=https://ui.adsabs.harvard.edu/abs/2023AJ....165..134O/abstract target=ref>Oddo et al. 2023</a>,3.9306,0.000002,-0.000002,0,0.036,0.0004,-0.0004,0,1.2,0.06,-0.06,0,0.10705701,0.00535285,-0.00535285,0,,,,,,,,,,,,,,,,,,518,44,-44,0,0,<a refstr=ODDO_ET_AL__2023 href=https://ui.adsabs.harvard.edu/abs/2023AJ....165..134O/abstract target=ref>Oddo et al. 2023</a>,M2.5 V,3505,51,-51,0,0.337,0.015,-0.015,0,0.342,0.011,-0.011,0,-0.12,0.16,-0.16,0,[Fe/H],4.94,0.07,-0.07,0,<a refstr=STASSUN_ET_AL__2019 href=https://ui.adsabs.harvard.edu/abs/2019AJ....158..138S/abstract target=ref>TICv8</a>,09h36m01.79s,144.0074644,-21d39m54.23s,-21.6650634,9.44181,0.00511,-0.00511,10.91,0.1,-0.1,6.475,0.017,-0.017,9.88036,0.00144,-0.00144,8/22/23,2023-03,8/22/23
GJ 357 b,GJ 357,0,1,3,Transit,2019,Transiting Exoplanet Survey Satellite (TESS),TESS Project Candidate,0,<a refstr=EXOFOP_TESS_TOI href=https://exofop.ipac.caltech.edu/tess/view_toi.php target=ref>ExoFOP-TESS TOI</a>,3.9306027,0.000003,-0.000003,0,,,,,1.26995,0.0506095,-0.0506095,0,0.11329755,0.00451508,-0.00451508,0,,,,,,,,,,,,,,16.4901,,,0,561,,,0,0,<a refstr=EXOFOP_TESS_TOI href=https://exofop.ipac.caltech.edu/tess/view_toi.php target=ref>ExoFOP-TESS TOI</a>,,3505,90,-90,0,0.36,0.01,-0.01,0,,,,,,,,,,4.90573,0.061793,-0.061793,0,<a refstr=STASSUN_ET_AL__2019 href=https://ui.adsabs.harvard.edu/abs/2019AJ....158..138S/abstract target=ref>TICv8</a>,09h36m01.79s,144.0074644,-21d39m54.23s,-21.6650634,9.44181,0.00511,-0.00511,10.91,0.1,-0.1,6.475,0.017,-0.017,9.88036,0.00144,-0.00144,4/17/23,2017-07,4/17/23
GJ 357 b,GJ 357,0,1,3,Transit,2019,Transiting Exoplanet Survey Satellite (TESS),Published Confirmed,0,<a refstr=LUQUE_ET_AL__2019 href=https://ui.adsabs.harvard.edu/abs/2019A&A...628A..39L/abstract target=ref>Luque et al. 2019</a>,3.93072,0.00008,-0.00006,0,0.035,0.002,-0.002,0,1.217,0.084,-0.083,0,0.10857347,0.00749398,-0.00740476,0,1.84,0.31,-0.31,0,0.00578926,0.00097536,-0.00097536,0,Mass,,,,,12.6,1.1,-0.8,0,525,11,-9,0,0,<a refstr=LUQUE_ET_AL__2019 href=https://ui.adsabs.harvard.edu/abs/2019A&A...628A..39L/abstract target=ref>Luque et al. 2019</a>,M2.5 V,3505,51,-51,0,0.337,0.015,-0.015,0,0.342,0.011,-0.011,0,-0.12,0.16,-0.16,0,[Fe/H],4.94,0.07,-0.07,0,<a refstr=STASSUN_ET_AL__2019 href=https://ui.adsabs.harvard.edu/abs/2019AJ....158..138S/abstract target=ref>TICv8</a>,09h36m01.79s,144.0074644,-21d39m54.23s,-21.6650634,9.44181,0.00511,-0.00511,10.91,0.1,-0.1,6.475,0.017,-0.017,9.88036,0.00144,-0.00144,8/9/19,2019-08,8/15/19
GJ 357 c,GJ 357,1,1,3,Radial Velocity,2019,Multiple Observatories,Published Confirmed,0,<a refstr=LUQUE_ET_AL__2019 href=https://ui.adsabs.harvard.edu/abs/2019A&A...628A..39L/abstract target=ref>Luque et al. 2019</a>,9.1247,0.0011,-0.001,0,0.061,0.004,-0.004,0,,,,,,,,,3.4,0.46,-0.46,0,0.01069754,0.00144731,-0.00144731,0,Msini,,,,,4.45,0.14,-0.14,0,401.2,10.8,-10.7,0,0,<a refstr=LUQUE_ET_AL__2019 href=https://ui.adsabs.harvard.edu/abs/2019A&A...628A..39L/abstract target=ref>Luque et al. 2019</a>,M2.5 V,3505,51,-51,0,0.337,0.015,-0.015,0,0.342,0.011,-0.011,0,-0.12,0.16,-0.16,0,[Fe/H],4.94,0.07,-0.07,0,<a refstr=STASSUN_ET_AL__2019 href=https://ui.adsabs.harvard.edu/abs/2019AJ....158..138S/abstract target=ref>TICv8</a>,09h36m01.79s,144.0074644,-21d39m54.23s,-21.6650634,9.44181,0.00511,-0.00511,10.91,0.1,-0.1,6.475,0.017,-0.017,9.88036,0.00144,-0.00144,7/29/19,2019-08,8/1/19
GJ 357 d,GJ 357,1,1,3,Radial Velocity,2019,Multiple Observatories,Published Confirmed,0,<a refstr=LUQUE_ET_AL__2019 href=https://ui.adsabs.harvard.edu/abs/2019A&A...628A..39L/abstract target=ref>Luque et al. 2019</a>,55.661,0.055,-0.055,0,0.204,0.015,-0.015,0,,,,,,,,,6.1,1,-1,0,0.01919265,0.00314634,-0.00314634,0,Msini,,,,,0.38,0.01,-0.01,0,219.6,5.9,-5.9,0,0,<a refstr=LUQUE_ET_AL__2019 href=https://ui.adsabs.harvard.edu/abs/2019A&A...628A..39L/abstract target=ref>Luque et al. 2019</a>,M2.5 V,3505,51,-51,0,0.337,0.015,-0.015,0,0.342,0.011,-0.011,0,-0.12,0.16,-0.16,0,[Fe/H],4.94,0.07,-0.07,0,<a refstr=STASSUN_ET_AL__2019 href=https://ui.adsabs.harvard.edu/abs/2019AJ....158..138S/abstract target=ref>TICv8</a>,09h36m01.79s,144.0074644,-21d39m54.23s,-21.6650634,9.44181,0.00511,-0.00511,10.91,0.1,-0.1,6.475,0.017,-0.017,9.88036,0.00144,-0.00144,7/29/19,2019-08,8/1/19
GJ 411 b,GJ 411,0,1,2,Radial Velocity,2019,Haute-Provence Observatory,Published Confirmed,0,<a refstr=ROSENTHAL_ET_AL__2021 href=https://ui.adsabs.harvard.edu/abs/2021ApJS..255....8R/abstract target=ref>Rosenthal et al. 2021</a>,12.9382,0.0018,-0.0016,0,0.07892,0.00054,-0.00055,0,,,,,,,,,2.80324655,0.29240213,-0.31147184,0,0.00882,0.00092,-0.00098,0,Msini,0.095,0.099,-0.066,0,,,,,,,,,0,<a refstr=ROSENTHAL_ET_AL__2021 href=https://ui.adsabs.harvard.edu/abs/2021ApJS..255....8R/abstract target=ref>Rosenthal et al. 2021</a>,,3719.95,28.3,-28.3,0,0.369083,0.006667,-0.006667,0,0.391846,0.008168,-0.008168,0,-0.3612,0.0817,-0.0817,0,[Fe/H],4.89504,0.008878,-0.008878,0,<a refstr=STASSUN_ET_AL__2019 href=https://ui.adsabs.harvard.edu/abs/2019AJ....158..138S/abstract target=ref>TICv8</a>,11h03m20.27s,165.834471,+35d58m20.34s,35.972317,5.675773,0.0059099,-0.0059099,7.49,0.1,-0.1,3.501,0.352,-0.352,,,,9/20/21,2021-07,9/20/21
GJ 411 b,GJ 411,0,1,2,Radial Velocity,2019,Haute-Provence Observatory,Published Confirmed,0,<a refstr=STOCK_ET_AL__2020 href=https://ui.adsabs.harvard.edu/abs/2020A&A...643A.112S/abstract target=ref>Stock et al. 2020</a>,12.946,0.005,-0.005,0,0.0789,0.00068,-0.00077,0,,,,,,,,,2.69,0.25,-0.25,0,0.00846364,0.00078658,-0.00078658,0,Msini,0.12,0.12,-0.09,0,3.13,0.2,-0.22,0,370.1,5.8,-6.8,0,0,<a refstr=STOCK_ET_AL__2020 href=https://ui.adsabs.harvard.edu/abs/2020A&A...643A.112S/abstract target=ref>Stock et al. 2020</a>,M1.5 V,3601,51,-51,0,0.392,0.004,-0.004,0,0.39,0.011,-0.011,0,-0.09,0.16,-0.16,0,[Fe/H],4.87,0.07,-0.07,0,<a refstr=STASSUN_ET_AL__2019 href=https://ui.adsabs.harvard.edu/abs/2019AJ....158..138S/abstract target=ref>TICv8</a>,11h03m20.27s,165.834471,+35d58m20.34s,35.972317,5.675773,0.0059099,-0.0059099,7.49,0.1,-0.1,3.501,0.352,-0.352,,,,2/26/21,2020-11,3/4/21
GJ 411 b,GJ 411,0,1,2,Radial Velocity,2019,Haute-Provence Observatory,Published Confirmed,0,<a refstr=D_IACUTE_AZ_ET_AL__2019 href=https://ui.adsabs.harvard.edu/abs/2019A&A...625A..17D/abstract target=ref>D&iacute;az et al. 2019</a>,12.9532,0.0079,-0.0079,0,0.0785,0.0027,-0.0027,0,,,,,,,,,2.99,0.46,-0.46,0,0.00940754,0.00144731,-0.00144731,0,Msini,0.22,0.13,-0.13,0,,,,,349.83,0.32,-0.32,0,0,<a refstr=D_IACUTE_AZ_ET_AL__2019 href=https://ui.adsabs.harvard.edu/abs/2019A&A...625A..17D/abstract target=ref>D&iacute;az et al. 2019</a>,M1.9,3563,60,-60,0,0.389,0.013,-0.013,0,0.386,0.039,-0.039,0,-0.38,0.08,-0.08,0,[Fe/H],,,,,<a refstr=STASSUN_ET_AL__2019 href=https://ui.adsabs.harvard.edu/abs/2019AJ....158..138S/abstract target=ref>TICv8</a>,11h03m20.27s,165.834471,+35d58m20.34s,35.972317,5.675773,0.0059099,-0.0059099,7.49,0.1,-0.1,3.501,0.352,-0.352,,,,2/26/21,2019-05,3/5/19
GJ 411 b,GJ 411,1,1,2,Radial Velocity,2019,Haute-Provence Observatory,Published Confirmed,0,<a refstr=HURT_ET_AL__2022 href=https://ui.adsabs.harvard.edu/abs/2022AJ....163..218H/abstract target=ref>Hurt et al. 2022</a>,12.9394,0.0014,-0.0013,0,0.07879,0.00056,-0.00055,0,,,,,,,,,2.69,0.19,-0.18,0,0.00846369,0.00059781,-0.00056634,0,Msini,0.063,0.061,-0.043,0,,,,,,,,,0,<a refstr=HURT_ET_AL__2022 href=https://ui.adsabs.harvard.edu/abs/2022AJ....163..218H/abstract target=ref>Hurt et al. 2022</a>,,3719,21,-31,0,0.3685,0.0081,-0.0054,0,0.3899,0.0106,-0.0061,0,-0.3621,0.0872,-0.0687,0,[Fe/H],4.895,0.008,-0.01,0,<a refstr=STASSUN_ET_AL__2019 href=https://ui.adsabs.harvard.edu/abs/2019AJ....158..138S/abstract target=ref>TICv8</a>,11h03m20.27s,165.834471,+35d58m20.34s,35.972317,5.675773,0.0059099,-0.0059099,7.49,0.1,-0.1,3.501,0.352,-0.352,,,,5/24/22,2022-05,5/24/22
GJ 4276 b,GJ 4276,1,1,1,Radial Velocity,2019,Calar Alto Observatory,Published Confirmed,0,<a refstr=NAGEL_ET_AL__2019 href=https://ui.adsabs.harvard.edu/abs/2019A&A...622A.153N/abstract target=ref>Nagel et al. 2019</a>,13.352,0.003,-0.003,0,0.082,0.002,-0.002,0,,,,,,,,,16.57,0.94,-0.95,0,0.05213479,0.00295756,-0.00298902,0,Msini,0.37,0.03,-0.03,0,,,,,,,,,0,<a refstr=NAGEL_ET_AL__2019 href=https://ui.adsabs.harvard.edu/abs/2019A&A...622A.153N/abstract target=ref>Nagel et al. 2019</a>,M4.0,3387,51,-51,0,0.407,0.015,-0.015,0,0.406,0.03,-0.03,0,0.12,0.16,-0.16,0,[Fe/H],4.97,0.07,-0.07,0,<a refstr=STASSUN_ET_AL__2019 href=https://ui.adsabs.harvard.edu/abs/2019AJ....158..138S/abstract target=ref>TICv8</a>,22h25m17.31s,336.3221454,+59d24m45.01s,59.412503,21.3362,0.0172,-0.0172,12.903,0.069,-0.069,7.887,0.021,-0.021,11.6605,0.0006,-0.0006,1/22/19,2019-02,1/24/19
GJ 685 b,GJ 685,1,1,1,Radial Velocity,2019,Roque de los Muchachos Observatory,Published Confirmed,0,<a refstr=PINAMONTI_ET_AL__2019 href=https://ui.adsabs.harvard.edu/abs/2019A&A...625A.126P/abstract target=ref>Pinamonti et al. 2019</a>,24.16,0.061,-0.047,0,0.1344,0.0052,-0.0051,0,,,,,,,,,9,1.7,-1.8,0,0.02831702,0.00534877,-0.0056634,0,Msini,0,,,0,,,,,,,,,0,<a refstr=PINAMONTI_ET_AL__2019 href=https://ui.adsabs.harvard.edu/abs/2019A&A...625A.126P/abstract target=ref>Pinamonti et al. 2019</a>,M0.5,3816,69,-69,0,0.54,0.05,-0.05,0,0.55,0.06,-0.06,0,-0.15,0.09,-0.09,0,[Fe/H],4.72,0.05,-0.05,0,<a refstr=STASSUN_ET_AL__2019 href=https://ui.adsabs.harvard.edu/abs/2019AJ....158..138S/abstract target=ref>TICv8</a>,17h35m35.05s,263.8960378,+61d40m45.65s,61.6793482,14.3155,0.0081,-0.0081,9.98,0.1,-0.1,6.066,0.018,-0.018,9.1671,0.000914,-0.000914,4/8/19,2019-05,4/11/19
Gl 378 b,Gl 378,1,1,1,Radial Velocity,2019,Haute-Provence Observatory,Published Confirmed,0,<a refstr=HOBSON_ET_AL__2019 href=https://ui.adsabs.harvard.edu/abs/2019A&A...625A..18H/abstract target=ref>Hobson et al. 2019</a>,3.822,0.001,-0.001,0,0.039435,0.00023,-0.00023,0,,,,,,,,,13.02,2.03,-2.01,0,0.0409653,0.00638706,-0.00632414,0,Msini,0.109,0.131,-0.077,0,,,,,830,,,0,0,<a refstr=HOBSON_ET_AL__2019 href=https://ui.adsabs.harvard.edu/abs/2019A&A...625A..18H/abstract target=ref>Hobson et al. 2019</a>,M1,3879,67,-67,0,0.56,0.02,-0.02,0,0.56,0.01,-0.01,0,0.06,0.09,-0.09,0,[Fe/H],,,,,<a refstr=STASSUN_ET_AL__2019 href=https://ui.adsabs.harvard.edu/abs/2019AJ....158..138S/abstract target=ref>TICv8</a>,10h02m20.77s,150.5865513,+48d04m56.83s,48.0824515,14.9545,0.00725,-0.00725,10.03,0.1,-0.1,6.16,0.016,-0.016,9.26515,0.000412,-0.000412,3/1/19,2019-05,3/5/19
Gl 49 b,Gl 49,1,2,1,Radial Velocity,2019,Multiple Observatories,Published Confirmed,0,<a refstr=PERGER_ET_AL__2019 href=https://ui.adsabs.harvard.edu/abs/2019A&A...624A.123P/abstract target=ref>Perger et al. 2019</a>,13.8508,0.0053,-0.0051,0,0.0905,0.0011,-0.0011,0,,,,,,,,,5.63,0.67,-0.68,0,0.01771387,0.00210805,-0.00213951,0,Msini,0.363,0.099,-0.096,0,,,,,,,,,0,<a refstr=PERGER_ET_AL__2019 href=https://ui.adsabs.harvard.edu/abs/2019A&A...624A.123P/abstract target=ref>Perger et al. 2019</a>,M1.5 V,3805,51,-51,0,0.511,0.018,-0.018,0,0.515,0.019,-0.019,0,0.13,0.16,-0.16,0,[Fe/H],4.69,0.07,-0.07,0,<a refstr=STASSUN_ET_AL__2019 href=https://ui.adsabs.harvard.edu/abs/2019AJ....158..138S/abstract target=ref>TICv8</a>,01h02m40.50s,15.6687321,+62d20m43.58s,62.3454386,9.8528,0.00328,-0.00328,9.56,0.1,-0.1,5.371,0.02,-0.02,8.66282,0.000685,-0.000685,6/7/19,2019-04,6/13/19
HAT-P-69 b,HAT-P-69,0,1,1,Transit,2019,HATNet,Published Confirmed,0,<a refstr=PATEL__AMP__ESPINOZA_2022 href=https://ui.adsabs.harvard.edu/abs/2022AJ....163..228P/abstract target=ref>Patel &amp; Espinoza 2022</a>,4.7869491,0.0000019,-0.0000018,0,,,,,,,,,,,,,,,,,,,,,,,,,,,,,,,,,,0,<a refstr=ZHOU_ET_AL__2019 href=https://ui.adsabs.harvard.edu/abs/2019AJ....158..141Z/abstract target=ref>Zhou et al. 2019</a>,,7394,360,-600,0,1.926,0.06,-0.031,0,1.648,0.058,-0.026,0,-0.069,0.058,-0.075,0,[Fe/H],4.11,0.034,-0.064,0,<a refstr=STASSUN_ET_AL__2019 href=https://ui.adsabs.harvard.edu/abs/2019AJ....158..138S/abstract target=ref>TICv8</a>,08h42m01.35s,130.5056385,+03d42m38.04s,3.7105662,341.263,5.116,-4.969,9.774,0.005,-0.005,9.28,0.023,-0.023,9.77332,0.000336,-0.000336,5/3/22,2022-05,5/3/22
HAT-P-69 b,HAT-P-69,1,1,1,Transit,2019,HATNet,Published Confirmed,0,<a refstr=ZHOU_ET_AL__2019 href=https://ui.adsabs.harvard.edu/abs/2019AJ....158..141Z/abstract target=ref>Zhou et al. 2019</a>,4.7869491,0.0000018,-0.0000021,0,0.06555,0.0007,-0.00035,0,18.786284,0.571659,-0.369897,0,1.676,0.051,-0.033,0,1137.8314,184.3414,-184.3414,0,3.58,0.58,-0.58,0,Mass,0,,,0,,,,,1930,80,-230,0,0,<a refstr=ZHOU_ET_AL__2019 href=https://ui.adsabs.harvard.edu/abs/2019AJ....158..141Z/abstract target=ref>Zhou et al. 2019</a>,,7394,360,-600,0,1.926,0.06,-0.031,0,1.648,0.058,-0.026,0,-0.069,0.058,-0.075,0,[Fe/H],4.11,0.034,-0.064,0,<a refstr=STASSUN_ET_AL__2019 href=https://ui.adsabs.harvard.edu/abs/2019AJ....158..138S/abstract target=ref>TICv8</a>,08h42m01.35s,130.5056385,+03d42m38.04s,3.7105662,341.263,5.116,-4.969,9.774,0.005,-0.005,9.28,0.023,-0.023,9.77332,0.000336,-0.000336,8/12/19,2019-10,8/15/19
HAT-P-69 b,HAT-P-69,0,1,1,Transit,2019,HATNet,Published Confirmed,0,<a refstr=KOKORI_ET_AL__2023 href=https://ui.adsabs.harvard.edu/abs/2023ApJS..265....4K/abstract target=ref>Kokori et al. 2023</a>,4.7869883,0.0000033,-0.0000033,0,,,,,,,,,,,,,,,,,,,,,,,,,,,,,,,,,,0,<a refstr=ZHOU_ET_AL__2019 href=https://ui.adsabs.harvard.edu/abs/2019AJ....158..141Z/abstract target=ref>Zhou et al. 2019</a>,,7394,360,-600,0,1.926,0.06,-0.031,0,1.648,0.058,-0.026,0,-0.069,0.058,-0.075,0,[Fe/H],4.11,0.034,-0.064,0,<a refstr=STASSUN_ET_AL__2019 href=https://ui.adsabs.harvard.edu/abs/2019AJ....158..138S/abstract target=ref>TICv8</a>,08h42m01.35s,130.5056385,+03d42m38.04s,3.7105662,341.263,5.116,-4.969,9.774,0.005,-0.005,9.28,0.023,-0.023,9.77332,0.000336,-0.000336,3/4/24,2023-03,3/4/24
HAT-P-69 b,HAT-P-69,0,1,1,Transit,2019,HATNet,TESS Project Candidate,0,<a refstr=EXOFOP_TESS_TOI href=https://exofop.ipac.caltech.edu/tess/view_toi.php target=ref>ExoFOP-TESS TOI</a>,4.786958,0.0000056,-0.0000056,0,,,,,18.0112,0.675597,-0.675597,0,1.6068544,0.06027283,-0.06027283,0,,,,,,,,,,,,,,2320.18,,,0,1933,,,0,0,<a refstr=EXOFOP_TESS_TOI href=https://exofop.ipac.caltech.edu/tess/view_toi.php target=ref>ExoFOP-TESS TOI</a>,,7668.6,138.4,-138.4,0,1.91,0.07,-0.07,0,,,,,,,,,,4.13,0.08,-0.08,0,<a refstr=STASSUN_ET_AL__2019 href=https://ui.adsabs.harvard.edu/abs/2019AJ....158..138S/abstract target=ref>TICv8</a>,08h42m01.35s,130.5056385,+03d42m38.04s,3.7105662,341.263,5.116,-4.969,9.774,0.005,-0.005,9.28,0.023,-0.023,9.77332,0.000336,-0.000336,4/10/23,2017-07,4/10/23
HAT-P-69 b,HAT-P-69,0,1,1,Transit,2019,HATNet,Published Confirmed,0,<a refstr=IVSHINA__AMP__WINN_2022 href=https://ui.adsabs.harvard.edu/abs/2022ApJS..259...62I/abstract target=ref>Ivshina &amp; Winn 2022</a>,4.7869568,0.0000081,-0.0000081,0,,,,,,,,,,,,,,,,,,,,,,,,,,,,,,,,,,0,,,,,,,,,,,,,,,,,,,,,,,,<a refstr=STASSUN_ET_AL__2019 href=https://ui.adsabs.harvard.edu/abs/2019AJ....158..138S/abstract target=ref>TICv8</a>,08h42m01.35s,130.5056385,+03d42m38.04s,3.7105662,341.263,5.116,-4.969,9.774,0.005,-0.005,9.28,0.023,-0.023,9.77332,0.000336,-0.000336,10/18/22,2022-04,10/18/22
HAT-P-70 b,HAT-P-70,0,1,1,Transit,2019,HATNet,TESS Project Candidate,0,<a refstr=EXOFOP_TESS_TOI href=https://exofop.ipac.caltech.edu/tess/view_toi.php target=ref>ExoFOP-TESS TOI</a>,2.7443216,0.0000017,-0.0000017,0,,,,,20.1852,0.687018,-0.687018,0,1.80080603,0.06129175,-0.06129175,0,,,,,,,,,,,,,,5405.6,,,0,2388,,,0,0,<a refstr=EXOFOP_TESS_TOI href=https://exofop.ipac.caltech.edu/tess/view_toi.php target=ref>ExoFOP-TESS TOI</a>,,8730,152.7,-152.7,0,1.97,0.07,-0.07,0,,,,,,,,,,4.19,0.07,-0.07,0,<a refstr=STASSUN_ET_AL__2019 href=https://ui.adsabs.harvard.edu/abs/2019AJ....158..138S/abstract target=ref>TICv8</a>,04h58m12.56s,74.5523332,+09d59m52.73s,9.9979794,330.739,6.818,-6.552,9.47,0.004,-0.004,8.963,0.024,-0.024,9.45174,0.000266,-0.000266,1/5/24,2017-07,1/5/24
HAT-P-70 b,HAT-P-70,0,1,1,Transit,2019,HATNet,Published Confirmed,0,<a refstr=PATEL__AMP__ESPINOZA_2022 href=https://ui.adsabs.harvard.edu/abs/2022AJ....163..228P/abstract target=ref>Patel &amp; Espinoza 2022</a>,2.7443245,0.0000006,-0.0000006,0,,,,,,,,,,,,,,,,,,,,,,,,,,,,,,,,,,0,<a refstr=ZHOU_ET_AL__2019 href=https://ui.adsabs.harvard.edu/abs/2019AJ....158..141Z/abstract target=ref>Zhou et al. 2019</a>,,8450,540,-690,0,1.858,0.119,-0.091,0,1.89,0.01,-0.013,0,-0.059,0.075,-0.088,0,[Fe/H],4.181,0.055,-0.063,0,<a refstr=STASSUN_ET_AL__2019 href=https://ui.adsabs.harvard.edu/abs/2019AJ....158..138S/abstract target=ref>TICv8</a>,04h58m12.56s,74.5523332,+09d59m52.73s,9.9979794,330.739,6.818,-6.552,9.47,0.004,-0.004,8.963,0.024,-0.024,9.45174,0.000266,-0.000266,5/3/22,2022-05,5/3/22
HAT-P-70 b,HAT-P-70,0,1,1,Transit,2019,HATNet,Published Confirmed,0,<a refstr=IVSHINA__AMP__WINN_2022 href=https://ui.adsabs.harvard.edu/abs/2022ApJS..259...62I/abstract target=ref>Ivshina &amp; Winn 2022</a>,2.74432,0.000001,-0.000001,0,,,,,,,,,,,,,,,,,,,,,,,,,,,,,,,,,,0,,,,,,,,,,,,,,,,,,,,,,,,<a refstr=STASSUN_ET_AL__2019 href=https://ui.adsabs.harvard.edu/abs/2019AJ....158..138S/abstract target=ref>TICv8</a>,04h58m12.56s,74.5523332,+09d59m52.73s,9.9979794,330.739,6.818,-6.552,9.47,0.004,-0.004,8.963,0.024,-0.024,9.45174,0.000266,-0.000266,10/18/22,2022-04,10/18/22
HAT-P-70 b,HAT-P-70,1,1,1,Transit,2019,HATNet,Published Confirmed,0,<a refstr=ZHOU_ET_AL__2019 href=https://ui.adsabs.harvard.edu/abs/2019AJ....158..141Z/abstract target=ref>Zhou et al. 2019</a>,2.74432452,0.00000079,-0.00000068,0,0.04739,0.00031,-0.00106,0,20.96083,1.68135,-1.1209,0,1.87,0.15,-0.1,0,2154.8874,,,0,6.78,,,0,Mass,0,,,0,,,,,2562,43,-52,0,0,<a refstr=ZHOU_ET_AL__2019 href=https://ui.adsabs.harvard.edu/abs/2019AJ....158..141Z/abstract target=ref>Zhou et al. 2019</a>,,8450,540,-690,0,1.858,0.119,-0.091,0,1.89,0.01,-0.013,0,-0.059,0.075,-0.088,0,[Fe/H],4.181,0.055,-0.063,0,<a refstr=STASSUN_ET_AL__2019 href=https://ui.adsabs.harvard.edu/abs/2019AJ....158..138S/abstract target=ref>TICv8</a>,04h58m12.56s,74.5523332,+09d59m52.73s,9.9979794,330.739,6.818,-6.552,9.47,0.004,-0.004,8.963,0.024,-0.024,9.45174,0.000266,-0.000266,8/12/19,2019-10,8/15/19
HAT-P-70 b,HAT-P-70,0,1,1,Transit,2019,HATNet,Published Confirmed,0,<a refstr=KOKORI_ET_AL__2023 href=https://ui.adsabs.harvard.edu/abs/2023ApJS..265....4K/abstract target=ref>Kokori et al. 2023</a>,2.74431939,0.00000098,-0.00000098,0,,,,,,,,,,,,,,,,,,,,,,,,,,,,,,,,,,0,<a refstr=ZHOU_ET_AL__2019 href=https://ui.adsabs.harvard.edu/abs/2019AJ....158..141Z/abstract target=ref>Zhou et al. 2019</a>,,8450,540,-690,0,1.858,0.119,-0.091,0,1.89,0.01,-0.013,0,-0.059,0.075,-0.088,0,[Fe/H],4.181,0.055,-0.063,0,<a refstr=STASSUN_ET_AL__2019 href=https://ui.adsabs.harvard.edu/abs/2019AJ....158..138S/abstract target=ref>TICv8</a>,04h58m12.56s,74.5523332,+09d59m52.73s,9.9979794,330.739,6.818,-6.552,9.47,0.004,-0.004,8.963,0.024,-0.024,9.45174,0.000266,-0.000266,3/4/24,2023-03,3/4/24
HATS-54 b,HATS-54,0,1,1,Transit,2019,HATSouth,TESS Project Candidate,0,<a refstr=EXOFOP_TESS_TOI href=https://exofop.ipac.caltech.edu/tess/view_toi.php target=ref>ExoFOP-TESS TOI</a>,2.5441537,0.0000113,-0.0000113,0,,,,,10.5577,,,0,0.94189653,,,0,,,,,,,,,,,,,,476.965,,,0,1301,,,0,0,<a refstr=EXOFOP_TESS_TOI href=https://exofop.ipac.caltech.edu/tess/view_toi.php target=ref>ExoFOP-TESS TOI</a>,,5652,122,-122,0,1.31,,,0,,,,,,,,,,4.2,,,0,<a refstr=STASSUN_ET_AL__2019 href=https://ui.adsabs.harvard.edu/abs/2019AJ....158..138S/abstract target=ref>TICv8</a>,13h22m32.37s,200.6348641,-44d41m19.82s,-44.6888393,748.585,22.665,-21.392,13.937,0.08,-0.08,12.17,0.019,-0.019,13.7762,0.000378,-0.000378,2/8/23,2017-07,2/8/23
HATS-54 b,HATS-54,1,1,1,Transit,2019,HATSouth,Published Confirmed,0,<a refstr=JACKSON_ET_AL__2022 href=https://ui.adsabs.harvard.edu/abs/2022arXiv221101044J/abstract target=ref>Jackson et al. 2022</a>,2.5441765,0.0000024,-0.0000024,0,0.037,0.001,-0.001,0,11.37711541,0.26901554,-0.26901554,0,1.015,0.024,-0.024,0,239.3247905,18.1162192,-18.1162192,0,0.753,0.057,-0.057,0,Mass,0,,,0,,,,,1429,24,-24,0,0,<a refstr=JACKSON_ET_AL__2022 href=https://ui.adsabs.harvard.edu/abs/2022arXiv221101044J/abstract target=ref>Jackson et al. 2022</a>,G6 V,5621,70,-70,0,1.23,0.02,-0.02,0,1.05,0.05,-0.05,0,0.37,0.07,-0.07,0,[Fe/H],4.2,0.2,-0.2,0,<a refstr=STASSUN_ET_AL__2019 href=https://ui.adsabs.harvard.edu/abs/2019AJ....158..138S/abstract target=ref>TICv8</a>,13h22m32.37s,200.6348641,-44d41m19.82s,-44.6888393,748.585,22.665,-21.392,13.937,0.08,-0.08,12.17,0.019,-0.019,13.7762,0.000378,-0.000378,1/4/23,2022-11,1/4/23
HATS-54 b,HATS-54,0,1,1,Transit,2019,HATSouth,Published Confirmed,0,<a refstr=ESPINOZA_ET_AL__2019 href=https://ui.adsabs.harvard.edu/abs/2019AJ....158...63E/abstract target=ref>Espinoza et al. 2019</a>,2.5441828,0.0000043,-0.0000043,0,0.03763,0.00024,-0.00024,0,11.960003,0.582868,-0.582868,0,1.067,0.052,-0.052,0,241.5508,31.783,-31.783,0,0.76,0.1,-0.1,0,Mass,0.126,,,1,,,,,1625,22,-22,0,0,<a refstr=ESPINOZA_ET_AL__2019 href=https://ui.adsabs.harvard.edu/abs/2019AJ....158...63E/abstract target=ref>Espinoza et al. 2019</a>,,5702,26,-26,0,1.317,0.036,-0.036,0,1.097,0.022,-0.022,0,0.396,0.031,-0.031,0,[Fe/H],4.24,0.023,-0.023,0,<a refstr=STASSUN_ET_AL__2019 href=https://ui.adsabs.harvard.edu/abs/2019AJ....158..138S/abstract target=ref>TICv8</a>,13h22m32.37s,200.6348641,-44d41m19.82s,-44.6888393,748.585,22.665,-21.392,13.937,0.08,-0.08,12.17,0.019,-0.019,13.7762,0.000378,-0.000378,8/9/19,2019-08,8/15/19
HATS-55 b,HATS-55,0,1,1,Transit,2019,HATSouth,Published Confirmed,0,<a refstr=IVSHINA__AMP__WINN_2022 href=https://ui.adsabs.harvard.edu/abs/2022ApJS..259...62I/abstract target=ref>Ivshina &amp; Winn 2022</a>,4.2041844,0.000003,-0.000003,0,,,,,,,,,,,,,,,,,,,,,,,,,,,,,,,,,,0,,,,,,,,,,,,,,,,,,,,,,,,<a refstr=STASSUN_ET_AL__2019 href=https://ui.adsabs.harvard.edu/abs/2019AJ....158..138S/abstract target=ref>TICv8</a>,07h37m08.01s,114.2833819,-32d45m19.51s,-32.7554188,609.838,6.099,-5.982,13.525,0.08,-0.08,12.02,0.041,-0.041,13.3498,0.00026,-0.00026,10/18/22,2022-04,10/18/22
HATS-55 b,HATS-55,0,1,1,Transit,2019,HATSouth,Published Confirmed,0,<a refstr=PATEL__AMP__ESPINOZA_2022 href=https://ui.adsabs.harvard.edu/abs/2022AJ....163..228P/abstract target=ref>Patel &amp; Espinoza 2022</a>,4.2042001,0.000003,-0.0000029,0,,,,,,,,,,,,,,,,,,,,,,,,,,,,,,,,,,0,<a refstr=ESPINOZA_ET_AL__2019 href=https://ui.adsabs.harvard.edu/abs/2019AJ....158...63E/abstract target=ref>Espinoza et al. 2019</a>,,6214,36,-36,0,1.126,0.011,-0.011,0,1.1955,0.0091,-0.0119,0,0.108,0.046,-0.03,0,[Fe/H],4.4121,0.007,-0.007,0,<a refstr=STASSUN_ET_AL__2019 href=https://ui.adsabs.harvard.edu/abs/2019AJ....158..138S/abstract target=ref>TICv8</a>,07h37m08.01s,114.2833819,-32d45m19.51s,-32.7554188,609.838,6.099,-5.982,13.525,0.08,-0.08,12.02,0.041,-0.041,13.3498,0.00026,-0.00026,5/3/22,2022-05,5/3/22
HATS-55 b,HATS-55,0,1,1,Transit,2019,HATSouth,TESS Project Candidate,0,<a refstr=EXOFOP_TESS_TOI href=https://exofop.ipac.caltech.edu/tess/view_toi.php target=ref>ExoFOP-TESS TOI</a>,4.204207808,1.03903E-05,-1.03903E-05,0,,,,,12.1025,0.809459,-0.809459,0,1.07971459,0.07221522,-0.07221522,0,,,,,,,,,,,,,,355.909,,,0,1210,,,0,0,<a refstr=EXOFOP_TESS_TOI href=https://exofop.ipac.caltech.edu/tess/view_toi.php target=ref>ExoFOP-TESS TOI</a>,,6781,133.6,-133.6,0,1.07,0.05,-0.05,0,,,,,,,,,,4.54,0.09,-0.09,0,<a refstr=STASSUN_ET_AL__2019 href=https://ui.adsabs.harvard.edu/abs/2019AJ....158..138S/abstract target=ref>TICv8</a>,07h37m08.01s,114.2833819,-32d45m19.51s,-32.7554188,609.838,6.099,-5.982,13.525,0.08,-0.08,12.02,0.041,-0.041,13.3498,0.00026,-0.00026,6/11/25,2017-07,6/11/25
HATS-55 b,HATS-55,1,1,1,Transit,2019,HATSouth,Published Confirmed,0,<a refstr=ESPINOZA_ET_AL__2019 href=https://ui.adsabs.harvard.edu/abs/2019AJ....158...63E/abstract target=ref>Espinoza et al. 2019</a>,4.2042001,0.0000033,-0.0000033,0,0.05412,0.00014,-0.00018,0,14.022459,0.291434,-0.291434,0,1.251,0.026,-0.026,0,292.72143,24.15508,-24.15508,0,0.921,0.076,-0.076,0,Mass,0.092,,,1,,,,,1367,10,-10,0,0,<a refstr=ESPINOZA_ET_AL__2019 href=https://ui.adsabs.harvard.edu/abs/2019AJ....158...63E/abstract target=ref>Espinoza et al. 2019</a>,,6214,36,-36,0,1.126,0.011,-0.011,0,1.1955,0.0091,-0.0119,0,0.108,0.046,-0.03,0,[Fe/H],4.4121,0.007,-0.007,0,<a refstr=STASSUN_ET_AL__2019 href=https://ui.adsabs.harvard.edu/abs/2019AJ....158..138S/abstract target=ref>TICv8</a>,07h37m08.01s,114.2833819,-32d45m19.51s,-32.7554188,609.838,6.099,-5.982,13.525,0.08,-0.08,12.02,0.041,-0.041,13.3498,0.00026,-0.00026,8/9/19,2019-08,8/15/19
HATS-56 b,HATS-56,0,1,1,Transit,2019,HATSouth,TESS Project Candidate,0,<a refstr=EXOFOP_TESS_TOI href=https://exofop.ipac.caltech.edu/tess/view_toi.php target=ref>ExoFOP-TESS TOI</a>,4.3247708,0.0000072,-0.0000072,0,,,,,17.0257,0.853523,-0.853523,0,1.51893383,0.07614635,-0.07614635,0,,,,,,,,,,,,,,1080.87,,,0,1597,,,0,0,<a refstr=EXOFOP_TESS_TOI href=https://exofop.ipac.caltech.edu/tess/view_toi.php target=ref>ExoFOP-TESS TOI</a>,,6457,134.1,-134.1,0,2.13,0.1,-0.1,0,,,,,,,,,,3.9,0.09,-0.09,0,<a refstr=STASSUN_ET_AL__2019 href=https://ui.adsabs.harvard.edu/abs/2019AJ....158..138S/abstract target=ref>TICv8</a>,12h00m39.62s,180.165072,-45d47m58.04s,-45.7994559,564.409,11.513,-11.07,11.477,0.011,-0.011,10.251,0.019,-0.019,11.4877,0.00077,-0.00077,2/8/23,2017-07,2/8/23
HATS-56 b,HATS-56,1,1,1,Transit,2019,HATSouth,Published Confirmed,0,<a refstr=ESPINOZA_ET_AL__2019 href=https://ui.adsabs.harvard.edu/abs/2019AJ....158...63E/abstract target=ref>Espinoza et al. 2019</a>,4.324799,0.000027,-0.000027,0,0.06043,0.00022,-0.00022,0,18.920792,0.437151,-0.616495,0,1.688,0.039,-0.055,0,191.33366,11.12405,-11.12405,0,0.602,0.035,-0.035,0,Mass,0.019,,,1,,,,,1902,16,-16,0,0,<a refstr=ESPINOZA_ET_AL__2019 href=https://ui.adsabs.harvard.edu/abs/2019AJ....158...63E/abstract target=ref>Espinoza et al. 2019</a>,,6536,31,-31,0,2.201,0.036,-0.036,0,1.573,0.017,-0.017,0,0.19,0.024,-0.024,0,[Fe/H],3.949,0.012,-0.012,0,<a refstr=STASSUN_ET_AL__2019 href=https://ui.adsabs.harvard.edu/abs/2019AJ....158..138S/abstract target=ref>TICv8</a>,12h00m39.62s,180.165072,-45d47m58.04s,-45.7994559,564.409,11.513,-11.07,11.477,0.011,-0.011,10.251,0.019,-0.019,11.4877,0.00077,-0.00077,8/9/19,2019-08,8/15/19
HATS-56 b,HATS-56,0,1,1,Transit,2019,HATSouth,Published Confirmed,0,<a refstr=IVSHINA__AMP__WINN_2022 href=https://ui.adsabs.harvard.edu/abs/2022ApJS..259...62I/abstract target=ref>Ivshina &amp; Winn 2022</a>,4.3247661,0.000004,-0.000004,0,,,,,,,,,,,,,,,,,,,,,,,,,,,,,,,,,,0,,,,,,,,,,,,,,,,,,,,,,,,<a refstr=STASSUN_ET_AL__2019 href=https://ui.adsabs.harvard.edu/abs/2019AJ....158..138S/abstract target=ref>TICv8</a>,12h00m39.62s,180.165072,-45d47m58.04s,-45.7994559,564.409,11.513,-11.07,11.477,0.011,-0.011,10.251,0.019,-0.019,11.4877,0.00077,-0.00077,10/18/22,2022-04,10/18/22
HATS-56 b,HATS-56,0,1,1,Transit,2019,HATSouth,Published Confirmed,0,<a refstr=KOKORI_ET_AL__2023 href=https://ui.adsabs.harvard.edu/abs/2023ApJS..265....4K/abstract target=ref>Kokori et al. 2023</a>,4.3247662,0.0000019,-0.0000019,0,,,,,,,,,,,,,,,,,,,,,,,,,,,,,,,,,,0,<a refstr=ESPINOZA_ET_AL__2019 href=https://ui.adsabs.harvard.edu/abs/2019AJ....158...63E/abstract target=ref>Espinoza et al. 2019</a>,,6536,31,-31,0,2.201,0.036,-0.036,0,1.573,0.017,-0.017,0,0.19,0.024,-0.024,0,[Fe/H],3.949,0.012,-0.012,0,<a refstr=STASSUN_ET_AL__2019 href=https://ui.adsabs.harvard.edu/abs/2019AJ....158..138S/abstract target=ref>TICv8</a>,12h00m39.62s,180.165072,-45d47m58.04s,-45.7994559,564.409,11.513,-11.07,11.477,0.011,-0.011,10.251,0.019,-0.019,11.4877,0.00077,-0.00077,3/4/24,2023-03,3/4/24
HATS-57 b,HATS-57,1,1,1,Transit,2019,HATSouth,Published Confirmed,0,<a refstr=ESPINOZA_ET_AL__2019 href=https://ui.adsabs.harvard.edu/abs/2019AJ....158...63E/abstract target=ref>Espinoza et al. 2019</a>,2.350621,0.0000013,-0.0000013,0,0.03493,0.00021,-0.0003,0,12.767051,0.313852,-0.313852,0,1.139,0.028,-0.028,0,1000.21101,23.20159,-23.20159,0,3.147,0.073,-0.073,0,Mass,0.028,,,1,,,,,1413.4,9.7,-9.7,0,0,<a refstr=ESPINOZA_ET_AL__2019 href=https://ui.adsabs.harvard.edu/abs/2019AJ....158...63E/abstract target=ref>Espinoza et al. 2019</a>,,5587,19,-19,0,0.96,0.011,-0.011,0,1.026,0.019,-0.026,0,0.268,0.043,-0.043,0,[Fe/H],4.484,0.016,-0.016,0,<a refstr=STASSUN_ET_AL__2019 href=https://ui.adsabs.harvard.edu/abs/2019AJ....158..138S/abstract target=ref>TICv8</a>,04h03m47.59s,60.9482779,-19d03m24.55s,-19.0568182,279.485,3.118,-3.05,12.333,0.069,-0.069,10.707,0.027,-0.027,12.1816,0.000743,-0.000743,8/9/19,2019-08,8/15/19
HATS-57 b,HATS-57,0,1,1,Transit,2019,HATSouth,Published Confirmed,0,<a refstr=PATEL__AMP__ESPINOZA_2022 href=https://ui.adsabs.harvard.edu/abs/2022AJ....163..228P/abstract target=ref>Patel &amp; Espinoza 2022</a>,2.3506209,0.0000012,-0.0000012,0,,,,,,,,,,,,,,,,,,,,,,,,,,,,,,,,,,0,<a refstr=ESPINOZA_ET_AL__2019 href=https://ui.adsabs.harvard.edu/abs/2019AJ....158...63E/abstract target=ref>Espinoza et al. 2019</a>,,5587,19,-19,0,0.96,0.011,-0.011,0,1.026,0.019,-0.026,0,0.268,0.043,-0.043,0,[Fe/H],4.484,0.016,-0.016,0,<a refstr=STASSUN_ET_AL__2019 href=https://ui.adsabs.harvard.edu/abs/2019AJ....158..138S/abstract target=ref>TICv8</a>,04h03m47.59s,60.9482779,-19d03m24.55s,-19.0568182,279.485,3.118,-3.05,12.333,0.069,-0.069,10.707,0.027,-0.027,12.1816,0.000743,-0.000743,5/3/22,2022-05,5/3/22
HATS-57 b,HATS-57,0,1,1,Transit,2019,HATSouth,Published Confirmed,0,<a refstr=IVSHINA__AMP__WINN_2022 href=https://ui.adsabs.harvard.edu/abs/2022ApJS..259...62I/abstract target=ref>Ivshina &amp; Winn 2022</a>,2.35061769,0.00000077,-0.00000077,0,,,,,,,,,,,,,,,,,,,,,,,,,,,,,,,,,,0,,,,,,,,,,,,,,,,,,,,,,,,<a refstr=STASSUN_ET_AL__2019 href=https://ui.adsabs.harvard.edu/abs/2019AJ....158..138S/abstract target=ref>TICv8</a>,04h03m47.59s,60.9482779,-19d03m24.55s,-19.0568182,279.485,3.118,-3.05,12.333,0.069,-0.069,10.707,0.027,-0.027,12.1816,0.000743,-0.000743,10/18/22,2022-04,10/18/22
HATS-57 b,HATS-57,0,1,1,Transit,2019,HATSouth,TESS Project Candidate,0,<a refstr=EXOFOP_TESS_TOI href=https://exofop.ipac.caltech.edu/tess/view_toi.php target=ref>ExoFOP-TESS TOI</a>,2.3506186,0.000001,-0.000001,0,,,,,12.801,0.662199,-0.662199,0,1.14203069,0.05907754,-0.05907754,0,,,,,,,,,,,,,,570.233,,,0,1361,,,0,0,<a refstr=EXOFOP_TESS_TOI href=https://exofop.ipac.caltech.edu/tess/view_toi.php target=ref>ExoFOP-TESS TOI</a>,,5593,124.5,-124.5,0,0.97,0.05,-0.05,0,,,,,,,,,,4.46,0.08,-0.08,0,<a refstr=STASSUN_ET_AL__2019 href=https://ui.adsabs.harvard.edu/abs/2019AJ....158..138S/abstract target=ref>TICv8</a>,04h03m47.59s,60.9482779,-19d03m24.55s,-19.0568182,279.485,3.118,-3.05,12.333,0.069,-0.069,10.707,0.027,-0.027,12.1816,0.000743,-0.000743,8/8/22,2017-07,8/8/22
HATS-57 b,HATS-57,0,1,1,Transit,2019,HATSouth,Published Confirmed,0,<a refstr=KOKORI_ET_AL__2023 href=https://ui.adsabs.harvard.edu/abs/2023ApJS..265....4K/abstract target=ref>Kokori et al. 2023</a>,2.35061721,0.00000062,-0.00000062,0,,,,,,,,,,,,,,,,,,,,,,,,,,,,,,,,,,0,<a refstr=ESPINOZA_ET_AL__2019 href=https://ui.adsabs.harvard.edu/abs/2019AJ....158...63E/abstract target=ref>Espinoza et al. 2019</a>,,5587,19,-19,0,0.96,0.011,-0.011,0,1.026,0.019,-0.026,0,0.268,0.043,-0.043,0,[Fe/H],4.484,0.016,-0.016,0,<a refstr=STASSUN_ET_AL__2019 href=https://ui.adsabs.harvard.edu/abs/2019AJ....158..138S/abstract target=ref>TICv8</a>,04h03m47.59s,60.9482779,-19d03m24.55s,-19.0568182,279.485,3.118,-3.05,12.333,0.069,-0.069,10.707,0.027,-0.027,12.1816,0.000743,-0.000743,3/4/24,2023-03,3/4/24
HATS-58 A b,HATS-58 A,1,2,1,Transit,2019,HATSouth,Published Confirmed,0,<a refstr=ESPINOZA_ET_AL__2019 href=https://ui.adsabs.harvard.edu/abs/2019AJ....158...63E/abstract target=ref>Espinoza et al. 2019</a>,4.2180896,0.0000089,-0.0000089,0,0.05798,0.00057,-0.00057,0,12.273855,0.694958,-0.694958,0,1.095,0.062,-0.062,0,327.3649,73.1009,-73.1009,0,1.03,0.23,-0.23,0,Mass,0.168,,,1,,,,,1721,34,-34,0,0,<a refstr=ESPINOZA_ET_AL__2019 href=https://ui.adsabs.harvard.edu/abs/2019AJ....158...63E/abstract target=ref>Espinoza et al. 2019</a>,,7175,54,-54,0,1.433,0.059,-0.059,0,1.461,0.043,-0.043,0,,,,,,4.292,0.028,-0.028,0,<a refstr=STASSUN_ET_AL__2019 href=https://ui.adsabs.harvard.edu/abs/2019AJ....158..138S/abstract target=ref>TICv8</a>,12h27m08.95s,186.7873036,-48d58m42.28s,-48.9784105,403.591,,,11.572,0.046,-0.046,10.289,0.023,-0.023,11.7679,0.001461,-0.001461,8/9/19,2019-08,8/15/19
HATS-58 A b,HATS-58 A,0,2,1,Transit,2019,HATSouth,Published Confirmed,0,<a refstr=IVSHINA__AMP__WINN_2022 href=https://ui.adsabs.harvard.edu/abs/2022ApJS..259...62I/abstract target=ref>Ivshina &amp; Winn 2022</a>,4.2180732,0.0000042,-0.0000042,0,,,,,,,,,,,,,,,,,,,,,,,,,,,,,,,,,,0,,,,,,,,,,,,,,,,,,,,,,,,<a refstr=STASSUN_ET_AL__2019 href=https://ui.adsabs.harvard.edu/abs/2019AJ....158..138S/abstract target=ref>TICv8</a>,12h27m08.95s,186.7873036,-48d58m42.28s,-48.9784105,403.591,,,11.572,0.046,-0.046,10.289,0.023,-0.023,11.7679,0.001461,-0.001461,10/18/22,2022-04,10/18/22
HATS-58 A b,HATS-58 A,0,2,1,Transit,2019,HATSouth,Published Confirmed,0,<a refstr=KOKORI_ET_AL__2023 href=https://ui.adsabs.harvard.edu/abs/2023ApJS..265....4K/abstract target=ref>Kokori et al. 2023</a>,4.2180733,0.0000031,-0.0000031,0,,,,,,,,,,,,,,,,,,,,,,,,,,,,,,,,,,0,<a refstr=ESPINOZA_ET_AL__2019 href=https://ui.adsabs.harvard.edu/abs/2019AJ....158...63E/abstract target=ref>Espinoza et al. 2019</a>,,7175,54,-54,0,1.433,0.059,-0.059,0,1.461,0.043,-0.043,0,,,,,,4.292,0.028,-0.028,0,<a refstr=STASSUN_ET_AL__2019 href=https://ui.adsabs.harvard.edu/abs/2019AJ....158..138S/abstract target=ref>TICv8</a>,12h27m08.95s,186.7873036,-48d58m42.28s,-48.9784105,403.591,,,11.572,0.046,-0.046,10.289,0.023,-0.023,11.7679,0.001461,-0.001461,3/4/24,2023-03,3/4/24
HATS-58 A b,HATS-58 A,0,2,1,Transit,2019,HATSouth,TESS Project Candidate,0,<a refstr=EXOFOP_TESS_TOI href=https://exofop.ipac.caltech.edu/tess/view_toi.php target=ref>ExoFOP-TESS TOI</a>,4.218075976,6.40508E-06,-6.40508E-06,0,,,,,10.00804679,0.12596144,-0.12596144,0,0.89285967,0.01123755,-0.01123755,0,,,,,,,,,,,,,,382.7103,,,0,1128.07,,,0,0,<a refstr=EXOFOP_TESS_TOI href=https://exofop.ipac.caltech.edu/tess/view_toi.php target=ref>ExoFOP-TESS TOI</a>,,5780,,,0,1,,,0,,,,,,,,,,4.438,,,0,<a refstr=STASSUN_ET_AL__2019 href=https://ui.adsabs.harvard.edu/abs/2019AJ....158..138S/abstract target=ref>TICv8</a>,12h27m08.95s,186.7873036,-48d58m42.28s,-48.9784105,403.591,,,11.572,0.046,-0.046,10.289,0.023,-0.023,11.7679,0.001461,-0.001461,9/17/25,2017-07,8/9/22
HATS-70 b,HATS-70,0,1,1,Transit,2019,HATSouth,Published Confirmed,0,<a refstr=IVSHINA__AMP__WINN_2022 href=https://ui.adsabs.harvard.edu/abs/2022ApJS..259...62I/abstract target=ref>Ivshina &amp; Winn 2022</a>,1.8882393,0.0000031,-0.0000031,0,,,,,,,,,,,,,,,,,,,,,,,,,,,,,,,,,,0,,,,,,,,,,,,,,,,,,,,,,,,<a refstr=STASSUN_ET_AL__2019 href=https://ui.adsabs.harvard.edu/abs/2019AJ....158..138S/abstract target=ref>TICv8</a>,07h16m25.09s,109.1045212,-31d14m39.82s,-31.2443947,1458.83,68.6,-62.81,12.227,0.035,-0.035,12.04,0.026,-0.026,12.586,0.000206,-0.000206,10/18/22,2022-04,10/18/22
HATS-70 b,HATS-70,1,1,1,Transit,2019,HATSouth,Published Confirmed,0,<a refstr=ZHOU_ET_AL__2019 href=https://ui.adsabs.harvard.edu/abs/2019AJ....157...31Z/abstract target=ref>Zhou et al. 2019</a>,1.8882378,0.0000015,-0.0000015,0,0.03632,0.00074,-0.00087,0,15.513256,0.885511,-0.829466,0,1.384,0.079,-0.074,0,4100.007,572.094,-508.528,0,12.9,1.8,-1.6,0,Mass,0.18,,,1,9110,170,-170,0,2730,140,-160,0,0,<a refstr=ZHOU_ET_AL__2019 href=https://ui.adsabs.harvard.edu/abs/2019AJ....157...31Z/abstract target=ref>Zhou et al. 2019</a>,,7930,630,-820,0,1.881,0.059,-0.066,0,1.78,0.12,-0.12,0,0.041,0.095,-0.107,0,[Fe/H],4.167,0.044,-0.036,0,<a refstr=STASSUN_ET_AL__2019 href=https://ui.adsabs.harvard.edu/abs/2019AJ....158..138S/abstract target=ref>TICv8</a>,07h16m25.09s,109.1045212,-31d14m39.82s,-31.2443947,1458.83,68.6,-62.81,12.227,0.035,-0.035,12.04,0.026,-0.026,12.586,0.000206,-0.000206,12/2/19,2019-01,2/14/19
HATS-70 b,HATS-70,0,1,1,Transit,2019,HATSouth,Published Confirmed,0,<a refstr=PATEL__AMP__ESPINOZA_2022 href=https://ui.adsabs.harvard.edu/abs/2022AJ....163..228P/abstract target=ref>Patel &amp; Espinoza 2022</a>,1.8882378,0.0000014,-0.0000014,0,,,,,,,,,,,,,,,,,,,,,,,,,,,,,,,,,,0,<a refstr=ZHOU_ET_AL__2019 href=https://ui.adsabs.harvard.edu/abs/2019AJ....157...31Z/abstract target=ref>Zhou et al. 2019</a>,,7930,630,-820,0,1.881,0.059,-0.066,0,1.78,0.12,-0.12,0,0.041,0.095,-0.107,0,[Fe/H],4.167,0.044,-0.036,0,<a refstr=STASSUN_ET_AL__2019 href=https://ui.adsabs.harvard.edu/abs/2019AJ....158..138S/abstract target=ref>TICv8</a>,07h16m25.09s,109.1045212,-31d14m39.82s,-31.2443947,1458.83,68.6,-62.81,12.227,0.035,-0.035,12.04,0.026,-0.026,12.586,0.000206,-0.000206,5/3/22,2022-05,5/3/22
HATS-70 b,HATS-70,0,1,1,Transit,2019,HATSouth,Published Confirmed,0,<a refstr=KOKORI_ET_AL__2023 href=https://ui.adsabs.harvard.edu/abs/2023ApJS..265....4K/abstract target=ref>Kokori et al. 2023</a>,1.88823968,0.00000076,-0.00000076,0,,,,,,,,,,,,,,,,,,,,,,,,,,,,,,,,,,0,<a refstr=ZHOU_ET_AL__2019 href=https://ui.adsabs.harvard.edu/abs/2019AJ....157...31Z/abstract target=ref>Zhou et al. 2019</a>,,7930,630,-820,0,1.881,0.059,-0.066,0,1.78,0.12,-0.12,0,0.041,0.095,-0.107,0,[Fe/H],4.167,0.044,-0.036,0,<a refstr=STASSUN_ET_AL__2019 href=https://ui.adsabs.harvard.edu/abs/2019AJ....158..138S/abstract target=ref>TICv8</a>,07h16m25.09s,109.1045212,-31d14m39.82s,-31.2443947,1458.83,68.6,-62.81,12.227,0.035,-0.035,12.04,0.026,-0.026,12.586,0.000206,-0.000206,3/4/24,2023-03,3/4/24
HATS-70 b,HATS-70,0,1,1,Transit,2019,HATSouth,TESS Project Candidate,0,<a refstr=EXOFOP_TESS_TOI href=https://exofop.ipac.caltech.edu/tess/view_toi.php target=ref>ExoFOP-TESS TOI</a>,1.888231016,5.47348E-06,-5.47348E-06,0,,,,,14.47764261,0.9534359,-0.9534359,0,1.29161099,0.08506,-0.08506,0,,,,,,,,,,,,,,14536.6627,,,0,2800.5,,,0,0,<a refstr=EXOFOP_TESS_TOI href=https://exofop.ipac.caltech.edu/tess/view_toi.php target=ref>ExoFOP-TESS TOI</a>,,8549,152.1,-152.1,0,2.12128,0.118809,-0.118809,0,,,,,,,,,,4.11,0.08,-0.08,0,<a refstr=STASSUN_ET_AL__2019 href=https://ui.adsabs.harvard.edu/abs/2019AJ....158..138S/abstract target=ref>TICv8</a>,07h16m25.09s,109.1045212,-31d14m39.82s,-31.2443947,1458.83,68.6,-62.81,12.227,0.035,-0.035,12.04,0.026,-0.026,12.586,0.000206,-0.000206,2/5/24,2017-07,2/5/24
HD 102843 b,HD 102843,1,1,1,Radial Velocity,2019,Las Campanas Observatory,Published Confirmed,0,<a refstr=FENG_ET_AL__2019 href=https://ui.adsabs.harvard.edu/abs/2019ApJS..242...25F/abstract target=ref>Feng et al. 2019</a>,3090.942,295.049,-295.049,0,4.074,0.27,-0.27,0,,,,,,,,,113.9,14.5,-14.5,0,0.35836768,0.04562187,-0.04562187,0,Msini,0.11,0.07,-0.07,0,,,,,,,,,0,<a refstr=FENG_ET_AL__2019 href=https://ui.adsabs.harvard.edu/abs/2019ApJS..242...25F/abstract target=ref>Feng et al. 2019</a>,K0 V,5436,144,-69,0,,,,,0.95,0.05,-0.05,0,,,,,,,,,,<a refstr=STASSUN_ET_AL__2019 href=https://ui.adsabs.harvard.edu/abs/2019AJ....158..138S/abstract target=ref>TICv8</a>,11h50m20.51s,177.5854673,-01d15m08.28s,-1.2522989,62.758,0.2124,-0.2111,9.26,0.03,-0.03,7.495,0.023,-0.023,9.04883,0.000175,-0.000175,5/20/19,2019-06,5/23/19
HD 103949 b,HD 103949,1,1,1,Radial Velocity,2019,Las Campanas Observatory,Published Confirmed,0,<a refstr=FENG_ET_AL__2019 href=https://ui.adsabs.harvard.edu/abs/2019ApJS..242...25F/abstract target=ref>Feng et al. 2019</a>,120.878,0.446,-0.446,0,0.439,0.009,-0.009,0,,,,,,,,,11.2,2.3,-2.3,0,0.03523896,0.00723657,-0.00723657,0,Msini,0.19,0.12,-0.12,0,,,,,,,,,0,<a refstr=FENG_ET_AL__2019 href=https://ui.adsabs.harvard.edu/abs/2019ApJS..242...25F/abstract target=ref>Feng et al. 2019</a>,K3 V,4792,66,-54,0,,,,,0.77,0.04,-0.04,0,,,,,,,,,,<a refstr=STASSUN_ET_AL__2019 href=https://ui.adsabs.harvard.edu/abs/2019AJ....158..138S/abstract target=ref>TICv8</a>,11h58m11.51s,179.5479558,-23d55m26.84s,-23.9241221,26.4997,0.0538,-0.0537,8.7,0.03,-0.03,6.314,0.021,-0.021,8.38479,0.000407,-0.000407,5/20/19,2019-06,5/23/19
HD 125390 b,HD 125390,0,1,1,Radial Velocity,2019,W. M. Keck Observatory,Published Confirmed,0,<a refstr=XIAO_ET_AL__2023 href=https://ui.adsabs.harvard.edu/abs/2023RAA....23e5022X/abstract target=ref>Xiao et al. 2023</a>,1758,4.7,-4.7,0,3.184,0.076,-0.08,0,,,,,,,,,10806.16584,1080.616584,-1048.833743,0,34,3.4,-3.3,0,Mass,0.598,0.022,-0.017,0,,,,,,,,,0,<a refstr=XIAO_ET_AL__2023 href=https://ui.adsabs.harvard.edu/abs/2023RAA....23e5022X/abstract target=ref>Xiao et al. 2023</a>,G7 III,4882,29,-29,0,,,,,1.6,0.07,-0.07,0,-0.11,0.02,-0.02,0,[Fe/H],3.04,0.04,-0.04,0,<a refstr=STASSUN_ET_AL__2019 href=https://ui.adsabs.harvard.edu/abs/2019AJ....158..138S/abstract target=ref>TICv8</a>,14h18m09.30s,214.5387463,+38d58m00.89s,38.9669132,153.647,0.854,-0.854,8.21,0.03,-0.03,5.875,0.018,-0.018,7.94061,0.000205,-0.000205,6/12/23,2023-05,6/12/23
HD 125390 b,HD 125390,1,1,1,Radial Velocity,2019,W. M. Keck Observatory,Published Confirmed,0,<a refstr=FENG_ET_AL__2022 href=https://ui.adsabs.harvard.edu/abs/2022ApJS..262...21F/abstract target=ref>Feng et al. 2022</a>,1757.39151,4.66922,-5.44185,0,3.496,0.066,-0.069,0,,,,,,,,,8646.203984,1311.995664,-99.48029139,0,27.204,4.128,-0.313,0,Mass,0.597,0.02,-0.017,0,,,,,,,,,0,<a refstr=FENG_ET_AL__2022 href=https://ui.adsabs.harvard.edu/abs/2022ApJS..262...21F/abstract target=ref>Feng et al. 2022</a>,,,,,,,,,,1.82,0.105,-0.105,0,,,,,,,,,,<a refstr=STASSUN_ET_AL__2019 href=https://ui.adsabs.harvard.edu/abs/2019AJ....158..138S/abstract target=ref>TICv8</a>,14h18m09.30s,214.5387463,+38d58m00.89s,38.9669132,153.647,0.854,-0.854,8.21,0.03,-0.03,5.875,0.018,-0.018,7.94061,0.000205,-0.000205,6/12/23,2022-09,6/12/23
HD 125390 b,HD 125390,0,1,1,Radial Velocity,2019,W. M. Keck Observatory,Published Confirmed,0,<a refstr=LUHN_ET_AL__2019 href=https://ui.adsabs.harvard.edu/abs/2019AJ....157..149L/abstract target=ref>Luhn et al. 2019</a>,1756.2,3.9,-3.9,0,3.16,0.36,-0.36,0,,,,,,,,,7043.1128,305.1168,-305.1168,0,22.16,0.96,-0.96,0,Msini,0.591,0.014,-0.014,0,,,,,,,,,0,<a refstr=LUHN_ET_AL__2019 href=https://ui.adsabs.harvard.edu/abs/2019AJ....157..149L/abstract target=ref>Luhn et al. 2019</a>,G7 V,4850,,,0,6.47,,,0,1.36,,,0,,,,,,3.13,,,0,<a refstr=STASSUN_ET_AL__2019 href=https://ui.adsabs.harvard.edu/abs/2019AJ....158..138S/abstract target=ref>TICv8</a>,14h18m09.30s,214.5387463,+38d58m00.89s,38.9669132,153.647,0.854,-0.854,8.21,0.03,-0.03,5.875,0.018,-0.018,7.94061,0.000205,-0.000205,11/1/19,2019-04,11/1/19 14:48
HD 134060 b,HD 134060,1,1,2,Radial Velocity,2019,La Silla Observatory,Published Confirmed,0,<a refstr=UDRY_ET_AL__2019 href=https://ui.adsabs.harvard.edu/abs/2019A&A...622A..37U/abstract target=ref>Udry et al. 2019</a>,3.2696,0.0001,-0.0001,0,0.0444,0.0013,-0.0014,0,,,,,,,,,10.1,0.79,-0.75,0,0.0318,0.0025,-0.0024,0,Msini,0.45,0.04,-0.04,0,,,,,,,,,0,<a refstr=UDRY_ET_AL__2019 href=https://ui.adsabs.harvard.edu/abs/2019A&A...622A..37U/abstract target=ref>Udry et al. 2019</a>,G3 IV,5966,14,-14,0,,,,,1.095,,,0,0.14,0.01,-0.01,0,[Fe/H],4.43,0.03,-0.03,0,<a refstr=STASSUN_ET_AL__2019 href=https://ui.adsabs.harvard.edu/abs/2019AJ....158..138S/abstract target=ref>TICv8</a>,15h10m44.34s,227.6847587,-61d25m20.55s,-61.4223747,24.0125,0.0204,-0.0203,6.29,0.03,-0.03,4.836,0.026,-0.026,6.13951,0.0005419,-0.0005419,2/5/19,2019-02,2/7/19
HD 134060 c,HD 134060,1,1,2,Radial Velocity,2019,La Silla Observatory,Published Confirmed,0,<a refstr=UDRY_ET_AL__2019 href=https://ui.adsabs.harvard.edu/abs/2019A&A...622A..37U/abstract target=ref>Udry et al. 2019</a>,1291.5646,48.0333,-44.2197,0,2.3928,0.0929,-0.0951,0,,,,,,,,,29.29,4.43,-4.24,0,0.0922,0.0139,-0.0133,0,Msini,0.11,0.13,-0.07,0,,,,,,,,,0,<a refstr=UDRY_ET_AL__2019 href=https://ui.adsabs.harvard.edu/abs/2019A&A...622A..37U/abstract target=ref>Udry et al. 2019</a>,G3 IV,5966,14,-14,0,,,,,1.095,,,0,0.14,0.01,-0.01,0,[Fe/H],4.43,0.03,-0.03,0,<a refstr=STASSUN_ET_AL__2019 href=https://ui.adsabs.harvard.edu/abs/2019AJ....158..138S/abstract target=ref>TICv8</a>,15h10m44.34s,227.6847587,-61d25m20.55s,-61.4223747,24.0125,0.0204,-0.0203,6.29,0.03,-0.03,4.836,0.026,-0.026,6.13951,0.0005419,-0.0005419,2/5/19,2019-02,2/7/19
HD 136352 b,HD 136352,0,1,3,Radial Velocity,2019,La Silla Observatory,Published Confirmed,0,<a refstr=EHRENREICH_ET_AL__2023 href=https://ui.adsabs.harvard.edu/abs/2023A&A...671A.154E/abstract target=ref>Ehrenreich et al. 2023</a>,11.577794,0.000023,-0.000025,0,0.0963,0.0021,-0.0021,0,1.643,0.035,-0.035,0,0.14657889,0.0031225,-0.0031225,0,4.68,0.4,-0.4,0,0.01472493,0.00125854,-0.00125854,0,Mass,,,,,,,,,,,,,0,<a refstr=EHRENREICH_ET_AL__2023 href=https://ui.adsabs.harvard.edu/abs/2023A&A...671A.154E/abstract target=ref>Ehrenreich et al. 2023</a>,G4 V,5664,61,-61,0,1.054,0.014,-0.014,0,0.876,0.026,-0.032,0,-0.34,0.04,-0.04,0,[Fe/H],4.39,0.11,-0.11,0,<a refstr=STASSUN_ET_AL__2019 href=https://ui.adsabs.harvard.edu/abs/2019AJ....158..138S/abstract target=ref>TICv8</a>,15h21m45.63s,230.4401147,-48d19m07.74s,-48.3188174,14.682,0.0199,-0.0198,5.65,0.03,-0.03,4.159,0.036,-0.036,5.48495,0.0015675,-0.0015675,10/30/25,2023-03,10/30/25
HD 136352 b,HD 136352,0,1,3,Radial Velocity,2019,La Silla Observatory,TESS Project Candidate,0,<a refstr=EXOFOP_TESS_TOI href=https://exofop.ipac.caltech.edu/tess/view_toi.php target=ref>ExoFOP-TESS TOI</a>,11.57783621,1.83652E-05,-1.83652E-05,0,,,,,1.54221286,0.71613497,-0.71613497,0,0.13758725,0.06388939,-0.06388939,0,,,,,,,,,,,,,,99.9013,,,0,806.33,,,0,0,<a refstr=EXOFOP_TESS_TOI href=https://exofop.ipac.caltech.edu/tess/view_toi.php target=ref>ExoFOP-TESS TOI</a>,,5739,25,-25,0,1.02607,0.045106,-0.045106,0,,,,,,,,,,4.51,0.028,-0.028,0,<a refstr=STASSUN_ET_AL__2019 href=https://ui.adsabs.harvard.edu/abs/2019AJ....158..138S/abstract target=ref>TICv8</a>,15h21m45.63s,230.4401147,-48d19m07.74s,-48.3188174,14.682,0.0199,-0.0198,5.65,0.03,-0.03,4.159,0.036,-0.036,5.48495,0.0015675,-0.0015675,2/5/24,2017-07,2/5/24
HD 136352 b,HD 136352,1,1,3,Radial Velocity,2019,La Silla Observatory,Published Confirmed,0,<a refstr=DELREZ_ET_AL__2021 href=https://ui.adsabs.harvard.edu/abs/2021NatAs.tmp..106D/abstract target=ref>Delrez et al. 2021</a>,11.57797,0.00008,-0.00013,0,0.0964,0.0028,-0.0028,0,1.664,0.043,-0.043,0,0.14845239,0.00383621,-0.00383621,0,4.72,0.42,-0.42,0,0.01485078,0.00132147,-0.00132147,0,Mass,0,,,0,111.6,7.3,-6.8,0,905,14,-14,0,0,<a refstr=DELREZ_ET_AL__2021 href=https://ui.adsabs.harvard.edu/abs/2021NatAs.tmp..106D/abstract target=ref>Delrez et al. 2021</a>,,5664,61,-61,0,1.058,0.019,-0.019,0,0.87,0.04,-0.04,0,-0.24,0.05,-0.05,0,[M/H],4.39,0.11,-0.11,0,<a refstr=STASSUN_ET_AL__2019 href=https://ui.adsabs.harvard.edu/abs/2019AJ....158..138S/abstract target=ref>TICv8</a>,15h21m45.63s,230.4401147,-48d19m07.74s,-48.3188174,14.682,0.0199,-0.0198,5.65,0.03,-0.03,4.159,0.036,-0.036,5.48495,0.0015675,-0.0015675,8/9/21,2021-06,8/9/21
HD 136352 b,HD 136352,0,1,3,Radial Velocity,2019,La Silla Observatory,Published Confirmed,0,<a refstr=UDRY_ET_AL__2019 href=https://ui.adsabs.harvard.edu/abs/2019A&A...622A..37U/abstract target=ref>Udry et al. 2019</a>,11.5824,0.0024,-0.0025,0,0.0934,0.0037,-0.004,0,,,,,,,,,4.81,0.59,-0.56,0,0.0151,0.0018,-0.0018,0,Msini,0.14,0.08,-0.08,0,,,,,,,,,0,<a refstr=UDRY_ET_AL__2019 href=https://ui.adsabs.harvard.edu/abs/2019A&A...622A..37U/abstract target=ref>Udry et al. 2019</a>,G4 V,5664,14,-14,0,,,,,0.81,,,0,-0.34,0.01,-0.01,0,[Fe/H],4.39,0.02,-0.02,0,<a refstr=STASSUN_ET_AL__2019 href=https://ui.adsabs.harvard.edu/abs/2019AJ....158..138S/abstract target=ref>TICv8</a>,15h21m45.63s,230.4401147,-48d19m07.74s,-48.3188174,14.682,0.0199,-0.0198,5.65,0.03,-0.03,4.159,0.036,-0.036,5.48495,0.0015675,-0.0015675,12/10/20,2019-02,2/7/19
HD 136352 b,HD 136352,0,1,3,Radial Velocity,2019,La Silla Observatory,Published Confirmed,0,<a refstr=KANE_ET_AL__2020 href=https://ui.adsabs.harvard.edu/abs/2020AJ....160..129K/abstract target=ref>Kane et al. 2020</a>,11.57779,0.00091,-0.0011,0,0.0969,0.0019,-0.0017,0,1.482,0.058,-0.056,0,0.13221518,0.00517441,-0.00499599,0,4.62,0.45,-0.44,0,0.01453607,0.00141585,-0.00138439,0,Mass,0.079,0.068,-0.053,0,114,10,-9,0,911,18,-18,0,0,<a refstr=KANE_ET_AL__2020 href=https://ui.adsabs.harvard.edu/abs/2020AJ....160..129K/abstract target=ref>Kane et al. 2020</a>,,5850,100,-100,0,1.012,0.018,-0.018,0,0.906,0.055,-0.047,0,-0.25,0.12,-0.12,0,[Fe/H],4.385,0.029,-0.027,0,<a refstr=STASSUN_ET_AL__2019 href=https://ui.adsabs.harvard.edu/abs/2019AJ....158..138S/abstract target=ref>TICv8</a>,15h21m45.63s,230.4401147,-48d19m07.74s,-48.3188174,14.682,0.0199,-0.0198,5.65,0.03,-0.03,4.159,0.036,-0.036,5.48495,0.0015675,-0.0015675,12/10/20,2020-09,12/17/20
HD 136352 c,HD 136352,0,1,3,Radial Velocity,2019,La Silla Observatory,Published Confirmed,0,<a refstr=KANE_ET_AL__2020 href=https://ui.adsabs.harvard.edu/abs/2020AJ....160..129K/abstract target=ref>Kane et al. 2020</a>,27.5909,0.0028,-0.0031,0,0.1729,0.0034,-0.003,0,2.608,0.078,-0.077,0,0.23267018,0.00695869,-0.00686948,0,11.29,0.73,-0.69,0,0.03552213,0.00229683,-0.00217097,0,Mass,0.037,0.039,-0.026,0,36,3,-3,0,682,14,-13,0,0,<a refstr=KANE_ET_AL__2020 href=https://ui.adsabs.harvard.edu/abs/2020AJ....160..129K/abstract target=ref>Kane et al. 2020</a>,,5850,100,-100,0,1.012,0.018,-0.018,0,0.906,0.055,-0.047,0,-0.25,0.12,-0.12,0,[Fe/H],4.385,0.029,-0.027,0,<a refstr=STASSUN_ET_AL__2019 href=https://ui.adsabs.harvard.edu/abs/2019AJ....158..138S/abstract target=ref>TICv8</a>,15h21m45.63s,230.4401147,-48d19m07.74s,-48.3188174,14.682,0.0199,-0.0198,5.65,0.03,-0.03,4.159,0.036,-0.036,5.48495,0.0015675,-0.0015675,12/10/20,2020-09,12/17/20
HD 136352 c,HD 136352,1,1,3,Radial Velocity,2019,La Silla Observatory,Published Confirmed,0,<a refstr=DELREZ_ET_AL__2021 href=https://ui.adsabs.harvard.edu/abs/2021NatAs.tmp..106D/abstract target=ref>Delrez et al. 2021</a>,27.59221,0.00011,-0.00011,0,0.1721,0.005,-0.005,0,2.916,0.075,-0.073,0,0.26014854,0.00669106,-0.00651263,0,11.24,0.65,-0.63,0,0.03536499,0.00204513,-0.0019822,0,Mass,0,,,0,35.1,2.3,-2.1,0,677,11,-11,0,0,<a refstr=DELREZ_ET_AL__2021 href=https://ui.adsabs.harvard.edu/abs/2021NatAs.tmp..106D/abstract target=ref>Delrez et al. 2021</a>,,5664,61,-61,0,1.058,0.019,-0.019,0,0.87,0.04,-0.04,0,-0.24,0.05,-0.05,0,[M/H],4.39,0.11,-0.11,0,<a refstr=STASSUN_ET_AL__2019 href=https://ui.adsabs.harvard.edu/abs/2019AJ....158..138S/abstract target=ref>TICv8</a>,15h21m45.63s,230.4401147,-48d19m07.74s,-48.3188174,14.682,0.0199,-0.0198,5.65,0.03,-0.03,4.159,0.036,-0.036,5.48495,0.0015675,-0.0015675,8/9/21,2021-06,8/9/21
HD 136352 c,HD 136352,0,1,3,Radial Velocity,2019,La Silla Observatory,TESS Project Candidate,0,<a refstr=EXOFOP_TESS_TOI href=https://exofop.ipac.caltech.edu/tess/view_toi.php target=ref>ExoFOP-TESS TOI</a>,27.59207175,2.65875E-05,-2.65875E-05,0,,,,,2.70502784,0.1508972,-0.1508972,0,0.24132684,0.01346217,-0.01346217,0,,,,,,,,,,,,,,31.3831,,,0,603.66,,,0,0,<a refstr=EXOFOP_TESS_TOI href=https://exofop.ipac.caltech.edu/tess/view_toi.php target=ref>ExoFOP-TESS TOI</a>,,5739,25,-25,0,1.02607,0.045106,-0.045106,0,,,,,,,,,,4.51,0.028,-0.028,0,<a refstr=STASSUN_ET_AL__2019 href=https://ui.adsabs.harvard.edu/abs/2019AJ....158..138S/abstract target=ref>TICv8</a>,15h21m45.63s,230.4401147,-48d19m07.74s,-48.3188174,14.682,0.0199,-0.0198,5.65,0.03,-0.03,4.159,0.036,-0.036,5.48495,0.0015675,-0.0015675,2/5/24,2017-07,2/5/24
HD 136352 c,HD 136352,0,1,3,Radial Velocity,2019,La Silla Observatory,Published Confirmed,0,<a refstr=UDRY_ET_AL__2019 href=https://ui.adsabs.harvard.edu/abs/2019A&A...622A..37U/abstract target=ref>Udry et al. 2019</a>,27.5821,0.0089,-0.0086,0,0.1666,0.0066,-0.0072,0,,,,,,,,,10.8,1.08,-1.05,0,0.034,0.0034,-0.0033,0,Msini,0.04,0.05,-0.03,0,,,,,,,,,0,<a refstr=UDRY_ET_AL__2019 href=https://ui.adsabs.harvard.edu/abs/2019A&A...622A..37U/abstract target=ref>Udry et al. 2019</a>,G4 V,5664,14,-14,0,,,,,0.81,,,0,-0.34,0.01,-0.01,0,[Fe/H],4.39,0.02,-0.02,0,<a refstr=STASSUN_ET_AL__2019 href=https://ui.adsabs.harvard.edu/abs/2019AJ....158..138S/abstract target=ref>TICv8</a>,15h21m45.63s,230.4401147,-48d19m07.74s,-48.3188174,14.682,0.0199,-0.0198,5.65,0.03,-0.03,4.159,0.036,-0.036,5.48495,0.0015675,-0.0015675,12/10/20,2019-02,2/7/19
HD 136352 c,HD 136352,0,1,3,Radial Velocity,2019,La Silla Observatory,Published Confirmed,0,<a refstr=EHRENREICH_ET_AL__2023 href=https://ui.adsabs.harvard.edu/abs/2023A&A...671A.154E/abstract target=ref>Ehrenreich et al. 2023</a>,27.592076,0.000047,-0.000049,0,0.1717,0.0037,-0.0037,0,2.857,0.058,-0.057,0,0.25488491,0.00517442,-0.00508521,0,11.22,0.6,-0.58,0,0.03530207,0.00188781,-0.00182488,0,Mass,,,,,,,,,,,,,0,<a refstr=EHRENREICH_ET_AL__2023 href=https://ui.adsabs.harvard.edu/abs/2023A&A...671A.154E/abstract target=ref>Ehrenreich et al. 2023</a>,G4 V,5664,61,-61,0,1.054,0.014,-0.014,0,0.876,0.026,-0.032,0,-0.34,0.04,-0.04,0,[Fe/H],4.39,0.11,-0.11,0,<a refstr=STASSUN_ET_AL__2019 href=https://ui.adsabs.harvard.edu/abs/2019AJ....158..138S/abstract target=ref>TICv8</a>,15h21m45.63s,230.4401147,-48d19m07.74s,-48.3188174,14.682,0.0199,-0.0198,5.65,0.03,-0.03,4.159,0.036,-0.036,5.48495,0.0015675,-0.0015675,10/30/25,2023-03,10/30/25
HD 136352 d,HD 136352,0,1,3,Radial Velocity,2019,La Silla Observatory,Published Confirmed,0,<a refstr=KANE_ET_AL__2020 href=https://ui.adsabs.harvard.edu/abs/2020AJ....160..129K/abstract target=ref>Kane et al. 2020</a>,107.63,0.18,-0.19,0,0.4285,0.0085,-0.0076,0,,,,,,,,,10.5,1.1,-1,0,0.03303653,0.00346097,-0.00314634,0,Msini,0.075,0.085,-0.053,0,5.8,0.5,-0.5,0,433.3,8.6,-8.5,0,0,<a refstr=KANE_ET_AL__2020 href=https://ui.adsabs.harvard.edu/abs/2020AJ....160..129K/abstract target=ref>Kane et al. 2020</a>,,5850,100,-100,0,1.012,0.018,-0.018,0,0.906,0.055,-0.047,0,-0.25,0.12,-0.12,0,[Fe/H],4.385,0.029,-0.027,0,<a refstr=STASSUN_ET_AL__2019 href=https://ui.adsabs.harvard.edu/abs/2019AJ....158..138S/abstract target=ref>TICv8</a>,15h21m45.63s,230.4401147,-48d19m07.74s,-48.3188174,14.682,0.0199,-0.0198,5.65,0.03,-0.03,4.159,0.036,-0.036,5.48495,0.0015675,-0.0015675,12/10/20,2020-09,12/17/20
HD 136352 d,HD 136352,0,1,3,Radial Velocity,2019,La Silla Observatory,Published Confirmed,0,<a refstr=EHRENREICH_ET_AL__2023 href=https://ui.adsabs.harvard.edu/abs/2023A&A...671A.154E/abstract target=ref>Ehrenreich et al. 2023</a>,107.1363,0.0019,-0.0024,0,0.4243,0.0092,-0.0092,0,2.507,0.042,-0.042,0,0.22365994,0.003747,-0.003747,0,8.66,0.9,-0.91,0,0.02724741,0.00283172,-0.00286318,0,Mass,,,,,,,,,,,,,0,<a refstr=EHRENREICH_ET_AL__2023 href=https://ui.adsabs.harvard.edu/abs/2023A&A...671A.154E/abstract target=ref>Ehrenreich et al. 2023</a>,G4 V,5664,61,-61,0,1.054,0.014,-0.014,0,0.876,0.026,-0.032,0,-0.34,0.04,-0.04,0,[Fe/H],4.39,0.11,-0.11,0,<a refstr=STASSUN_ET_AL__2019 href=https://ui.adsabs.harvard.edu/abs/2019AJ....158..138S/abstract target=ref>TICv8</a>,15h21m45.63s,230.4401147,-48d19m07.74s,-48.3188174,14.682,0.0199,-0.0198,5.65,0.03,-0.03,4.159,0.036,-0.036,5.48495,0.0015675,-0.0015675,10/30/25,2023-03,10/30/25
HD 136352 d,HD 136352,0,1,3,Radial Velocity,2019,La Silla Observatory,TESS Project Candidate,0,<a refstr=EXOFOP_TESS_TOI href=https://exofop.ipac.caltech.edu/tess/view_toi.php target=ref>ExoFOP-TESS TOI</a>,,,,,,,,,1.62083261,0.1211116,-0.1211116,0,0.14460125,0.01080487,-0.01080487,0,,,,,,,,,,,,,,335.6075,,,0,1091.64,,,0,0,<a refstr=EXOFOP_TESS_TOI href=https://exofop.ipac.caltech.edu/tess/view_toi.php target=ref>ExoFOP-TESS TOI</a>,,5739,25,-25,0,1.02607,0.045106,-0.045106,0,,,,,,,,,,4.51,0.028,-0.028,0,<a refstr=STASSUN_ET_AL__2019 href=https://ui.adsabs.harvard.edu/abs/2019AJ....158..138S/abstract target=ref>TICv8</a>,15h21m45.63s,230.4401147,-48d19m07.74s,-48.3188174,14.682,0.0199,-0.0198,5.65,0.03,-0.03,4.159,0.036,-0.036,5.48495,0.0015675,-0.0015675,3/6/24,2017-07,3/6/24
HD 136352 d,HD 136352,1,1,3,Radial Velocity,2019,La Silla Observatory,Published Confirmed,0,<a refstr=DELREZ_ET_AL__2021 href=https://ui.adsabs.harvard.edu/abs/2021NatAs.tmp..106D/abstract target=ref>Delrez et al. 2021</a>,107.245,0.05,-0.05,0,0.425,0.012,-0.012,0,2.562,0.088,-0.079,0,0.22856672,0.00785085,-0.00704792,0,8.82,0.93,-0.92,0,0.02775082,0.00292611,-0.00289464,0,Mass,0,,,0,5.74,0.38,-0.35,0,431,7,-7,0,0,<a refstr=DELREZ_ET_AL__2021 href=https://ui.adsabs.harvard.edu/abs/2021NatAs.tmp..106D/abstract target=ref>Delrez et al. 2021</a>,,5664,61,-61,0,1.058,0.019,-0.019,0,0.87,0.04,-0.04,0,-0.24,0.05,-0.05,0,[M/H],4.39,0.11,-0.11,0,<a refstr=STASSUN_ET_AL__2019 href=https://ui.adsabs.harvard.edu/abs/2019AJ....158..138S/abstract target=ref>TICv8</a>,15h21m45.63s,230.4401147,-48d19m07.74s,-48.3188174,14.682,0.0199,-0.0198,5.65,0.03,-0.03,4.159,0.036,-0.036,5.48495,0.0015675,-0.0015675,8/9/21,2021-06,8/9/21
HD 136352 d,HD 136352,0,1,3,Radial Velocity,2019,La Silla Observatory,Published Confirmed,0,<a refstr=UDRY_ET_AL__2019 href=https://ui.adsabs.harvard.edu/abs/2019A&A...622A..37U/abstract target=ref>Udry et al. 2019</a>,107.5983,0.2796,-0.2669,0,0.4128,0.0163,-0.0175,0,,,,,,,,,8.58,1.18,-1.15,0,0.027,0.0037,-0.0036,0,Msini,0.09,0.1,-0.07,0,,,,,,,,,0,<a refstr=UDRY_ET_AL__2019 href=https://ui.adsabs.harvard.edu/abs/2019A&A...622A..37U/abstract target=ref>Udry et al. 2019</a>,G4 V,5664,14,-14,0,,,,,0.81,,,0,-0.34,0.01,-0.01,0,[Fe/H],4.39,0.02,-0.02,0,<a refstr=STASSUN_ET_AL__2019 href=https://ui.adsabs.harvard.edu/abs/2019AJ....158..138S/abstract target=ref>TICv8</a>,15h21m45.63s,230.4401147,-48d19m07.74s,-48.3188174,14.682,0.0199,-0.0198,5.65,0.03,-0.03,4.159,0.036,-0.036,5.48495,0.0015675,-0.0015675,12/10/20,2019-02,2/7/19
HD 15337 b,HD 15337,0,1,2,Transit,2019,Transiting Exoplanet Survey Satellite (TESS),Published Confirmed,0,<a refstr=GANDOLFI_ET_AL__2019 href=https://ui.adsabs.harvard.edu/abs/2019ApJ...876L..24G/abstract target=ref>Gandolfi et al. 2019</a>,4.75615,0.00017,-0.00017,0,0.0522,0.0012,-0.0012,0,1.64,0.06,-0.06,0,0.146311,0.00535284,-0.00535284,0,7.51,1.09,-1.01,0,0.02362898,0.00342951,-0.0031778,0,Mass,0.09,0.05,-0.05,0,,,,,1001,11.5,-11.5,0,0,<a refstr=GANDOLFI_ET_AL__2019 href=https://ui.adsabs.harvard.edu/abs/2019ApJ...876L..24G/abstract target=ref>Gandolfi et al. 2019</a>,K1 V,5125,50,-50,0,0.856,0.017,-0.017,0,0.9,0.03,-0.03,0,0.15,0.1,-0.1,0,[Fe/H],4.53,0.02,-0.02,0,<a refstr=STASSUN_ET_AL__2019 href=https://ui.adsabs.harvard.edu/abs/2019AJ....158..138S/abstract target=ref>TICv8</a>,02h27m28.29s,36.8678846,-27d38m10.02s,-27.6361171,44.8155,0.0707,-0.0704,9.1,0.03,-0.03,7.044,0.018,-0.018,8.85598,0.000178,-0.000178,5/14/19,2019-05,5/16/19
HD 15337 b,HD 15337,0,1,2,Transit,2019,Transiting Exoplanet Survey Satellite (TESS),Published Confirmed,0,<a refstr=DUMUSQUE_ET_AL__2019 href=https://ui.adsabs.harvard.edu/abs/2019A&A...627A..43D/abstract target=ref>Dumusque et al. 2019</a>,4.75642,0.00021,-0.0002,0,0.05245,0.00085,-0.00072,0,1.699,0.062,-0.059,0,0.1516,0.0055,-0.0053,0,7.2,0.81,-0.81,0,0.02265362,0.00254853,-0.00254853,0,Mass,0.17,0.09,-0.09,0,,,,,1006,13,-14,0,0,<a refstr=DUMUSQUE_ET_AL__2019 href=https://ui.adsabs.harvard.edu/abs/2019A&A...627A..43D/abstract target=ref>Dumusque et al. 2019</a>,,5131,74,-74,0,0.839,0.018,-0.016,0,0.851,0.042,-0.034,0,0.03,0.04,-0.04,0,[Fe/H],4.37,0.13,-0.13,0,<a refstr=STASSUN_ET_AL__2019 href=https://ui.adsabs.harvard.edu/abs/2019AJ....158..138S/abstract target=ref>TICv8</a>,02h27m28.29s,36.8678846,-27d38m10.02s,-27.6361171,44.8155,0.0707,-0.0704,9.1,0.03,-0.03,7.044,0.018,-0.018,8.85598,0.000178,-0.000178,10/2/19,2019-07,10/10/19
HD 15337 b,HD 15337,0,1,2,Transit,2019,Transiting Exoplanet Survey Satellite (TESS),TESS Project Candidate,0,<a refstr=EXOFOP_TESS_TOI href=https://exofop.ipac.caltech.edu/tess/view_toi.php target=ref>ExoFOP-TESS TOI</a>,4.755973679,1.85421E-05,-1.85421E-05,0,,,,,1.72541702,0.6993496,-0.6993496,0,0.15393166,0.0623919,-0.0623919,0,,,,,,,,,,,,,,161.7314,,,0,909.53,,,0,0,<a refstr=EXOFOP_TESS_TOI href=https://exofop.ipac.caltech.edu/tess/view_toi.php target=ref>ExoFOP-TESS TOI</a>,,5175.2,23.62,-23.62,0,0.841842,0.041842,-0.041842,0,,,,,,,,,,4.37657,0.066896,-0.066896,0,<a refstr=STASSUN_ET_AL__2019 href=https://ui.adsabs.harvard.edu/abs/2019AJ....158..138S/abstract target=ref>TICv8</a>,02h27m28.29s,36.8678846,-27d38m10.02s,-27.6361171,44.8155,0.0707,-0.0704,9.1,0.03,-0.03,7.044,0.018,-0.018,8.85598,0.000178,-0.000178,9/16/24,2017-07,9/16/24
HD 15337 b,HD 15337,1,1,2,Transit,2019,Transiting Exoplanet Survey Satellite (TESS),Published Confirmed,0,<a refstr=ROS_AMP_AACUTE_RIO_ET_AL__2024 href=https://ui.adsabs.harvard.edu/abs/2024A&A...686A.282R/abstract target=ref>Ros&aacute;rio et al. 2024</a>,4.7559804,0.0000062,-0.0000037,0,,,,,1.77,0.032,-0.03,0,0.1579091,0.00285485,-0.00267643,0,6.519,0.409,-0.4,0,0.02051107,0.00128686,-0.00125854,0,Mass,0.058,0.022,-0.016,0,,,,,,,,,0,<a refstr=ROS_AMP_AACUTE_RIO_ET_AL__2024 href=https://ui.adsabs.harvard.edu/abs/2024A&A...686A.282R/abstract target=ref>Ros&aacute;rio et al. 2024</a>,,5131,74,-74,0,0.855,0.008,-0.008,0,0.829,0.038,-0.038,0,0.03,0.04,-0.04,0,[Fe/H],4.48,0.04,-0.04,0,<a refstr=STASSUN_ET_AL__2019 href=https://ui.adsabs.harvard.edu/abs/2019AJ....158..138S/abstract target=ref>TICv8</a>,02h27m28.29s,36.8678846,-27d38m10.02s,-27.6361171,44.8155,0.0707,-0.0704,9.1,0.03,-0.03,7.044,0.018,-0.018,8.85598,0.000178,-0.000178,2/12/25,2024-06,2/12/25
HD 15337 c,HD 15337,0,1,2,Transit,2019,Transiting Exoplanet Survey Satellite (TESS),Published Confirmed,0,<a refstr=DUMUSQUE_ET_AL__2019 href=https://ui.adsabs.harvard.edu/abs/2019A&A...627A..43D/abstract target=ref>Dumusque et al. 2019</a>,17.1784,0.0016,-0.0015,0,0.1235,0.002,-0.0017,0,2.522,0.106,-0.102,0,0.225,0.0095,-0.0091,0,8.79,1.68,-1.68,0,0.02765629,0.00528584,-0.00528584,0,Mass,0.19,0.1,-0.1,0,,,,,656.1,8.4,-9,0,0,<a refstr=DUMUSQUE_ET_AL__2019 href=https://ui.adsabs.harvard.edu/abs/2019A&A...627A..43D/abstract target=ref>Dumusque et al. 2019</a>,,5131,74,-74,0,0.839,0.018,-0.016,0,0.851,0.042,-0.034,0,0.03,0.04,-0.04,0,[Fe/H],4.37,0.13,-0.13,0,<a refstr=STASSUN_ET_AL__2019 href=https://ui.adsabs.harvard.edu/abs/2019AJ....158..138S/abstract target=ref>TICv8</a>,02h27m28.29s,36.8678846,-27d38m10.02s,-27.6361171,44.8155,0.0707,-0.0704,9.1,0.03,-0.03,7.044,0.018,-0.018,8.85598,0.000178,-0.000178,10/2/19,2019-07,10/10/19
HD 15337 c,HD 15337,1,1,2,Transit,2019,Transiting Exoplanet Survey Satellite (TESS),Published Confirmed,0,<a refstr=ROS_AMP_AACUTE_RIO_ET_AL__2024 href=https://ui.adsabs.harvard.edu/abs/2024A&A...686A.282R/abstract target=ref>Ros&aacute;rio et al. 2024</a>,17.180546,0.000021,-0.000026,0,,,,,2.526,0.086,-0.075,0,0.22535501,0.00767242,-0.00669106,0,6.792,1.302,-1.143,0,0.02137002,0.00409655,-0.00359628,0,Mass,0.096,0.059,-0.045,0,,,,,,,,,0,<a refstr=ROS_AMP_AACUTE_RIO_ET_AL__2024 href=https://ui.adsabs.harvard.edu/abs/2024A&A...686A.282R/abstract target=ref>Ros&aacute;rio et al. 2024</a>,,5131,74,-74,0,0.855,0.008,-0.008,0,0.829,0.038,-0.038,0,0.03,0.04,-0.04,0,[Fe/H],4.48,0.04,-0.04,0,<a refstr=STASSUN_ET_AL__2019 href=https://ui.adsabs.harvard.edu/abs/2019AJ....158..138S/abstract target=ref>TICv8</a>,02h27m28.29s,36.8678846,-27d38m10.02s,-27.6361171,44.8155,0.0707,-0.0704,9.1,0.03,-0.03,7.044,0.018,-0.018,8.85598,0.000178,-0.000178,2/12/25,2024-06,2/12/25
HD 15337 c,HD 15337,0,1,2,Transit,2019,Transiting Exoplanet Survey Satellite (TESS),TESS Project Candidate,0,<a refstr=EXOFOP_TESS_TOI href=https://exofop.ipac.caltech.edu/tess/view_toi.php target=ref>ExoFOP-TESS TOI</a>,17.18072136,4.57696E-05,-4.57696E-05,0,,,,,2.19540344,1.6291252,-1.6291252,0,0.19586111,0.14534107,-0.14534107,0,,,,,,,,,,,,,,29.1782,,,0,592.77,,,0,0,<a refstr=EXOFOP_TESS_TOI href=https://exofop.ipac.caltech.edu/tess/view_toi.php target=ref>ExoFOP-TESS TOI</a>,,5175.2,23.62,-23.62,0,0.841842,0.041842,-0.041842,0,,,,,,,,,,4.37657,0.066896,-0.066896,0,<a refstr=STASSUN_ET_AL__2019 href=https://ui.adsabs.harvard.edu/abs/2019AJ....158..138S/abstract target=ref>TICv8</a>,02h27m28.29s,36.8678846,-27d38m10.02s,-27.6361171,44.8155,0.0707,-0.0704,9.1,0.03,-0.03,7.044,0.018,-0.018,8.85598,0.000178,-0.000178,9/16/24,2017-07,9/16/24
HD 15337 c,HD 15337,0,1,2,Transit,2019,Transiting Exoplanet Survey Satellite (TESS),Published Confirmed,0,<a refstr=GANDOLFI_ET_AL__2019 href=https://ui.adsabs.harvard.edu/abs/2019ApJ...876L..24G/abstract target=ref>Gandolfi et al. 2019</a>,17.1784,0.0016,-0.0016,0,0.1268,0.0038,-0.0038,0,2.39,0.12,-0.12,0,0.21322152,0.01070568,-0.01070568,0,8.11,1.82,-1.69,0,0.02551679,0.00572633,-0.00531731,0,Mass,0.05,0.06,-0.04,0,,,,,642,10,-10,0,0,<a refstr=GANDOLFI_ET_AL__2019 href=https://ui.adsabs.harvard.edu/abs/2019ApJ...876L..24G/abstract target=ref>Gandolfi et al. 2019</a>,K1 V,5125,50,-50,0,0.856,0.017,-0.017,0,0.9,0.03,-0.03,0,0.15,0.1,-0.1,0,[Fe/H],4.53,0.02,-0.02,0,<a refstr=STASSUN_ET_AL__2019 href=https://ui.adsabs.harvard.edu/abs/2019AJ....158..138S/abstract target=ref>TICv8</a>,02h27m28.29s,36.8678846,-27d38m10.02s,-27.6361171,44.8155,0.0707,-0.0704,9.1,0.03,-0.03,7.044,0.018,-0.018,8.85598,0.000178,-0.000178,5/14/19,2019-05,5/16/19
HD 181234 b,HD 181234,0,1,1,Radial Velocity,2019,La Silla Observatory,Published Confirmed,0,<a refstr=XIAO_ET_AL__2023 href=https://ui.adsabs.harvard.edu/abs/2023RAA....23e5022X/abstract target=ref>Xiao et al. 2023</a>,7450,120,-100,0,7.52,0.16,-0.17,0,,,,,,,,,3219.601763,235.1930212,-200.2318964,0,10.13,0.74,-0.63,0,Mass,0.7254,0.0094,-0.0094,0,,,,,,,,,0,<a refstr=XIAO_ET_AL__2023 href=https://ui.adsabs.harvard.edu/abs/2023RAA....23e5022X/abstract target=ref>Xiao et al. 2023</a>,G8 IV,5386,60,-60,0,,,,,1.01,0.06,-0.06,0,0.32,0.05,-0.05,0,[Fe/H],4.25,0.11,-0.11,0,<a refstr=STASSUN_ET_AL__2019 href=https://ui.adsabs.harvard.edu/abs/2019AJ....158..138S/abstract target=ref>TICv8</a>,19h19m59.97s,289.9998695,-09d19m29.89s,-9.32497,47.7458,0.1298,-0.129,8.59,0.03,-0.03,6.689,0.02,-0.02,8.36926,0.000376,-0.000376,6/12/23,2023-05,6/12/23
HD 181234 b,HD 181234,1,1,1,Radial Velocity,2019,La Silla Observatory,Published Confirmed,0,<a refstr=FENG_ET_AL__2022 href=https://ui.adsabs.harvard.edu/abs/2022ApJS..262...21F/abstract target=ref>Feng et al. 2022</a>,7593.40512,113.6102,-121.82598,0,7.427,0.304,-0.34,0,,,,,,,,,2980.912629,321.0066911,-315.6036082,0,9.379,1.01,-0.993,0,Mass,0.726,0.01,-0.01,0,,,,,,,,,0,<a refstr=FENG_ET_AL__2022 href=https://ui.adsabs.harvard.edu/abs/2022ApJS..262...21F/abstract target=ref>Feng et al. 2022</a>,,,,,,,,,,0.94,0.118,-0.118,0,,,,,,,,,,<a refstr=STASSUN_ET_AL__2019 href=https://ui.adsabs.harvard.edu/abs/2019AJ....158..138S/abstract target=ref>TICv8</a>,19h19m59.97s,289.9998695,-09d19m29.89s,-9.32497,47.7458,0.1298,-0.129,8.59,0.03,-0.03,6.689,0.02,-0.02,8.36926,0.000376,-0.000376,6/12/23,2022-09,6/12/23
HD 181234 b,HD 181234,0,1,1,Radial Velocity,2019,La Silla Observatory,Published Confirmed,0,<a refstr=RICKMAN_ET_AL__2019 href=https://ui.adsabs.harvard.edu/abs/2019A&A...625A..71R/abstract target=ref>Rickman et al. 2019</a>,7462.0575,80.355,-76.7025,0,7.52,0.16,-0.16,0,,,,,,,,,2660.2371,108.0622,-114.4188,0,8.37,0.34,-0.36,0,Msini,0.73,0.01,-0.01,0,,,,,,,,,0,<a refstr=RICKMAN_ET_AL__2019 href=https://ui.adsabs.harvard.edu/abs/2019A&A...625A..71R/abstract target=ref>Rickman et al. 2019</a>,G5,5386,60,-60,0,1.05,0.07,-0.07,0,1.01,0.06,-0.06,0,0.32,0.05,-0.05,0,[Fe/H],4.25,0.11,-0.11,0,<a refstr=STASSUN_ET_AL__2019 href=https://ui.adsabs.harvard.edu/abs/2019AJ....158..138S/abstract target=ref>TICv8</a>,19h19m59.97s,289.9998695,-09d19m29.89s,-9.32497,47.7458,0.1298,-0.129,8.59,0.03,-0.03,6.689,0.02,-0.02,8.36926,0.000376,-0.000376,4/8/19,2019-05,4/11/19
HD 181234 b,HD 181234,0,1,1,Radial Velocity,2019,La Silla Observatory,Published Confirmed,0,<a refstr=ROSENTHAL_ET_AL__2021 href=https://ui.adsabs.harvard.edu/abs/2021ApJS..255....8R/abstract target=ref>Rosenthal et al. 2021</a>,7504,79,-80,0,7.43,0.11,-0.11,0,,,,,,,,,2892.238504,508.5254512,-263.7975778,0,9.1,1.6,-0.83,0,Msini,0.792,0.069,-0.083,0,,,,,,,,,0,<a refstr=ROSENTHAL_ET_AL__2021 href=https://ui.adsabs.harvard.edu/abs/2021ApJS..255....8R/abstract target=ref>Rosenthal et al. 2021</a>,,5372.83,79.67,-79.67,0,1.059423,0.023986,-0.023986,0,0.97304,0.03716,-0.03716,0,0.3773,0.0562,-0.0562,0,[Fe/H],4.374546,0.028108,-0.028108,0,<a refstr=STASSUN_ET_AL__2019 href=https://ui.adsabs.harvard.edu/abs/2019AJ....158..138S/abstract target=ref>TICv8</a>,19h19m59.97s,289.9998695,-09d19m29.89s,-9.32497,47.7458,0.1298,-0.129,8.59,0.03,-0.03,6.689,0.02,-0.02,8.36926,0.000376,-0.000376,9/20/21,2021-07,9/20/21
HD 20003 b,HD 20003,1,1,2,Radial Velocity,2019,La Silla Observatory,Published Confirmed,0,<a refstr=UDRY_ET_AL__2019 href=https://ui.adsabs.harvard.edu/abs/2019A&A...622A..37U/abstract target=ref>Udry et al. 2019</a>,11.8482,0.0016,-0.0017,0,0.0974,0.0034,-0.0039,0,,,,,,,,,11.66,1.04,-1.06,0,0.0367,0.0033,-0.0033,0,Msini,0.36,0.05,-0.05,0,,,,,,,,,0,<a refstr=UDRY_ET_AL__2019 href=https://ui.adsabs.harvard.edu/abs/2019A&A...622A..37U/abstract target=ref>Udry et al. 2019</a>,G8 V,5494,27,-27,0,,,,,0.875,,,0,0.04,0.02,-0.02,0,[Fe/H],4.41,0.05,-0.05,0,<a refstr=STASSUN_ET_AL__2019 href=https://ui.adsabs.harvard.edu/abs/2019AJ....158..138S/abstract target=ref>TICv8</a>,03h07m38.16s,46.9090081,-72d19m18.92s,-72.3219221,41.8316,0.0499,-0.0498,8.39,0.03,-0.03,6.647,0.02,-0.02,8.19184,0.000237,-0.000237,2/5/19,2019-02,2/7/19
HD 20003 c,HD 20003,1,1,2,Radial Velocity,2019,La Silla Observatory,Published Confirmed,0,<a refstr=UDRY_ET_AL__2019 href=https://ui.adsabs.harvard.edu/abs/2019A&A...622A..37U/abstract target=ref>Udry et al. 2019</a>,33.9239,0.0239,-0.0266,0,0.1964,0.0068,-0.0078,0,,,,,,,,,14.44,1.47,-1.39,0,0.0454,0.0046,-0.0044,0,Msini,0.1,0.08,-0.07,0,,,,,,,,,0,<a refstr=UDRY_ET_AL__2019 href=https://ui.adsabs.harvard.edu/abs/2019A&A...622A..37U/abstract target=ref>Udry et al. 2019</a>,G8 V,5494,27,-27,0,,,,,0.875,,,0,0.04,0.02,-0.02,0,[Fe/H],4.41,0.05,-0.05,0,<a refstr=STASSUN_ET_AL__2019 href=https://ui.adsabs.harvard.edu/abs/2019AJ....158..138S/abstract target=ref>TICv8</a>,03h07m38.16s,46.9090081,-72d19m18.92s,-72.3219221,41.8316,0.0499,-0.0498,8.39,0.03,-0.03,6.647,0.02,-0.02,8.19184,0.000237,-0.000237,2/5/19,2019-02,2/7/19
HD 202696 b,HD 202696,1,1,2,Radial Velocity,2019,W. M. Keck Observatory,Published Confirmed,0,<a refstr=TRIFONOV_ET_AL__2019 href=https://ui.adsabs.harvard.edu/abs/2019AJ....157...93T/abstract target=ref>Trifonov et al. 2019</a>,517.8,8.9,-3.9,0,1.566,0.016,-0.007,0,,,,,,,,,634.38868,69.9226,-31.783,-1,1.996,0.22,-0.1,-1,Mass,0.011,0.078,-0.011,0,,,,,,,,,0,<a refstr=TRIFONOV_ET_AL__2019 href=https://ui.adsabs.harvard.edu/abs/2019AJ....157...93T/abstract target=ref>Trifonov et al. 2019</a>,K0 III-IV,5040,71,-85,0,6.43,0.41,-0.39,0,1.91,0.09,-0.14,0,0.02,0.04,-0.04,0,[Fe/H],3.11,0.07,-0.07,0,<a refstr=STASSUN_ET_AL__2019 href=https://ui.adsabs.harvard.edu/abs/2019AJ....158..138S/abstract target=ref>TICv8</a>,21h16m54.01s,319.2250346,+27d15m29.81s,27.2582799,188.546,1.587,-1.562,8.23,0.03,-0.03,5.877,0.02,-0.02,7.95929,0.000316,-0.000316,1/14/19,2019-03,1/17/19
HD 202696 c,HD 202696,1,1,2,Radial Velocity,2019,W. M. Keck Observatory,Published Confirmed,0,<a refstr=TRIFONOV_ET_AL__2019 href=https://ui.adsabs.harvard.edu/abs/2019AJ....157...93T/abstract target=ref>Trifonov et al. 2019</a>,946.6,20.7,-20.9,0,2.342,0.034,-0.035,0,,,,,,,,,592.43512,56.25591,-72.14741,-1,1.864,0.177,-0.227,-1,Mass,0.028,0.065,-0.012,0,,,,,,,,,0,<a refstr=TRIFONOV_ET_AL__2019 href=https://ui.adsabs.harvard.edu/abs/2019AJ....157...93T/abstract target=ref>Trifonov et al. 2019</a>,K0 III-IV,5040,71,-85,0,6.43,0.41,-0.39,0,1.91,0.09,-0.14,0,0.02,0.04,-0.04,0,[Fe/H],3.11,0.07,-0.07,0,<a refstr=STASSUN_ET_AL__2019 href=https://ui.adsabs.harvard.edu/abs/2019AJ....158..138S/abstract target=ref>TICv8</a>,21h16m54.01s,319.2250346,+27d15m29.81s,27.2582799,188.546,1.587,-1.562,8.23,0.03,-0.03,5.877,0.02,-0.02,7.95929,0.000316,-0.000316,1/14/19,2019-03,1/17/19
HD 202772 A b,HD 202772 A,0,2,1,Transit,2019,Transiting Exoplanet Survey Satellite (TESS),TESS Project Candidate,0,<a refstr=EXOFOP_TESS_TOI href=https://exofop.ipac.caltech.edu/tess/view_toi.php target=ref>ExoFOP-TESS TOI</a>,3.3088922,0.0000071,-0.0000071,0,,,,,24.9862,3.98163,-3.98163,0,2.2291233,0.35521785,-0.35521785,0,,,,,,,,,,,,,,17074.7,,,0,3184,,,0,0,<a refstr=EXOFOP_TESS_TOI href=https://exofop.ipac.caltech.edu/tess/view_toi.php target=ref>ExoFOP-TESS TOI</a>,,6188,194,-194,0,2.62,0.13,-0.13,0,,,,,,,,,,4.27166,2.00586,-2.00586,0,<a refstr=STASSUN_ET_AL__2019 href=https://ui.adsabs.harvard.edu/abs/2019AJ....158..138S/abstract target=ref>TICv8</a>,21h18m47.90s,319.6995877,-26d36m58.95s,-26.6163743,161.498,2.459,-2.388,8.324,0.002,-0.002,6.959,0.024,-0.024,8.22688,0.000735,-0.000735,12/4/23,2017-07,12/4/23
HD 202772 A b,HD 202772 A,1,2,1,Transit,2019,Transiting Exoplanet Survey Satellite (TESS),Published Confirmed,0,<a refstr=WANG_ET_AL__2019 href=https://ui.adsabs.harvard.edu/abs/2019AJ....157...51W/abstract target=ref>Wang et al. 2019</a>,3.308958,0.000083,-0.000083,0,0.05208,0.00064,-0.00068,0,17.317905,0.582868,-0.67254,0,1.545,0.052,-0.06,0,323.23311,22.2481,-21.61244,0,1.017,0.07,-0.068,0,Mass,0.038,0.042,-0.027,0,3440,184,-191,0,2132,28,-30,0,0,<a refstr=WANG_ET_AL__2019 href=https://ui.adsabs.harvard.edu/abs/2019AJ....157...51W/abstract target=ref>Wang et al. 2019</a>,,6272,77,-71,0,2.591,0.078,-0.093,0,1.72,0.064,-0.066,0,0.3,0.06,-0.06,0,[Fe/H],3.848,0.03,-0.027,0,<a refstr=STASSUN_ET_AL__2019 href=https://ui.adsabs.harvard.edu/abs/2019AJ....158..138S/abstract target=ref>TICv8</a>,21h18m47.90s,319.6995877,-26d36m58.95s,-26.6163743,161.498,2.459,-2.388,8.324,0.002,-0.002,6.959,0.024,-0.024,8.22688,0.000735,-0.000735,1/28/19,2019-02,1/31/19
HD 202772 A b,HD 202772 A,0,2,1,Transit,2019,Transiting Exoplanet Survey Satellite (TESS),Published Confirmed,0,<a refstr=KOKORI_ET_AL__2023 href=https://ui.adsabs.harvard.edu/abs/2023ApJS..265....4K/abstract target=ref>Kokori et al. 2023</a>,3.3088753,0.0000014,-0.0000014,0,,,,,,,,,,,,,,,,,,,,,,0.04,0.04,-0.03,0,,,,,,,,,0,<a refstr=WANG_ET_AL__2019 href=https://ui.adsabs.harvard.edu/abs/2019AJ....157...51W/abstract target=ref>Wang et al. 2019</a>,,6272,77,-71,0,2.591,0.078,-0.093,0,1.72,0.064,-0.066,0,0.3,0.06,-0.06,0,[Fe/H],3.848,0.03,-0.027,0,<a refstr=STASSUN_ET_AL__2019 href=https://ui.adsabs.harvard.edu/abs/2019AJ....158..138S/abstract target=ref>TICv8</a>,21h18m47.90s,319.6995877,-26d36m58.95s,-26.6163743,161.498,2.459,-2.388,8.324,0.002,-0.002,6.959,0.024,-0.024,8.22688,0.000735,-0.000735,3/4/24,2023-03,3/4/24
HD 206255 b,HD 206255,1,1,1,Radial Velocity,2019,Las Campanas Observatory,Published Confirmed,0,<a refstr=FENG_ET_AL__2019 href=https://ui.adsabs.harvard.edu/abs/2019ApJS..242...25F/abstract target=ref>Feng et al. 2019</a>,96.045,0.317,-0.317,0,0.461,0.009,-0.009,0,,,,,,,,,34.2,7.1,-7.1,0,0.10760469,0.02233899,-0.02233899,0,Msini,0.23,0.11,-0.11,0,,,,,,,,,0,<a refstr=FENG_ET_AL__2019 href=https://ui.adsabs.harvard.edu/abs/2019ApJS..242...25F/abstract target=ref>Feng et al. 2019</a>,G5 IV/V,5635,82,-99,0,,,,,1.42,0.08,-0.08,0,,,,,,,,,,<a refstr=STASSUN_ET_AL__2019 href=https://ui.adsabs.harvard.edu/abs/2019AJ....158..138S/abstract target=ref>TICv8</a>,21h42m22.03s,325.5917768,-50d05m36.92s,-50.0935884,75.2363,0.1995,-0.1985,7.62,0.03,-0.03,5.979,0.02,-0.02,7.44849,0.000199,-0.000199,5/20/19,2019-06,5/23/19
HD 20781 b,HD 20781,1,2,5,Radial Velocity,2019,La Silla Observatory,Published Confirmed,0,<a refstr=UDRY_ET_AL__2019 href=https://ui.adsabs.harvard.edu/abs/2019A&A...622A..37U/abstract target=ref>Udry et al. 2019</a>,5.3135,0.001,-0.001,0,0.0529,0.0024,-0.0027,0,,,,,,,,,1.93,0.39,-0.36,0,0.0061,0.0012,-0.0011,0,Msini,0.1,0.11,-0.07,0,,,,,,,,,0,<a refstr=UDRY_ET_AL__2019 href=https://ui.adsabs.harvard.edu/abs/2019A&A...622A..37U/abstract target=ref>Udry et al. 2019</a>,K0 V,5256,29,-29,0,,,,,0.7,,,0,-0.11,0.02,-0.02,0,[Fe/H],4.37,0.05,-0.05,0,<a refstr=STASSUN_ET_AL__2019 href=https://ui.adsabs.harvard.edu/abs/2019AJ....158..138S/abstract target=ref>TICv8</a>,03h20m03.35s,50.0139757,-28d47m02.82s,-28.7841175,35.9715,0.0527,-0.0526,8.48,0.03,-0.03,6.553,0.023,-0.023,8.2372,0.000214,-0.000214,2/5/19,2019-02,2/7/19
HD 20781 c,HD 20781,1,2,5,Radial Velocity,2019,La Silla Observatory,Published Confirmed,0,<a refstr=UDRY_ET_AL__2019 href=https://ui.adsabs.harvard.edu/abs/2019A&A...622A..37U/abstract target=ref>Udry et al. 2019</a>,13.8905,0.0033,-0.0034,0,0.1004,0.0046,-0.0051,0,,,,,,,,,5.33,0.7,-0.67,0,0.0168,0.0022,-0.0021,0,Msini,0.09,0.09,-0.06,0,,,,,,,,,0,<a refstr=UDRY_ET_AL__2019 href=https://ui.adsabs.harvard.edu/abs/2019A&A...622A..37U/abstract target=ref>Udry et al. 2019</a>,K0 V,5256,29,-29,0,,,,,0.7,,,0,-0.11,0.02,-0.02,0,[Fe/H],4.37,0.05,-0.05,0,<a refstr=STASSUN_ET_AL__2019 href=https://ui.adsabs.harvard.edu/abs/2019AJ....158..138S/abstract target=ref>TICv8</a>,03h20m03.35s,50.0139757,-28d47m02.82s,-28.7841175,35.9715,0.0527,-0.0526,8.48,0.03,-0.03,6.553,0.023,-0.023,8.2372,0.000214,-0.000214,2/5/19,2019-02,2/7/19
HD 20781 d,HD 20781,1,2,5,Radial Velocity,2019,La Silla Observatory,Published Confirmed,0,<a refstr=UDRY_ET_AL__2019 href=https://ui.adsabs.harvard.edu/abs/2019A&A...622A..37U/abstract target=ref>Udry et al. 2019</a>,29.158,0.0102,-0.01,0,0.1647,0.0076,-0.0083,0,,,,,,,,,10.61,1.2,-1.19,0,0.0334,0.0038,-0.0037,0,Msini,0.11,0.05,-0.06,0,,,,,,,,,0,<a refstr=UDRY_ET_AL__2019 href=https://ui.adsabs.harvard.edu/abs/2019A&A...622A..37U/abstract target=ref>Udry et al. 2019</a>,K0 V,5256,29,-29,0,,,,,0.7,,,0,-0.11,0.02,-0.02,0,[Fe/H],4.37,0.05,-0.05,0,<a refstr=STASSUN_ET_AL__2019 href=https://ui.adsabs.harvard.edu/abs/2019AJ....158..138S/abstract target=ref>TICv8</a>,03h20m03.35s,50.0139757,-28d47m02.82s,-28.7841175,35.9715,0.0527,-0.0526,8.48,0.03,-0.03,6.553,0.023,-0.023,8.2372,0.000214,-0.000214,2/5/19,2019-02,2/7/19
HD 20781 e,HD 20781,1,2,5,Radial Velocity,2019,La Silla Observatory,Published Confirmed,0,<a refstr=UDRY_ET_AL__2019 href=https://ui.adsabs.harvard.edu/abs/2019A&A...622A..37U/abstract target=ref>Udry et al. 2019</a>,85.5073,0.0983,-0.0947,0,0.3374,0.0155,-0.017,0,,,,,,,,,14.03,1.56,-1.56,0,0.0442,0.0049,-0.0049,0,Msini,0.06,0.06,-0.04,0,,,,,,,,,0,<a refstr=UDRY_ET_AL__2019 href=https://ui.adsabs.harvard.edu/abs/2019A&A...622A..37U/abstract target=ref>Udry et al. 2019</a>,K0 V,5256,29,-29,0,,,,,0.7,,,0,-0.11,0.02,-0.02,0,[Fe/H],4.37,0.05,-0.05,0,<a refstr=STASSUN_ET_AL__2019 href=https://ui.adsabs.harvard.edu/abs/2019AJ....158..138S/abstract target=ref>TICv8</a>,03h20m03.35s,50.0139757,-28d47m02.82s,-28.7841175,35.9715,0.0527,-0.0526,8.48,0.03,-0.03,6.553,0.023,-0.023,8.2372,0.000214,-0.000214,2/5/19,2019-02,2/7/19
HD 210193 b,HD 210193,1,1,1,Radial Velocity,2019,Las Campanas Observatory,Published Confirmed,0,<a refstr=FENG_ET_AL__2019 href=https://ui.adsabs.harvard.edu/abs/2019ApJS..242...25F/abstract target=ref>Feng et al. 2019</a>,649.918,8.599,-8.599,0,1.487,0.031,-0.031,0,,,,,,,,,153.1,23.3,-23.3,0,0.48170406,0.07330963,-0.07330963,0,Msini,0.24,0.09,-0.09,0,,,,,,,,,0,<a refstr=FENG_ET_AL__2019 href=https://ui.adsabs.harvard.edu/abs/2019ApJS..242...25F/abstract target=ref>Feng et al. 2019</a>,G3 V,5790,38,-50,0,,,,,1.04,0.06,-0.06,0,,,,,,,,,,<a refstr=STASSUN_ET_AL__2019 href=https://ui.adsabs.harvard.edu/abs/2019AJ....158..138S/abstract target=ref>TICv8</a>,22h09m34.83s,332.3951324,-41d13m30.74s,-41.225205,42.2029,0.0794,-0.0792,7.83,0.03,-0.03,6.31,0.02,-0.02,7.6687,0.000182,-0.000182,5/20/19,2019-06,5/23/19
HD 211970 b,HD 211970,1,1,1,Radial Velocity,2019,Las Campanas Observatory,Published Confirmed,0,<a refstr=FENG_ET_AL__2019 href=https://ui.adsabs.harvard.edu/abs/2019ApJS..242...25F/abstract target=ref>Feng et al. 2019</a>,25.201,0.025,-0.025,0,0.143,0.003,-0.003,0,,,,,,,,,13,2.5,-2.5,0,0.04090237,0.00786584,-0.00786584,0,Msini,0.15,0.1,-0.1,0,,,,,,,,,0,<a refstr=FENG_ET_AL__2019 href=https://ui.adsabs.harvard.edu/abs/2019ApJS..242...25F/abstract target=ref>Feng et al. 2019</a>,K7 V,4127,149,-94,0,,,,,0.61,0.04,-0.04,0,,,,,,,,,,<a refstr=STASSUN_ET_AL__2019 href=https://ui.adsabs.harvard.edu/abs/2019AJ....158..138S/abstract target=ref>TICv8</a>,22h22m15.88s,335.5661579,-54d33m34.56s,-54.5596006,13.1277,0.0069,-0.007,10.24,0.06,-0.06,5.663,0.021,-0.021,8.40444,0.000534,-0.000534,5/20/19,2019-06,5/23/19
HD 213885 b,HD 213885,1,1,2,Transit,2019,Transiting Exoplanet Survey Satellite (TESS),Published Confirmed,0,<a refstr=ESPINOZA_ET_AL__2020 href=https://ui.adsabs.harvard.edu/abs/2020MNRAS.491.2982E/abstract target=ref>Espinoza et al. 2020</a>,1.008035,0.000021,-0.00002,0,0.02012,0.00015,-0.00012,0,1.745,0.051,-0.052,0,0.15567847,0.00454992,-0.00463913,0,8.83,0.66,-0.65,0,0.02778215,0.00207658,-0.00204512,0,Mass,0,,,0,,,,,2128,13,-14,0,0,<a refstr=ESPINOZA_ET_AL__2020 href=https://ui.adsabs.harvard.edu/abs/2020MNRAS.491.2982E/abstract target=ref>Espinoza et al. 2020</a>,G,5978,50,-50,0,1.1011,0.008,-0.0075,0,1.068,0.02,-0.018,0,-0.04,0.03,-0.03,0,[Fe/H],4.3827,0.0095,-0.0097,0,<a refstr=STASSUN_ET_AL__2019 href=https://ui.adsabs.harvard.edu/abs/2019AJ....158..138S/abstract target=ref>TICv8</a>,22h35m56.09s,338.9837166,-59d51m53.38s,-59.864829,48.0883,0.0991,-0.0987,7.95,0.03,-0.03,6.419,0.024,-0.024,7.80173,0.000247,-0.000247,12/2/19,2020-01,12/5/19
HD 213885 b,HD 213885,0,1,2,Transit,2019,Transiting Exoplanet Survey Satellite (TESS),TESS Project Candidate,0,<a refstr=EXOFOP_TESS_TOI href=https://exofop.ipac.caltech.edu/tess/view_toi.php target=ref>ExoFOP-TESS TOI</a>,1.0082361,0.0000015,-0.0000015,0,,,,,1.7202,0.0924458,-0.0924458,0,0.15346623,0.00824748,-0.00824748,0,,,,,,,,,,,,,,1882.94,,,0,1835,,,0,0,<a refstr=EXOFOP_TESS_TOI href=https://exofop.ipac.caltech.edu/tess/view_toi.php target=ref>ExoFOP-TESS TOI</a>,,5795.29,44.58,-44.58,0,1.13,0.05,-0.05,0,,,,,,,,,,4.438,,,0,<a refstr=STASSUN_ET_AL__2019 href=https://ui.adsabs.harvard.edu/abs/2019AJ....158..138S/abstract target=ref>TICv8</a>,22h35m56.09s,338.9837166,-59d51m53.38s,-59.864829,48.0883,0.0991,-0.0987,7.95,0.03,-0.03,6.419,0.024,-0.024,7.80173,0.000247,-0.000247,12/4/23,2017-07,12/4/23
HD 213885 c,HD 213885,1,1,2,Radial Velocity,2019,Multiple Observatories,Published Confirmed,0,<a refstr=ESPINOZA_ET_AL__2020 href=https://ui.adsabs.harvard.edu/abs/2020MNRAS.491.2982E/abstract target=ref>Espinoza et al. 2020</a>,4.78503,0.00056,-0.00051,0,0.056798,0.00044,-0.00032,0,,,,,,,,,19.95,1.38,-1.36,0,0.06276941,0.00434194,-0.00427902,0,Msini,0,,,0,,,,,1265.4,7.3,-8.4,0,0,<a refstr=ESPINOZA_ET_AL__2020 href=https://ui.adsabs.harvard.edu/abs/2020MNRAS.491.2982E/abstract target=ref>Espinoza et al. 2020</a>,G,5978,50,-50,0,1.1011,0.008,-0.0075,0,1.068,0.02,-0.018,0,-0.04,0.03,-0.03,0,[Fe/H],4.3827,0.0095,-0.0097,0,<a refstr=STASSUN_ET_AL__2019 href=https://ui.adsabs.harvard.edu/abs/2019AJ....158..138S/abstract target=ref>TICv8</a>,22h35m56.09s,338.9837166,-59d51m53.38s,-59.864829,48.0883,0.0991,-0.0987,7.95,0.03,-0.03,6.419,0.024,-0.024,7.80173,0.000247,-0.000247,12/2/19,2020-01,12/5/19
HD 21411 b,HD 21411,1,1,1,Radial Velocity,2019,Las Campanas Observatory,Published Confirmed,0,<a refstr=FENG_ET_AL__2019 href=https://ui.adsabs.harvard.edu/abs/2019ApJS..242...25F/abstract target=ref>Feng et al. 2019</a>,84.288,0.127,-0.127,0,0.362,0.007,-0.007,0,,,,,,,,,65.9,25.6,-25.6,0,0.20734355,0.0805462,-0.0805462,0,Msini,0.4,0.15,-0.15,0,,,,,,,,,0,<a refstr=FENG_ET_AL__2019 href=https://ui.adsabs.harvard.edu/abs/2019ApJS..242...25F/abstract target=ref>Feng et al. 2019</a>,G8 V,5605,247,-132,0,,,,,0.89,0.05,-0.05,0,,,,,,,,,,<a refstr=STASSUN_ET_AL__2019 href=https://ui.adsabs.harvard.edu/abs/2019AJ....158..138S/abstract target=ref>TICv8</a>,03h26m11.38s,51.5474155,-30d37m00.63s,-30.6168403,29.1328,0.0312,-0.0312,7.88,0.03,-0.03,6.131,0.016,-0.016,7.68183,0.000181,-0.000181,5/20/19,2019-06,5/23/19
HD 21693 b,HD 21693,1,1,2,Radial Velocity,2019,La Silla Observatory,Published Confirmed,0,<a refstr=UDRY_ET_AL__2019 href=https://ui.adsabs.harvard.edu/abs/2019A&A...622A..37U/abstract target=ref>Udry et al. 2019</a>,22.6786,0.0085,-0.0087,0,0.1455,0.0058,-0.0063,0,,,,,,,,,8.23,1.08,-1.05,0,0.0259,0.0034,-0.0033,0,Msini,0.12,0.09,-0.08,0,,,,,,,,,0,<a refstr=UDRY_ET_AL__2019 href=https://ui.adsabs.harvard.edu/abs/2019A&A...622A..37U/abstract target=ref>Udry et al. 2019</a>,G8 V,5430,26,-26,0,,,,,0.8,,,0,0,0.02,-0.02,0,[Fe/H],4.37,0.04,-0.04,0,<a refstr=STASSUN_ET_AL__2019 href=https://ui.adsabs.harvard.edu/abs/2019AJ....158..138S/abstract target=ref>TICv8</a>,03h27m12.97s,51.8040469,-58d19m23.78s,-58.3232726,33.255,0.0349,-0.0348,7.95,0.03,-0.03,6.193,0.017,-0.017,7.75701,0.000194,-0.000194,2/5/19,2019-02,2/7/19
HD 21693 c,HD 21693,1,1,2,Radial Velocity,2019,La Silla Observatory,Published Confirmed,0,<a refstr=UDRY_ET_AL__2019 href=https://ui.adsabs.harvard.edu/abs/2019A&A...622A..37U/abstract target=ref>Udry et al. 2019</a>,53.7357,0.0312,-0.0309,0,0.2586,0.0103,-0.0113,0,,,,,,,,,17.37,1.77,-1.79,0,0.0547,0.0056,-0.0056,0,Msini,0.07,0.06,-0.05,0,,,,,,,,,0,<a refstr=UDRY_ET_AL__2019 href=https://ui.adsabs.harvard.edu/abs/2019A&A...622A..37U/abstract target=ref>Udry et al. 2019</a>,G8 V,5430,26,-26,0,,,,,0.8,,,0,0,0.02,-0.02,0,[Fe/H],4.37,0.04,-0.04,0,<a refstr=STASSUN_ET_AL__2019 href=https://ui.adsabs.harvard.edu/abs/2019AJ....158..138S/abstract target=ref>TICv8</a>,03h27m12.97s,51.8040469,-58d19m23.78s,-58.3232726,33.255,0.0349,-0.0348,7.95,0.03,-0.03,6.193,0.017,-0.017,7.75701,0.000194,-0.000194,2/5/19,2019-02,2/7/19
HD 21749 c,GJ 143,0,1,2,Transit,2019,Transiting Exoplanet Survey Satellite (TESS),TESS Project Candidate,0,<a refstr=EXOFOP_TESS_TOI href=https://exofop.ipac.caltech.edu/tess/view_toi.php target=ref>ExoFOP-TESS TOI</a>,7.7897726,0.0000193,-0.0000193,0,,,,,1.00084,0.107854,-0.107854,0,0.08928912,0.00962211,-0.00962211,0,,,,,,,,,,,,,,144.765,,,0,966,,,0,0,<a refstr=EXOFOP_TESS_TOI href=https://exofop.ipac.caltech.edu/tess/view_toi.php target=ref>ExoFOP-TESS TOI</a>,,4628.53,91.92,-91.92,0,0.71,0.06,-0.06,0,,,,,,,,,,4.32239,0.236802,-0.236802,0,<a refstr=STASSUN_ET_AL__2019 href=https://ui.adsabs.harvard.edu/abs/2019AJ....158..138S/abstract target=ref>TICv8</a>,03h27m00.05s,51.7501882,-63d30m00.60s,-63.500166,16.32,0.0071,-0.0071,8.08,0.03,-0.03,5.375,0.024,-0.024,7.67906,0.00026,-0.00026,12/4/23,2017-07,12/4/23
HD 21749 c,GJ 143,1,1,2,Transit,2019,Transiting Exoplanet Survey Satellite (TESS),Published Confirmed,0,<a refstr=DRAGOMIR_ET_AL__2019 href=https://ui.adsabs.harvard.edu/abs/2019ApJ...875L...7D/abstract target=ref>Dragomir et al. 2019</a>,7.78993,0.00051,-0.00044,0,0.0695,0.0021,-0.0023,0,0.892,0.064,-0.058,0,0.07957891,0.0057097,-0.00517441,0,3.7,,,1,0.01164144,,,1,Mass,,,,,,,,,701,25,-23,0,0,<a refstr=DRAGOMIR_ET_AL__2019 href=https://ui.adsabs.harvard.edu/abs/2019ApJ...875L...7D/abstract target=ref>Dragomir et al. 2019</a>,K4.5,4640,100,-100,0,0.695,0.03,-0.03,0,0.73,0.07,-0.07,0,0.003,0.06,-0.06,0,[Fe/H],4.613,0.052,-0.061,0,<a refstr=STASSUN_ET_AL__2019 href=https://ui.adsabs.harvard.edu/abs/2019AJ....158..138S/abstract target=ref>TICv8</a>,03h27m00.05s,51.7501882,-63d30m00.60s,-63.500166,16.32,0.0071,-0.0071,8.08,0.03,-0.03,5.375,0.024,-0.024,7.67906,0.00026,-0.00026,4/22/19,2019-04,4/25/19
HD 221416 b,HD 221416,0,1,1,Transit,2019,Transiting Exoplanet Survey Satellite (TESS),TESS Project Candidate,0,<a refstr=EXOFOP_TESS_TOI href=https://exofop.ipac.caltech.edu/tess/view_toi.php target=ref>ExoFOP-TESS TOI</a>,14.278122,0.003338778,-0.003338778,0,,,,,8.35660775,0.8052116,-0.8052116,0,0.74552789,0.07183629,-0.07183629,0,,,,,,,,,,,,,,91.6542,,,0,789.15,,,0,0,<a refstr=EXOFOP_TESS_TOI href=https://exofop.ipac.caltech.edu/tess/view_toi.php target=ref>ExoFOP-TESS TOI</a>,,5105,181,-181,0,2.90324,,,0,,,,,,,,,,3.39182,0.291381,-0.291381,0,<a refstr=STASSUN_ET_AL__2019 href=https://ui.adsabs.harvard.edu/abs/2019AJ....158..138S/abstract target=ref>TICv8</a>,23h32m07.96s,353.0331863,-21d48m04.32s,-21.8012007,95.5483,0.7364,-0.7254,8.15,0.03,-0.03,6.043,0.023,-0.023,7.90776,0.000638,-0.000638,8/8/22,2017-07,8/8/22
HD 221416 b,HD 221416,0,1,1,Transit,2019,Transiting Exoplanet Survey Satellite (TESS),Published Confirmed,0,<a refstr=PATEL__AMP__ESPINOZA_2022 href=https://ui.adsabs.harvard.edu/abs/2022AJ....163..228P/abstract target=ref>Patel &amp; Espinoza 2022</a>,14.2769,0.001,-0.0011,0,,,,,,,,,,,,,,,,,,,,,,,,,,,,,,,,,,0,<a refstr=HUBER_ET_AL__2019 href=https://ui.adsabs.harvard.edu/abs/2019AJ....157..245H/abstract target=ref>Huber et al. 2019</a>,,5080,90,-90,0,2.943,0.064,-0.064,0,1.212,0.074,-0.074,0,-0.08,0.08,-0.08,0,[Fe/H],3.584,0.01,-0.01,0,<a refstr=STASSUN_ET_AL__2019 href=https://ui.adsabs.harvard.edu/abs/2019AJ....158..138S/abstract target=ref>TICv8</a>,23h32m07.96s,353.0331863,-21d48m04.32s,-21.8012007,95.5483,0.7364,-0.7254,8.15,0.03,-0.03,6.043,0.023,-0.023,7.90776,0.000638,-0.000638,5/3/22,2022-05,5/3/22
HD 221416 b,HD 221416,1,1,1,Transit,2019,Transiting Exoplanet Survey Satellite (TESS),Published Confirmed,0,<a refstr=HUBER_ET_AL__2019 href=https://ui.adsabs.harvard.edu/abs/2019AJ....157..245H/abstract target=ref>Huber et al. 2019</a>,14.2767,0.0037,-0.0037,0,0.1228,0.0025,-0.0026,0,9.17,0.34,-0.31,0,0.836,0.031,-0.028,0,60.5,5.7,-5.7,0,0.19,0.018,-0.018,0,Mass,0.115,0.034,-0.03,0,,,,,,,,,0,<a refstr=HUBER_ET_AL__2019 href=https://ui.adsabs.harvard.edu/abs/2019AJ....157..245H/abstract target=ref>Huber et al. 2019</a>,,5080,90,-90,0,2.943,0.064,-0.064,0,1.212,0.074,-0.074,0,-0.08,0.08,-0.08,0,[Fe/H],3.584,0.01,-0.01,0,<a refstr=STASSUN_ET_AL__2019 href=https://ui.adsabs.harvard.edu/abs/2019AJ....158..138S/abstract target=ref>TICv8</a>,23h32m07.96s,353.0331863,-21d48m04.32s,-21.8012007,95.5483,0.7364,-0.7254,8.15,0.03,-0.03,6.043,0.023,-0.023,7.90776,0.000638,-0.000638,4/16/19,2019-06,4/18/19
HD 221420 b,HD 221420,1,1,1,Radial Velocity,2019,Anglo-Australian Telescope,Published Confirmed,0,<a refstr=VENNER_ET_AL__2021 href=https://ui.adsabs.harvard.edu/abs/2021AJ....162...12V/abstract target=ref>Venner et al. 2021</a>,10090.00000000000,890,-560,0,10.15,0.59,-0.38,0,,,,,,,,,7278.27052,699.2224954,-699.2224954,0,22.9,2.2,-2.2,0,Mass,0.14,0.04,-0.03,0,,,,,,,,,0,<a refstr=VENNER_ET_AL__2021 href=https://ui.adsabs.harvard.edu/abs/2021AJ....162...12V/abstract target=ref>Venner et al. 2021</a>,G2 IV-V,5847,22,-22,0,1.947,0.013,-0.013,0,1.351,0.013,-0.013,0,0.33,0.02,-0.02,0,[Fe/H],4.03,0.03,-0.03,0,<a refstr=STASSUN_ET_AL__2019 href=https://ui.adsabs.harvard.edu/abs/2019AJ....158..138S/abstract target=ref>TICv8</a>,23h33m19.66s,353.3319001,-77d23m07.18s,-77.3853286,31.1415,0.0376,-0.0376,5.82,0.03,-0.03,4.306,0.036,-0.036,5.65862,0.0013644,-0.0013644,7/26/21,2021-07,7/26/21
HD 221420 b,HD 221420,0,1,1,Radial Velocity,2019,Anglo-Australian Telescope,Published Confirmed,0,<a refstr=FENG_ET_AL__2022 href=https://ui.adsabs.harvard.edu/abs/2022ApJS..262...21F/abstract target=ref>Feng et al. 2022</a>,8615.41549,279.48259,-191.1791,0,8.398,0.414,-0.379,0,,,,,,,,,6467.808082,631.2072163,-1090.469264,0,20.35,1.986,-3.431,0,Mass,0.082,0.015,-0.015,0,,,,,,,,,0,<a refstr=FENG_ET_AL__2022 href=https://ui.adsabs.harvard.edu/abs/2022ApJS..262...21F/abstract target=ref>Feng et al. 2022</a>,,,,,,,,,,1.06,0.133,-0.133,0,,,,,,,,,,<a refstr=STASSUN_ET_AL__2019 href=https://ui.adsabs.harvard.edu/abs/2019AJ....158..138S/abstract target=ref>TICv8</a>,23h33m19.66s,353.3319001,-77d23m07.18s,-77.3853286,31.1415,0.0376,-0.0376,5.82,0.03,-0.03,4.306,0.036,-0.036,5.65862,0.0013644,-0.0013644,6/12/23,2022-09,6/12/23
HD 221420 b,HD 221420,0,1,1,Radial Velocity,2019,Anglo-Australian Telescope,Published Confirmed,0,<a refstr=LI_ET_AL__2021 href=https://ui.adsabs.harvard.edu/abs/2021AJ....162..266L/abstract target=ref>Li et al. 2021</a>,10120.00000000000,1100,-910,0,9.99,0.74,-0.7,0,,,,,,,,,6547.265184,635.656814,-508.5254512,0,20.6,2,-1.6,0,Mass,0.162,0.035,-0.03,0,,,,,,,,,0,<a refstr=LI_ET_AL__2021 href=https://ui.adsabs.harvard.edu/abs/2021AJ....162..266L/abstract target=ref>Li et al. 2021</a>,G2 V,,,,,,,,,1.28,0.08,-0.08,0,0.34,0.07,-0.07,0,[Fe/H],,,,,<a refstr=STASSUN_ET_AL__2019 href=https://ui.adsabs.harvard.edu/abs/2019AJ....158..138S/abstract target=ref>TICv8</a>,23h33m19.66s,353.3319001,-77d23m07.18s,-77.3853286,31.1415,0.0376,-0.0376,5.82,0.03,-0.03,4.306,0.036,-0.036,5.65862,0.0013644,-0.0013644,6/27/22,2021-12,6/27/22
HD 221420 b,HD 221420,0,1,1,Radial Velocity,2019,Anglo-Australian Telescope,Published Confirmed,0,<a refstr=PHILIPOT_ET_AL__2023 href=https://ui.adsabs.harvard.edu/abs/2023arXiv230805417P/abstract target=ref>Philipot et al. 2023</a>,10066.00000000000,929,-1125,0,10.1,0.7,-0.7,0,,,,,,,,,6992.224954,635.656814,-635.656814,0,22,2,-2,0,Mass,0.12,0.04,-0.03,0,,,,,,,,,0,<a refstr=PHILIPOT_ET_AL__2023 href=https://ui.adsabs.harvard.edu/abs/2023arXiv230805417P/abstract target=ref>Philipot et al. 2023</a>,G1 V,,,,,,,,,1.34,0.07,-0.07,0,,,,,,,,,,<a refstr=STASSUN_ET_AL__2019 href=https://ui.adsabs.harvard.edu/abs/2019AJ....158..138S/abstract target=ref>TICv8</a>,23h33m19.66s,353.3319001,-77d23m07.18s,-77.3853286,31.1415,0.0376,-0.0376,5.82,0.03,-0.03,4.306,0.036,-0.036,5.65862,0.0013644,-0.0013644,9/5/23,2023-08,9/5/23
HD 221420 b,HD 221420,0,1,1,Radial Velocity,2019,Anglo-Australian Telescope,Published Confirmed,0,<a refstr=KANE_ET_AL__2019 href=https://ui.adsabs.harvard.edu/abs/2019AJ....157..252K/abstract target=ref>Kane et al. 2019</a>,22482.00000000000,4200,-4100,0,18.5,2.3,-2.3,0,,,,,,,,,3082.951,349.613,-317.83,0,9.7,1.1,-1,0,Msini,0.42,0.05,-0.07,0,,,,,,,,,0,<a refstr=KANE_ET_AL__2019 href=https://ui.adsabs.harvard.edu/abs/2019AJ....157..252K/abstract target=ref>Kane et al. 2019</a>,,5830,44,-44,0,,,,,1.67,0.11,-0.11,0,0.29,0.03,-0.03,0,[Fe/H],4.08,0.06,-0.06,0,<a refstr=STASSUN_ET_AL__2019 href=https://ui.adsabs.harvard.edu/abs/2019AJ....158..138S/abstract target=ref>TICv8</a>,23h33m19.66s,353.3319001,-77d23m07.18s,-77.3853286,31.1415,0.0376,-0.0376,5.82,0.03,-0.03,4.306,0.036,-0.036,5.65862,0.0013644,-0.0013644,5/7/19,2019-06,5/9/19
HD 23472 b,HD 23472,0,1,5,Transit,2019,Transiting Exoplanet Survey Satellite (TESS),Published Confirmed,0,<a refstr=TRIFONOV_ET_AL__2019 href=https://ui.adsabs.harvard.edu/abs/2019A&A...622L...7T/abstract target=ref>Trifonov et al. 2019</a>,17.667,0.142,-0.095,0,0.121,0.001,-0.001,0,1.872,1.321,-1.321,0,0.16700865,0.11785173,-0.11785173,0,17.92,1.41,-14,0,0.05638234,0.00443633,-0.04404871,0,Mass,0,,,0,,,,,,,,,0,<a refstr=TRIFONOV_ET_AL__2019 href=https://ui.adsabs.harvard.edu/abs/2019A&A...622L...7T/abstract target=ref>Trifonov et al. 2019</a>,,,,,,0.73,0.01,-0.01,0,0.75,0.04,-0.03,0,,,,,,,,,,<a refstr=STASSUN_ET_AL__2019 href=https://ui.adsabs.harvard.edu/abs/2019AJ....158..138S/abstract target=ref>TICv8</a>,03h41m50.17s,55.4590314,-62d46m02.16s,-62.7672667,39.0341,0.0401,-0.04,9.73,0.03,-0.03,7.207,0.023,-0.023,9.38476,0.000227,-0.000227,10/30/20,2019-02,11/5/20
HD 23472 b,HD 23472,1,1,5,Transit,2019,Transiting Exoplanet Survey Satellite (TESS),Published Confirmed,0,<a refstr=BARROS_ET_AL__2022 href=https://ui.adsabs.harvard.edu/abs/2022arXiv220913345B/abstract target=ref>Barros et al. 2022</a>,17.667087,0.000042,-0.000042,0,0.1162,0.0018,-0.0018,0,2,0.11,-0.1,0,0.17842836,0.00981356,-0.00892142,0,8.32,0.78,-0.79,0,0.02617765,0.00245415,-0.00248562,0,Mass,0.072,0.039,-0.04,0,16,1.8,-1.6,0,543,18,-18,0,0,<a refstr=BARROS_ET_AL__2022 href=https://ui.adsabs.harvard.edu/abs/2022arXiv220913345B/abstract target=ref>Barros et al. 2022</a>,K4 V,4684,99,-99,0,0.71,0.02,-0.02,0,0.67,0.03,-0.03,0,-0.2,0.05,-0.05,0,[Fe/H],4.53,0.08,-0.08,0,<a refstr=STASSUN_ET_AL__2019 href=https://ui.adsabs.harvard.edu/abs/2019AJ....158..138S/abstract target=ref>TICv8</a>,03h41m50.17s,55.4590314,-62d46m02.16s,-62.7672667,39.0341,0.0401,-0.04,9.73,0.03,-0.03,7.207,0.023,-0.023,9.38476,0.000227,-0.000227,10/3/22,2022-09,10/3/22
HD 23472 b,HD 23472,0,1,5,Transit,2019,Transiting Exoplanet Survey Satellite (TESS),TESS Project Candidate,0,<a refstr=EXOFOP_TESS_TOI href=https://exofop.ipac.caltech.edu/tess/view_toi.php target=ref>ExoFOP-TESS TOI</a>,17.6671687,0.0000292,-0.0000292,0,,,,,1.87042,0.12665,-0.12665,0,0.16686798,0.01129898,-0.01129898,0,,,,,,,,,,,,,,7.6088,,,0,462,,,0,0,<a refstr=EXOFOP_TESS_TOI href=https://exofop.ipac.caltech.edu/tess/view_toi.php target=ref>ExoFOP-TESS TOI</a>,,4813,111,-111,0,0.69,0.04,-0.04,0,,,,,,,,,,4.38,0.21,-0.21,0,<a refstr=STASSUN_ET_AL__2019 href=https://ui.adsabs.harvard.edu/abs/2019AJ....158..138S/abstract target=ref>TICv8</a>,03h41m50.17s,55.4590314,-62d46m02.16s,-62.7672667,39.0341,0.0401,-0.04,9.73,0.03,-0.03,7.207,0.023,-0.023,9.38476,0.000227,-0.000227,12/4/23,2017-07,12/4/23
HD 23472 c,HD 23472,1,1,5,Transit,2019,Transiting Exoplanet Survey Satellite (TESS),Published Confirmed,0,<a refstr=BARROS_ET_AL__2022 href=https://ui.adsabs.harvard.edu/abs/2022arXiv220913345B/abstract target=ref>Barros et al. 2022</a>,29.79749,0.00013,-0.00014,0,0.1646,0.0024,-0.0024,0,1.87,0.12,-0.11,0,0.16683051,0.0107057,-0.00981356,0,3.41,0.88,-0.81,0,0.01072906,0.00276879,-0.00254855,0,Mass,0.063,0.054,-0.043,0,7.96,0.87,-0.78,0,467,19,-18,0,0,<a refstr=BARROS_ET_AL__2022 href=https://ui.adsabs.harvard.edu/abs/2022arXiv220913345B/abstract target=ref>Barros et al. 2022</a>,K4 V,4684,99,-99,0,0.71,0.02,-0.02,0,0.67,0.03,-0.03,0,-0.2,0.05,-0.05,0,[Fe/H],4.53,0.08,-0.08,0,<a refstr=STASSUN_ET_AL__2019 href=https://ui.adsabs.harvard.edu/abs/2019AJ....158..138S/abstract target=ref>TICv8</a>,03h41m50.17s,55.4590314,-62d46m02.16s,-62.7672667,39.0341,0.0401,-0.04,9.73,0.03,-0.03,7.207,0.023,-0.023,9.38476,0.000227,-0.000227,10/3/22,2022-09,10/3/22
HD 23472 c,HD 23472,0,1,5,Transit,2019,Transiting Exoplanet Survey Satellite (TESS),Published Confirmed,0,<a refstr=TRIFONOV_ET_AL__2019 href=https://ui.adsabs.harvard.edu/abs/2019A&A...622L...7T/abstract target=ref>Trifonov et al. 2019</a>,29.625,0.224,-0.171,0,0.17,0.001,-0.001,0,2.149,0.345,-0.345,0,0.19172094,0.03077884,-0.03077884,0,17.18,1.07,-13.77,0,0.05405405,0.00336658,-0.04332505,0,Mass,0,,,0,,,,,,,,,0,<a refstr=TRIFONOV_ET_AL__2019 href=https://ui.adsabs.harvard.edu/abs/2019A&A...622L...7T/abstract target=ref>Trifonov et al. 2019</a>,,,,,,0.73,0.01,-0.01,0,0.75,0.04,-0.03,0,,,,,,,,,,<a refstr=STASSUN_ET_AL__2019 href=https://ui.adsabs.harvard.edu/abs/2019AJ....158..138S/abstract target=ref>TICv8</a>,03h41m50.17s,55.4590314,-62d46m02.16s,-62.7672667,39.0341,0.0401,-0.04,9.73,0.03,-0.03,7.207,0.023,-0.023,9.38476,0.000227,-0.000227,10/30/20,2019-02,11/5/20
HD 23472 c,HD 23472,0,1,5,Transit,2019,Transiting Exoplanet Survey Satellite (TESS),TESS Project Candidate,0,<a refstr=EXOFOP_TESS_TOI href=https://exofop.ipac.caltech.edu/tess/view_toi.php target=ref>ExoFOP-TESS TOI</a>,29.7975205,0.0000887,-0.0000887,0,,,,,1.60982,0.115321,-0.115321,0,0.14361877,0.01028827,-0.01028827,0,,,,,,,,,,,,,,3.2713,,,0,374,,,0,0,<a refstr=EXOFOP_TESS_TOI href=https://exofop.ipac.caltech.edu/tess/view_toi.php target=ref>ExoFOP-TESS TOI</a>,,4813,111,-111,0,0.69,0.04,-0.04,0,,,,,,,,,,4.38,0.21,-0.21,0,<a refstr=STASSUN_ET_AL__2019 href=https://ui.adsabs.harvard.edu/abs/2019AJ....158..138S/abstract target=ref>TICv8</a>,03h41m50.17s,55.4590314,-62d46m02.16s,-62.7672667,39.0341,0.0401,-0.04,9.73,0.03,-0.03,7.207,0.023,-0.023,9.38476,0.000227,-0.000227,12/4/23,2017-07,12/4/23
HD 24085 b,HD 24085,1,1,1,Radial Velocity,2019,Las Campanas Observatory,Published Confirmed,0,<a refstr=FENG_ET_AL__2019 href=https://ui.adsabs.harvard.edu/abs/2019ApJS..242...25F/abstract target=ref>Feng et al. 2019</a>,2.0455,0.0002,-0.0002,0,0.034,0.001,-0.001,0,,,,,,,,,11.8,3.1,-3.1,0,0.03712677,0.00975364,-0.00975364,0,Msini,0.22,0.12,-0.12,0,,,,,,,,,0,<a refstr=FENG_ET_AL__2019 href=https://ui.adsabs.harvard.edu/abs/2019ApJS..242...25F/abstract target=ref>Feng et al. 2019</a>,G0 V,6034,32,-53,0,,,,,1.22,0.07,-0.07,0,,,,,,,,,,<a refstr=STASSUN_ET_AL__2019 href=https://ui.adsabs.harvard.edu/abs/2019AJ....158..138S/abstract target=ref>TICv8</a>,03h45m01.52s,56.2563447,-70d01m28.27s,-70.0245193,54.9004,0.0745,-0.0743,7.57,0.03,-0.03,6.172,0.017,-0.017,7.42496,0.000244,-0.000244,5/20/19,2019-06,5/23/19
HD 25015 b,HD 25015,1,1,1,Radial Velocity,2019,La Silla Observatory,Published Confirmed,0,<a refstr=FENG_ET_AL__2022 href=https://ui.adsabs.harvard.edu/abs/2022ApJS..262...21F/abstract target=ref>Feng et al. 2022</a>,6134.427,618.42583,-506.67463,0,6.248,0.486,-0.439,0,,,,,,,,,2884.92845,367.7274669,-579.401186,0,9.077,1.157,-1.823,0,Mass,0.341,0.085,-0.077,0,,,,,,,,,0,<a refstr=FENG_ET_AL__2022 href=https://ui.adsabs.harvard.edu/abs/2022ApJS..262...21F/abstract target=ref>Feng et al. 2022</a>,,,,,,,,,,0.86,0.101,-0.101,0,,,,,,,,,,<a refstr=STASSUN_ET_AL__2019 href=https://ui.adsabs.harvard.edu/abs/2019AJ....158..138S/abstract target=ref>TICv8</a>,03h57m44.05s,59.4335463,-20d16m02.40s,-20.2673347,37.433,0.0689,-0.0687,8.87,0.03,-0.03,6.806,0.026,-0.026,8.59876,0.000635,-0.000635,6/12/23,2022-09,6/12/23
HD 25015 b,HD 25015,0,1,1,Radial Velocity,2019,La Silla Observatory,Published Confirmed,0,<a refstr=XIAO_ET_AL__2023 href=https://ui.adsabs.harvard.edu/abs/2023RAA....23e5022X/abstract target=ref>Xiao et al. 2023</a>,6360,770,-690,0,6.45,0.52,-0.47,0,,,,,,,,,2993.943594,270.154146,-247.9061575,0,9.42,0.85,-0.78,0,Mass,0.341,0.086,-0.08,0,,,,,,,,,0,<a refstr=XIAO_ET_AL__2023 href=https://ui.adsabs.harvard.edu/abs/2023RAA....23e5022X/abstract target=ref>Xiao et al. 2023</a>,K2 V,5160,63,-63,0,,,,,0.86,0.05,-0.05,0,0.04,0.04,-0.04,0,[Fe/H],4.4,0.14,-0.14,0,<a refstr=STASSUN_ET_AL__2019 href=https://ui.adsabs.harvard.edu/abs/2019AJ....158..138S/abstract target=ref>TICv8</a>,03h57m44.05s,59.4335463,-20d16m02.40s,-20.2673347,37.433,0.0689,-0.0687,8.87,0.03,-0.03,6.806,0.026,-0.026,8.59876,0.000635,-0.000635,6/12/23,2023-05,6/12/23
HD 25015 b,HD 25015,0,1,1,Radial Velocity,2019,La Silla Observatory,Published Confirmed,0,<a refstr=RICKMAN_ET_AL__2019 href=https://ui.adsabs.harvard.edu/abs/2019A&A...625A..71R/abstract target=ref>Rickman et al. 2019</a>,6019.32,679.365,-262.98,0,6.19,0.45,-0.23,0,,,,,,,,,1423.8784,95.349,-88.9924,0,4.48,0.3,-0.28,0,Msini,0.39,0.09,-0.07,0,,,,,,,,,0,<a refstr=RICKMAN_ET_AL__2019 href=https://ui.adsabs.harvard.edu/abs/2019A&A...625A..71R/abstract target=ref>Rickman et al. 2019</a>,K1 V,5160,63,-63,0,0.83,0.04,-0.04,0,0.86,0.05,-0.05,0,0.04,0.04,-0.04,0,[Fe/H],4.4,0.14,-0.14,0,<a refstr=STASSUN_ET_AL__2019 href=https://ui.adsabs.harvard.edu/abs/2019AJ....158..138S/abstract target=ref>TICv8</a>,03h57m44.05s,59.4335463,-20d16m02.40s,-20.2673347,37.433,0.0689,-0.0687,8.87,0.03,-0.03,6.806,0.026,-0.026,8.59876,0.000635,-0.000635,4/8/19,2019-05,4/11/19
HD 2685 b,HD 2685,0,1,1,Transit,2019,Transiting Exoplanet Survey Satellite (TESS),Published Confirmed,0,<a refstr=PATEL__AMP__ESPINOZA_2022 href=https://ui.adsabs.harvard.edu/abs/2022AJ....163..228P/abstract target=ref>Patel &amp; Espinoza 2022</a>,4.1269047,0.0000009,-0.0000009,0,,,,,,,,,,,,,,,,,,,,,,,,,,,,,,,,,,0,<a refstr=JONES_ET_AL__2019 href=https://ui.adsabs.harvard.edu/abs/2019A&A...625A..16J/abstract target=ref>Jones et al. 2019</a>,,6801,76,-76,0,1.56,0.05,-0.05,0,1.43,0.05,-0.04,0,0.02,0.06,-0.06,0,[Fe/H],4.21,0.03,-0.03,0,<a refstr=STASSUN_ET_AL__2019 href=https://ui.adsabs.harvard.edu/abs/2019AJ....158..138S/abstract target=ref>TICv8</a>,00h29m18.94s,7.3289156,-76d18m14.52s,-76.304032,196.852,0.777,-0.771,9.595,0.003,-0.003,8.595,0.019,-0.019,9.52025,0.000318,-0.000318,5/3/22,2022-05,5/3/22
HD 2685 b,HD 2685,1,1,1,Transit,2019,Transiting Exoplanet Survey Satellite (TESS),Published Confirmed,0,<a refstr=JONES_ET_AL__2019 href=https://ui.adsabs.harvard.edu/abs/2019A&A...625A..16J/abstract target=ref>Jones et al. 2019</a>,4.12688,0.00005,-0.00004,0,0.0568,0.0006,-0.0006,0,16.14096,0.56045,-0.56045,0,1.44,0.05,-0.05,0,371.8611,38.1396,-38.1396,0,1.17,0.12,-0.12,0,Mass,0.091,0.039,-0.047,0,,,,,2061,28,-28,0,0,<a refstr=JONES_ET_AL__2019 href=https://ui.adsabs.harvard.edu/abs/2019A&A...625A..16J/abstract target=ref>Jones et al. 2019</a>,,6801,76,-76,0,1.56,0.05,-0.05,0,1.43,0.05,-0.04,0,0.02,0.06,-0.06,0,[Fe/H],4.21,0.03,-0.03,0,<a refstr=STASSUN_ET_AL__2019 href=https://ui.adsabs.harvard.edu/abs/2019AJ....158..138S/abstract target=ref>TICv8</a>,00h29m18.94s,7.3289156,-76d18m14.52s,-76.304032,196.852,0.777,-0.771,9.595,0.003,-0.003,8.595,0.019,-0.019,9.52025,0.000318,-0.000318,10/18/19,2019-05,10/24/19
HD 2685 b,HD 2685,0,1,1,Transit,2019,Transiting Exoplanet Survey Satellite (TESS),TESS Project Candidate,0,<a refstr=EXOFOP_TESS_TOI href=https://exofop.ipac.caltech.edu/tess/view_toi.php target=ref>ExoFOP-TESS TOI</a>,4.1269046,0.0000008,-0.0000008,0,,,,,17.0952,0.698036,-0.698036,0,1.52513422,0.06227471,-0.06227471,0,,,,,,,,,,,,,,1436.49,,,0,1715,,,0,0,<a refstr=EXOFOP_TESS_TOI href=https://exofop.ipac.caltech.edu/tess/view_toi.php target=ref>ExoFOP-TESS TOI</a>,,6888,204,-204,0,1.59,0.06,-0.06,0,,,,,,,,,,4.23416,0.355654,-0.355654,0,<a refstr=STASSUN_ET_AL__2019 href=https://ui.adsabs.harvard.edu/abs/2019AJ....158..138S/abstract target=ref>TICv8</a>,00h29m18.94s,7.3289156,-76d18m14.52s,-76.304032,196.852,0.777,-0.771,9.595,0.003,-0.003,8.595,0.019,-0.019,9.52025,0.000318,-0.000318,12/4/23,2017-07,12/4/23
HD 2685 b,HD 2685,0,1,1,Transit,2019,Transiting Exoplanet Survey Satellite (TESS),Published Confirmed,0,<a refstr=KOKORI_ET_AL__2023 href=https://ui.adsabs.harvard.edu/abs/2023ApJS..265....4K/abstract target=ref>Kokori et al. 2023</a>,4.1269052,0.000001,-0.000001,0,,,,,,,,,,,,,,,,,,,,,,0.091,0.039,-0.047,0,,,,,,,,,0,<a refstr=JONES_ET_AL__2019 href=https://ui.adsabs.harvard.edu/abs/2019A&A...625A..16J/abstract target=ref>Jones et al. 2019</a>,,6801,76,-76,0,1.56,0.05,-0.05,0,1.43,0.05,-0.04,0,0.02,0.06,-0.06,0,[Fe/H],4.21,0.03,-0.03,0,<a refstr=STASSUN_ET_AL__2019 href=https://ui.adsabs.harvard.edu/abs/2019AJ....158..138S/abstract target=ref>TICv8</a>,00h29m18.94s,7.3289156,-76d18m14.52s,-76.304032,196.852,0.777,-0.771,9.595,0.003,-0.003,8.595,0.019,-0.019,9.52025,0.000318,-0.000318,3/4/24,2023-03,3/4/24
HD 31527 b,HD 31527,1,1,3,Radial Velocity,2019,La Silla Observatory,Published Confirmed,0,<a refstr=UDRY_ET_AL__2019 href=https://ui.adsabs.harvard.edu/abs/2019A&A...622A..37U/abstract target=ref>Udry et al. 2019</a>,16.5535,0.0034,-0.0035,0,0.1254,0.0041,-0.0045,0,,,,,,,,,10.47,0.89,-0.87,0,0.0329,0.0028,-0.0028,0,Msini,0.1,0.05,-0.05,0,,,,,,,,,0,<a refstr=UDRY_ET_AL__2019 href=https://ui.adsabs.harvard.edu/abs/2019A&A...622A..37U/abstract target=ref>Udry et al. 2019</a>,G2 V,5898,13,-13,0,,,,,0.96,,,0,-0.17,0.01,-0.01,0,[Fe/H],4.45,0.02,-0.02,0,<a refstr=STASSUN_ET_AL__2019 href=https://ui.adsabs.harvard.edu/abs/2019AJ....158..138S/abstract target=ref>TICv8</a>,04h55m38.31s,73.9096193,-23d14m28.74s,-23.2413163,38.4473,0.0408,-0.0408,7.49,0.03,-0.03,6.049,0.018,-0.018,7.33222,0.000169,-0.000169,2/5/19,2019-02,2/7/19
HD 31527 c,HD 31527,1,1,3,Radial Velocity,2019,La Silla Observatory,Published Confirmed,0,<a refstr=UDRY_ET_AL__2019 href=https://ui.adsabs.harvard.edu/abs/2019A&A...622A..37U/abstract target=ref>Udry et al. 2019</a>,51.2053,0.0373,-0.0368,0,0.2663,0.0088,-0.0095,0,,,,,,,,,14.16,1.28,-1.23,0,0.0445,0.004,-0.0039,0,Msini,0.04,0.05,-0.03,0,,,,,,,,,0,<a refstr=UDRY_ET_AL__2019 href=https://ui.adsabs.harvard.edu/abs/2019A&A...622A..37U/abstract target=ref>Udry et al. 2019</a>,G2 V,5898,13,-13,0,,,,,0.96,,,0,-0.17,0.01,-0.01,0,[Fe/H],4.45,0.02,-0.02,0,<a refstr=STASSUN_ET_AL__2019 href=https://ui.adsabs.harvard.edu/abs/2019AJ....158..138S/abstract target=ref>TICv8</a>,04h55m38.31s,73.9096193,-23d14m28.74s,-23.2413163,38.4473,0.0408,-0.0408,7.49,0.03,-0.03,6.049,0.018,-0.018,7.33222,0.000169,-0.000169,2/5/19,2019-02,2/7/19
HD 31527 d,HD 31527,1,1,3,Radial Velocity,2019,La Silla Observatory,Published Confirmed,0,<a refstr=UDRY_ET_AL__2019 href=https://ui.adsabs.harvard.edu/abs/2019A&A...622A..37U/abstract target=ref>Udry et al. 2019</a>,271.6737,2.1135,-2.2471,0,0.8098,0.0273,-0.0293,0,,,,,,,,,11.82,1.7,-1.64,0,0.0372,0.0053,-0.0052,0,Msini,0.24,0.13,-0.13,0,,,,,,,,,0,<a refstr=UDRY_ET_AL__2019 href=https://ui.adsabs.harvard.edu/abs/2019A&A...622A..37U/abstract target=ref>Udry et al. 2019</a>,G2 V,5898,13,-13,0,,,,,0.96,,,0,-0.17,0.01,-0.01,0,[Fe/H],4.45,0.02,-0.02,0,<a refstr=STASSUN_ET_AL__2019 href=https://ui.adsabs.harvard.edu/abs/2019AJ....158..138S/abstract target=ref>TICv8</a>,04h55m38.31s,73.9096193,-23d14m28.74s,-23.2413163,38.4473,0.0408,-0.0408,7.49,0.03,-0.03,6.049,0.018,-0.018,7.33222,0.000169,-0.000169,2/5/19,2019-02,2/7/19
HD 39855 b,HD 39855,1,1,1,Radial Velocity,2019,Las Campanas Observatory,Published Confirmed,0,<a refstr=FENG_ET_AL__2019 href=https://ui.adsabs.harvard.edu/abs/2019ApJS..242...25F/abstract target=ref>Feng et al. 2019</a>,3.2498,0.0004,-0.0004,0,0.041,0.001,-0.001,0,,,,,,,,,8.5,1.5,-1.5,0,0.02674386,0.0047195,-0.0047195,0,Msini,0.14,0.11,-0.11,0,,,,,,,,,0,<a refstr=FENG_ET_AL__2019 href=https://ui.adsabs.harvard.edu/abs/2019ApJS..242...25F/abstract target=ref>Feng et al. 2019</a>,G8 V,5576,50,-46,0,,,,,0.87,0.05,-0.05,0,,,,,,,,,,<a refstr=STASSUN_ET_AL__2019 href=https://ui.adsabs.harvard.edu/abs/2019AJ....158..138S/abstract target=ref>TICv8</a>,05h54m30.26s,88.6260731,-19d42m16.01s,-19.7044472,23.2599,0.0188,-0.0189,7.51,0.03,-0.03,5.756,0.026,-0.026,7.32113,0.00018,-0.00018,5/20/19,2019-06,5/23/19
HD 45184 b,HD 45184,0,1,2,Radial Velocity,2019,La Silla Observatory,Published Confirmed,0,<a refstr=ROSENTHAL_ET_AL__2021 href=https://ui.adsabs.harvard.edu/abs/2021ApJS..255....8R/abstract target=ref>Rosenthal et al. 2021</a>,5.8858,0.00026,-0.00025,0,0.0641,0.0011,-0.0011,0,,,,,,,,,11.91856526,1.27131363,-1.20774795,0,0.0375,0.004,-0.0038,0,Msini,0.18,0.1,-0.1,0,,,,,,,,,0,<a refstr=ROSENTHAL_ET_AL__2021 href=https://ui.adsabs.harvard.edu/abs/2021ApJS..255....8R/abstract target=ref>Rosenthal et al. 2021</a>,,5820.13,94.85,-94.85,0,1.075139,0.024903,-0.024903,0,1.014904,0.050931,-0.050931,0,0.0422,0.0592,-0.0592,0,[Fe/H],4.379502,0.033474,-0.033474,0,<a refstr=STASSUN_ET_AL__2019 href=https://ui.adsabs.harvard.edu/abs/2019AJ....158..138S/abstract target=ref>TICv8</a>,06h24m43.68s,96.1820205,-28d46m50.30s,-28.7806402,21.9532,0.0156,-0.0155,6.383,0.005,-0.005,4.871,0.02,-0.02,6.21037,0.0005004,-0.0005004,9/20/21,2021-07,9/20/21
HD 45184 b,HD 45184,1,1,2,Radial Velocity,2019,La Silla Observatory,Published Confirmed,0,<a refstr=UDRY_ET_AL__2019 href=https://ui.adsabs.harvard.edu/abs/2019A&A...622A..37U/abstract target=ref>Udry et al. 2019</a>,5.8854,0.0003,-0.0003,0,0.0644,0.002,-0.0021,0,,,,,,,,,12.19,1.06,-1.03,0,0.0384,0.0033,-0.0032,0,Msini,0.07,0.05,-0.05,0,,,,,,,,,0,<a refstr=UDRY_ET_AL__2019 href=https://ui.adsabs.harvard.edu/abs/2019A&A...622A..37U/abstract target=ref>Udry et al. 2019</a>,G1.5 V,5869,14,-14,0,,,,,1.03,,,0,0.04,0.01,-0.01,0,[Fe/H],4.47,0.02,-0.02,0,<a refstr=STASSUN_ET_AL__2019 href=https://ui.adsabs.harvard.edu/abs/2019AJ....158..138S/abstract target=ref>TICv8</a>,06h24m43.68s,96.1820205,-28d46m50.30s,-28.7806402,21.9532,0.0156,-0.0155,6.383,0.005,-0.005,4.871,0.02,-0.02,6.21037,0.0005004,-0.0005004,2/5/19,2019-02,2/7/19
HD 45184 c,HD 45184,1,1,2,Radial Velocity,2019,La Silla Observatory,Published Confirmed,0,<a refstr=UDRY_ET_AL__2019 href=https://ui.adsabs.harvard.edu/abs/2019A&A...622A..37U/abstract target=ref>Udry et al. 2019</a>,13.1354,0.0026,-0.0025,0,0.11,0.0034,-0.0036,0,,,,,,,,,8.81,1.09,-1.02,0,0.0277,0.0034,-0.0032,0,Msini,0.07,0.07,-0.05,0,,,,,,,,,0,<a refstr=UDRY_ET_AL__2019 href=https://ui.adsabs.harvard.edu/abs/2019A&A...622A..37U/abstract target=ref>Udry et al. 2019</a>,G1.5 V,5869,14,-14,0,,,,,1.03,,,0,0.04,0.01,-0.01,0,[Fe/H],4.47,0.02,-0.02,0,<a refstr=STASSUN_ET_AL__2019 href=https://ui.adsabs.harvard.edu/abs/2019AJ....158..138S/abstract target=ref>TICv8</a>,06h24m43.68s,96.1820205,-28d46m50.30s,-28.7806402,21.9532,0.0156,-0.0155,6.383,0.005,-0.005,4.871,0.02,-0.02,6.21037,0.0005004,-0.0005004,2/5/19,2019-02,2/7/19
HD 45184 c,HD 45184,0,1,2,Radial Velocity,2019,La Silla Observatory,Published Confirmed,0,<a refstr=ROSENTHAL_ET_AL__2021 href=https://ui.adsabs.harvard.edu/abs/2021ApJS..255....8R/abstract target=ref>Rosenthal et al. 2021</a>,13.1407,0.0013,-0.0021,0,0.1095,0.0018,-0.0018,0,,,,,,,,,10.9332972,1.81162192,-1.84340476,0,0.0344,0.0057,-0.0058,0,Msini,0.48,0.18,-0.24,0,,,,,,,,,0,<a refstr=ROSENTHAL_ET_AL__2021 href=https://ui.adsabs.harvard.edu/abs/2021ApJS..255....8R/abstract target=ref>Rosenthal et al. 2021</a>,,5820.13,94.85,-94.85,0,1.075139,0.024903,-0.024903,0,1.014904,0.050931,-0.050931,0,0.0422,0.0592,-0.0592,0,[Fe/H],4.379502,0.033474,-0.033474,0,<a refstr=STASSUN_ET_AL__2019 href=https://ui.adsabs.harvard.edu/abs/2019AJ....158..138S/abstract target=ref>TICv8</a>,06h24m43.68s,96.1820205,-28d46m50.30s,-28.7806402,21.9532,0.0156,-0.0155,6.383,0.005,-0.005,4.871,0.02,-0.02,6.21037,0.0005004,-0.0005004,9/20/21,2021-07,9/20/21
HD 50499 c,HD 50499,0,1,2,Radial Velocity,2019,La Silla Observatory,Published Confirmed,0,<a refstr=ROSENTHAL_ET_AL__2021 href=https://ui.adsabs.harvard.edu/abs/2021ApJS..255....8R/abstract target=ref>Rosenthal et al. 2021</a>,10400.00000000000,3200,-1300,0,10.1,2,-0.85,0,,,,,,,,,1010.694334,200.2318964,-146.2010672,0,3.18,0.63,-0.46,0,Msini,0.241,0.089,-0.075,0,,,,,,,,,0,<a refstr=ROSENTHAL_ET_AL__2021 href=https://ui.adsabs.harvard.edu/abs/2021ApJS..255....8R/abstract target=ref>Rosenthal et al. 2021</a>,,5978.1,103.67,-103.67,0,1.432954,0.033662,-0.033662,0,1.253184,0.034931,-0.034931,0,0.3047,0.0611,-0.0611,0,[Fe/H],4.222344,0.02358,-0.02358,0,<a refstr=STASSUN_ET_AL__2019 href=https://ui.adsabs.harvard.edu/abs/2019AJ....158..138S/abstract target=ref>TICv8</a>,06h52m01.94s,103.008075,-33d54m54.96s,-33.915267,46.2845,0.0557,-0.0555,7.21,0.03,-0.03,5.836,0.016,-0.016,7.0564,0.000241,-0.000241,9/20/21,2021-07,9/20/21
HD 50499 c,HD 50499,1,1,2,Radial Velocity,2019,La Silla Observatory,Published Confirmed,0,<a refstr=RICKMAN_ET_AL__2019 href=https://ui.adsabs.harvard.edu/abs/2019A&A...625A..71R/abstract target=ref>Rickman et al. 2019</a>,8619.9,2622.495,-405.4275,0,9.02,1.73,-0.33,0,,,,,,,,,931.2419,232.0159,-57.2094,0,2.93,0.73,-0.18,0,Msini,0,0.14,-0.02,0,,,,,,,,,0,<a refstr=RICKMAN_ET_AL__2019 href=https://ui.adsabs.harvard.edu/abs/2019A&A...625A..71R/abstract target=ref>Rickman et al. 2019</a>,G1 V,6099,43,-43,0,1.42,0.02,-0.02,0,1.31,0.07,-0.07,0,0.38,0.03,-0.03,0,[Fe/H],4.42,0.05,-0.05,0,<a refstr=STASSUN_ET_AL__2019 href=https://ui.adsabs.harvard.edu/abs/2019AJ....158..138S/abstract target=ref>TICv8</a>,06h52m01.94s,103.008075,-33d54m54.96s,-33.915267,46.2845,0.0557,-0.0555,7.21,0.03,-0.03,5.836,0.016,-0.016,7.0564,0.000241,-0.000241,4/8/19,2019-05,4/11/19
HD 51608 b,HD 51608,1,1,2,Radial Velocity,2019,La Silla Observatory,Published Confirmed,0,<a refstr=UDRY_ET_AL__2019 href=https://ui.adsabs.harvard.edu/abs/2019A&A...622A..37U/abstract target=ref>Udry et al. 2019</a>,14.0726,0.0016,-0.0016,0,0.1059,0.0043,-0.0046,0,,,,,,,,,12.77,1.2,-1.19,0,0.0402,0.0038,-0.0037,0,Msini,0.09,0.04,-0.04,0,,,,,,,,,0,<a refstr=UDRY_ET_AL__2019 href=https://ui.adsabs.harvard.edu/abs/2019A&A...622A..37U/abstract target=ref>Udry et al. 2019</a>,G7 V,5358,22,-22,0,,,,,0.8,,,0,-0.07,0.01,-0.01,0,[Fe/H],4.36,0.05,-0.05,0,<a refstr=STASSUN_ET_AL__2019 href=https://ui.adsabs.harvard.edu/abs/2019AJ....158..138S/abstract target=ref>TICv8</a>,06h54m51.29s,103.7137102,-55d15m36.07s,-55.2600189,35.0553,0.0333,-0.0331,8.17,0.03,-0.03,6.328,0.018,-0.018,7.96058,0.000279,-0.000279,2/5/19,2019-02,2/7/19
HD 51608 c,HD 51608,1,1,2,Radial Velocity,2019,La Silla Observatory,Published Confirmed,0,<a refstr=UDRY_ET_AL__2019 href=https://ui.adsabs.harvard.edu/abs/2019A&A...622A..37U/abstract target=ref>Udry et al. 2019</a>,95.9446,0.1555,-0.1366,0,0.3809,0.0153,-0.0164,0,,,,,,,,,14.31,1.63,-1.53,0,0.045,0.0051,-0.0048,0,Msini,0.14,0.07,-0.07,0,,,,,,,,,0,<a refstr=UDRY_ET_AL__2019 href=https://ui.adsabs.harvard.edu/abs/2019A&A...622A..37U/abstract target=ref>Udry et al. 2019</a>,G7 V,5358,22,-22,0,,,,,0.8,,,0,-0.07,0.01,-0.01,0,[Fe/H],4.36,0.05,-0.05,0,<a refstr=STASSUN_ET_AL__2019 href=https://ui.adsabs.harvard.edu/abs/2019AJ....158..138S/abstract target=ref>TICv8</a>,06h54m51.29s,103.7137102,-55d15m36.07s,-55.2600189,35.0553,0.0333,-0.0331,8.17,0.03,-0.03,6.328,0.018,-0.018,7.96058,0.000279,-0.000279,2/5/19,2019-02,2/7/19
HD 64114 b,HD 64114,1,1,1,Radial Velocity,2019,Las Campanas Observatory,Published Confirmed,0,<a refstr=FENG_ET_AL__2019 href=https://ui.adsabs.harvard.edu/abs/2019ApJS..242...25F/abstract target=ref>Feng et al. 2019</a>,45.791,0.07,-0.07,0,0.246,0.005,-0.005,0,,,,,,,,,17.8,3.5,-3.5,0,0.05600478,0.01101218,-0.01101218,0,Msini,0.12,0.08,-0.08,0,,,,,,,,,0,<a refstr=FENG_ET_AL__2019 href=https://ui.adsabs.harvard.edu/abs/2019ApJS..242...25F/abstract target=ref>Feng et al. 2019</a>,G7 V,5676,32,-87,0,,,,,0.95,0.05,-0.05,0,,,,,,,,,,<a refstr=STASSUN_ET_AL__2019 href=https://ui.adsabs.harvard.edu/abs/2019AJ....158..138S/abstract target=ref>TICv8</a>,07h51m55.81s,117.982556,-11d02m01.40s,-11.0337221,31.5262,0.041,-0.0409,7.71,0.03,-0.03,6.046,0.024,-0.024,7.52581,0.000252,-0.000252,5/20/19,2019-06,5/23/19
HD 8326 b,HD 8326,1,1,1,Radial Velocity,2019,Las Campanas Observatory,Published Confirmed,0,<a refstr=FENG_ET_AL__2019 href=https://ui.adsabs.harvard.edu/abs/2019ApJS..242...25F/abstract target=ref>Feng et al. 2019</a>,158.991,1.44,-1.44,0,0.533,0.011,-0.011,0,,,,,,,,,66.6,19.6,-19.6,0,0.20954598,0.06166819,-0.06166819,0,Msini,0.2,0.11,-0.11,0,,,,,,,,,0,<a refstr=FENG_ET_AL__2019 href=https://ui.adsabs.harvard.edu/abs/2019ApJS..242...25F/abstract target=ref>Feng et al. 2019</a>,K2 V,4914,51,-32,0,,,,,0.8,0.05,-0.05,0,,,,,,,,,,<a refstr=STASSUN_ET_AL__2019 href=https://ui.adsabs.harvard.edu/abs/2019AJ....158..138S/abstract target=ref>TICv8</a>,01h22m07.55s,20.5314418,-26d53m38.64s,-26.8940678,30.6862,0.0442,-0.0441,8.76,0.03,-0.03,6.504,0.02,-0.02,8.47487,0.000365,-0.000365,5/20/19,2019-06,5/23/19
HD 92788 c,HD 92788,1,1,2,Radial Velocity,2019,La Silla Observatory,Published Confirmed,0,<a refstr=RICKMAN_ET_AL__2019 href=https://ui.adsabs.harvard.edu/abs/2019A&A...625A..71R/abstract target=ref>Rickman et al. 2019</a>,11611.29750000000,5055.06,-905.82,0,10.5,2.9,-0.55,0,,,,,,,,,1166.4361,95.349,-79.4575,0,3.67,0.3,-0.25,0,Msini,0.46,0.12,-0.03,0,,,,,,,,,0,<a refstr=RICKMAN_ET_AL__2019 href=https://ui.adsabs.harvard.edu/abs/2019A&A...625A..71R/abstract target=ref>Rickman et al. 2019</a>,G6 V,5744,24,-24,0,1.14,0.02,-0.02,0,1.15,0.07,-0.07,0,0.27,0.02,-0.02,0,[Fe/H],4.39,0.04,-0.04,0,<a refstr=STASSUN_ET_AL__2019 href=https://ui.adsabs.harvard.edu/abs/2019AJ....158..138S/abstract target=ref>TICv8</a>,10h42m48.51s,160.7021351,-02d11m04.98s,-2.1847173,34.6538,0.0597,-0.0596,7.31637,0.023,-0.023,5.721,0.02,-0.02,7.13929,0.000293,-0.000293,4/8/19,2019-05,4/11/19
HD 92788 c,HD 92788,0,1,2,Radial Velocity,2019,La Silla Observatory,Published Confirmed,0,<a refstr=ROSENTHAL_ET_AL__2021 href=https://ui.adsabs.harvard.edu/abs/2021ApJS..255....8R/abstract target=ref>Rosenthal et al. 2021</a>,8360,540,-390,0,8.26,0.36,-0.28,0,,,,,,,,,893.0978237,57.20911326,-54.03082919,0,2.81,0.18,-0.17,0,Msini,0.355,0.057,-0.052,0,,,,,,,,,0,<a refstr=ROSENTHAL_ET_AL__2021 href=https://ui.adsabs.harvard.edu/abs/2021ApJS..255....8R/abstract target=ref>Rosenthal et al. 2021</a>,,5702.25,92.42,-92.42,0,1.161955,0.027366,-0.027366,0,1.07575,0.043966,-0.043966,0,0.277,0.0613,-0.0613,0,[Fe/H],4.338021,0.030039,-0.030039,0,<a refstr=STASSUN_ET_AL__2019 href=https://ui.adsabs.harvard.edu/abs/2019AJ....158..138S/abstract target=ref>TICv8</a>,10h42m48.51s,160.7021351,-02d11m04.98s,-2.1847173,34.6538,0.0597,-0.0596,7.31637,0.023,-0.023,5.721,0.02,-0.02,7.13929,0.000293,-0.000293,9/20/21,2021-07,9/20/21
HD 97048 b,HD 97048,1,1,1,Disk Kinematics,2019,Atacama Large Millimeter Array (ALMA),Published Confirmed,0,<a refstr=PINTE_ET_AL__2019 href=https://ui.adsabs.harvard.edu/abs/2019NatAs...3.1109P/abstract target=ref>Pinte et al. 2019</a>,,,,,130,,,0,,,,,,,,,794.575,158.915,-158.915,0,2.5,0.5,-0.5,0,Mass,,,,,,,,,,,,,0,<a refstr=PINTE_ET_AL__2019 href=https://ui.adsabs.harvard.edu/abs/2019NatAs...3.1109P/abstract target=ref>Pinte et al. 2019</a>,Be9.5/AO,10000,,,0,2.25,,,0,2.4,,,0,,,,,,,,,,<a refstr=STASSUN_ET_AL__2019 href=https://ui.adsabs.harvard.edu/abs/2019AJ....158..138S/abstract target=ref>TICv8</a>,11h08m03.20s,167.0133422,-77d39m17.47s,-77.654853,183.857,1.331,-1.313,8.44,0.03,-0.03,5.941,0.029,-0.029,8.33867,0.000575,-0.000575,10/18/19,2019-08,10/24/19
HIP 35173 b,HIP 35173,1,1,1,Radial Velocity,2019,Las Campanas Observatory,Published Confirmed,0,<a refstr=FENG_ET_AL__2019 href=https://ui.adsabs.harvard.edu/abs/2019ApJS..242...25F/abstract target=ref>Feng et al. 2019</a>,41.516,0.077,-0.077,0,0.217,0.004,-0.004,0,,,,,,,,,12.7,2.7,-2.7,0,0.03995847,0.00849511,-0.00849511,0,Msini,0.16,0.11,-0.11,0,,,,,,,,,0,<a refstr=FENG_ET_AL__2019 href=https://ui.adsabs.harvard.edu/abs/2019ApJS..242...25F/abstract target=ref>Feng et al. 2019</a>,K2 V,4881,55,-81,0,,,,,0.79,0.05,-0.05,0,,,,,,,,,,<a refstr=STASSUN_ET_AL__2019 href=https://ui.adsabs.harvard.edu/abs/2019AJ....158..138S/abstract target=ref>TICv8</a>,07h16m10.78s,109.0449329,-03d39m58.06s,-3.6661273,33.1562,0.0641,-0.0638,9.01,0.03,-0.03,6.674,0.026,-0.026,8.70829,0.000356,-0.000356,5/20/19,2019-06,5/23/19
HIP 54373 b,HIP 54373,1,1,2,Radial Velocity,2019,Las Campanas Observatory,Published Confirmed,0,<a refstr=FENG_ET_AL__2019 href=https://ui.adsabs.harvard.edu/abs/2019ApJS..242...25F/abstract target=ref>Feng et al. 2019</a>,7.76,0.003,-0.003,0,0.063,0.001,-0.001,0,,,,,,,,,8.62,1.84,-1.84,0,0.02712142,0.00578926,-0.00578926,0,Msini,0.2,0.11,-0.11,0,,,,,,,,,0,<a refstr=FENG_ET_AL__2019 href=https://ui.adsabs.harvard.edu/abs/2019ApJS..242...25F/abstract target=ref>Feng et al. 2019</a>,K5 V,4021,226,-146,0,,,,,0.57,0.03,-0.03,0,,,,,,,,,,<a refstr=STASSUN_ET_AL__2019 href=https://ui.adsabs.harvard.edu/abs/2019AJ....158..138S/abstract target=ref>TICv8</a>,11h07m27.44s,166.8643532,-19d17m30.07s,-19.2916857,18.7168,0.0164,-0.0164,10.38,0.1,-0.1,6.62,0.02,-0.02,9.64076,0.000402,-0.000402,5/20/19,2019-06,5/23/19
HIP 54373 c,HIP 54373,1,1,2,Radial Velocity,2019,Las Campanas Observatory,Published Confirmed,0,<a refstr=FENG_ET_AL__2019 href=https://ui.adsabs.harvard.edu/abs/2019ApJS..242...25F/abstract target=ref>Feng et al. 2019</a>,15.144,0.008,-0.008,0,0.099,0.002,-0.002,0,,,,,,,,,12.44,2.11,-2.11,0,0.03914042,0.00663877,-0.00663877,0,Msini,0.2,0.12,-0.12,0,,,,,,,,,0,<a refstr=FENG_ET_AL__2019 href=https://ui.adsabs.harvard.edu/abs/2019ApJS..242...25F/abstract target=ref>Feng et al. 2019</a>,K5 V,4021,226,-146,0,,,,,0.57,0.03,-0.03,0,,,,,,,,,,<a refstr=STASSUN_ET_AL__2019 href=https://ui.adsabs.harvard.edu/abs/2019AJ....158..138S/abstract target=ref>TICv8</a>,11h07m27.44s,166.8643532,-19d17m30.07s,-19.2916857,18.7168,0.0164,-0.0164,10.38,0.1,-0.1,6.62,0.02,-0.02,9.64076,0.000402,-0.000402,5/20/19,2019-06,5/23/19
HIP 71135 b,HIP 71135,1,1,1,Radial Velocity,2019,Las Campanas Observatory,Published Confirmed,0,<a refstr=FENG_ET_AL__2019 href=https://ui.adsabs.harvard.edu/abs/2019ApJS..242...25F/abstract target=ref>Feng et al. 2019</a>,87.19,0.381,-0.381,0,0.335,0.007,-0.007,0,,,,,,,,,18.8,4.1,-4.1,0,0.05915112,0.01289998,-0.01289998,0,Msini,0.21,0.13,-0.13,0,,,,,,,,,0,<a refstr=FENG_ET_AL__2019 href=https://ui.adsabs.harvard.edu/abs/2019ApJS..242...25F/abstract target=ref>Feng et al. 2019</a>,M1,4146,107,-110,0,,,,,0.66,0.04,-0.04,0,,,,,,,,,,<a refstr=STASSUN_ET_AL__2019 href=https://ui.adsabs.harvard.edu/abs/2019AJ....158..138S/abstract target=ref>TICv8</a>,14h32m51.79s,218.2158073,-52d38m47.31s,-52.6464757,32.3311,0.0521,-0.0519,10.53,0.03,-0.03,7.242,0.021,-0.021,9.95835,0.000461,-0.000461,5/20/19,2019-06,5/23/19
HIP 79098 AB b,HIP 79098 AB,1,2,1,Imaging,2019,Paranal Observatory,Published Confirmed,0,<a refstr=JANSON_ET_AL__2019 href=https://ui.adsabs.harvard.edu/abs/2019A&A...626A..99J/abstract target=ref>Janson et al. 2019</a>,,,,,345,6,-6,0,,,,,,,,,6515.515,1430.235,-1430.235,0,20.5,4.5,-4.5,0,Mass,,,,,,,,,2450,150,-150,0,0,<a refstr=JANSON_ET_AL__2019 href=https://ui.adsabs.harvard.edu/abs/2019A&A...626A..99J/abstract target=ref>Janson et al. 2019</a>,,,,,,,,,,3.75,1.25,-1.25,0,,,,,,,,,,<a refstr=STASSUN_ET_AL__2019 href=https://ui.adsabs.harvard.edu/abs/2019AJ....158..138S/abstract target=ref>TICv8</a>,16h08m43.71s,242.1821202,-23d41m07.89s,-23.6855244,145.798,2.562,-2.476,5.86,0.03,-0.03,5.707,0.018,-0.018,5.83871,0.0008369,-0.0008369,7/3/19,2019-06,7/11/19
HR 5183 b,HR 5183,1,2,1,Radial Velocity,2019,Multiple Observatories,Published Confirmed,0,<a refstr=BLUNT_ET_AL__2019 href=https://ui.adsabs.harvard.edu/abs/2019AJ....158..181B/abstract target=ref>Blunt et al. 2019</a>,27000.00000000000,16000.00000000000,-8000,0,18,6,-4,0,,,,,,,,,1026.5909,47.6745,-44.4962,0,3.23,0.15,-0.14,0,Msini,0.84,0.04,-0.04,0,,,,,171,5.2,-5.1,0,0,<a refstr=BLUNT_ET_AL__2019 href=https://ui.adsabs.harvard.edu/abs/2019AJ....158..181B/abstract target=ref>Blunt et al. 2019</a>,,5794,100,-100,0,1.53,0.06,-0.05,0,1.07,0.04,-0.04,0,0.1,0.06,-0.06,0,[Fe/H],4.02,0.1,-0.1,0,<a refstr=STASSUN_ET_AL__2019 href=https://ui.adsabs.harvard.edu/abs/2019AJ....158..138S/abstract target=ref>TICv8</a>,13h46m56.59s,206.7357992,+06d20m59.64s,6.3498994,31.4607,0.039,-0.0389,6.33432,0.023,-0.023,4.851,0.021,-0.021,6.17464,0.000538,-0.000538,9/23/19,2019-11,9/26/19
HR 5183 b,HR 5183,0,2,1,Radial Velocity,2019,Multiple Observatories,Published Confirmed,0,<a refstr=ROSENTHAL_ET_AL__2021 href=https://ui.adsabs.harvard.edu/abs/2021ApJS..255....8R/abstract target=ref>Rosenthal et al. 2021</a>,43000.00000000000,57000.00000000000,-19000,0,25,19,-8.3,0,,,,,,,,,1004.337766,57.20911326,-57.20911326,0,3.16,0.18,-0.18,0,Msini,0.886,0.049,-0.056,0,,,,,,,,,0,<a refstr=ROSENTHAL_ET_AL__2021 href=https://ui.adsabs.harvard.edu/abs/2021ApJS..255....8R/abstract target=ref>Rosenthal et al. 2021</a>,,5833.8,99.91,-99.91,0,1.555268,0.036938,-0.036938,0,1.099514,0.065698,-0.065698,0,0.1014,0.0628,-0.0628,0,[Fe/H],4.096402,0.033995,-0.033995,0,<a refstr=STASSUN_ET_AL__2019 href=https://ui.adsabs.harvard.edu/abs/2019AJ....158..138S/abstract target=ref>TICv8</a>,13h46m56.59s,206.7357992,+06d20m59.64s,6.3498994,31.4607,0.039,-0.0389,6.33432,0.023,-0.023,4.851,0.021,-0.021,6.17464,0.000538,-0.000538,9/20/21,2021-07,9/20/21
HR 5183 b,HR 5183,0,2,1,Radial Velocity,2019,Multiple Observatories,Published Confirmed,0,<a refstr=XIAO_ET_AL__2023 href=https://ui.adsabs.harvard.edu/abs/2023RAA....23e5022X/abstract target=ref>Xiao et al. 2023</a>,38350.00000000000,21200.00000000000,-12100,0,22.8,7.8,-5.1,0,,,,,,,,,1052.012027,50.85254512,-38.13940884,0,3.31,0.16,-0.12,0,Mass,0.875,0.032,-0.037,0,,,,,,,,,0,<a refstr=XIAO_ET_AL__2023 href=https://ui.adsabs.harvard.edu/abs/2023RAA....23e5022X/abstract target=ref>Xiao et al. 2023</a>,G0 V,5794,100,-100,0,,,,,1.07,0.04,-0.04,0,0.1,0.06,-0.06,0,[Fe/H],4.02,0.1,-0.1,0,<a refstr=STASSUN_ET_AL__2019 href=https://ui.adsabs.harvard.edu/abs/2019AJ....158..138S/abstract target=ref>TICv8</a>,13h46m56.59s,206.7357992,+06d20m59.64s,6.3498994,31.4607,0.039,-0.0389,6.33432,0.023,-0.023,4.851,0.021,-0.021,6.17464,0.000538,-0.000538,6/12/23,2023-05,6/12/23
HR 858 b,HR 858,0,2,3,Transit,2019,Transiting Exoplanet Survey Satellite (TESS),Published Confirmed,0,<a refstr=VANDERBURG_ET_AL__2019 href=https://ui.adsabs.harvard.edu/abs/2019ApJ...881L..19V/abstract target=ref>Vanderburg et al. 2019</a>,3.58599,0.00015,-0.00015,0,0.048,0.001,-0.0011,0,2.085,0.068,-0.064,0,0.18601124,0.00606655,-0.0057097,0,,,,,,,,,,0.3,,,1,989.7,62.5,-55.8,0,1572,22,-19,0,1,<a refstr=VANDERBURG_ET_AL__2019 href=https://ui.adsabs.harvard.edu/abs/2019ApJ...881L..19V/abstract target=ref>Vanderburg et al. 2019</a>,,6201,50,-50,0,1.31,0.024,-0.022,0,1.145,0.074,-0.08,0,-0.14,0.08,-0.08,0,[Fe/H],4.262,0.032,-0.036,0,<a refstr=STASSUN_ET_AL__2019 href=https://ui.adsabs.harvard.edu/abs/2019AJ....158..138S/abstract target=ref>TICv8</a>,02h51m56.39s,42.9849779,-30d48m50.62s,-30.8140609,31.964,0.0722,-0.072,6.38,0.03,-0.03,5.149,0.02,-0.02,6.25276,0.0004263,-0.0004263,7/19/19,2019-08,7/25/19
HR 858 b,HR 858,1,2,3,Transit,2019,Transiting Exoplanet Survey Satellite (TESS),Published Confirmed,0,<a refstr=BONFANTI_ET_AL__2025 href=https://ui.adsabs.harvard.edu/abs/2025A&A...693A..90B/abstract target=ref>Bonfanti et al. 2025</a>,3.585287,0.000009,-0.000012,0,0.04888,0.00066,-0.00066,0,2.004,0.045,-0.047,0,0.17878521,0.00401464,-0.00419307,0,3.55,0.94,-0.96,0,0.01116955,0.00295757,-0.0030205,0,Mass,0,,,0,,,,,1552,22,-23,0,1,<a refstr=BONFANTI_ET_AL__2025 href=https://ui.adsabs.harvard.edu/abs/2025A&A...693A..90B/abstract target=ref>Bonfanti et al. 2025</a>,,6354,70,-70,0,1.258,0.019,-0.019,0,1.204,0.052,-0.052,0,0.025,0.05,-0.05,0,[Fe/H],4.3,0.06,-0.06,0,<a refstr=STASSUN_ET_AL__2019 href=https://ui.adsabs.harvard.edu/abs/2019AJ....158..138S/abstract target=ref>TICv8</a>,02h51m56.39s,42.9849779,-30d48m50.62s,-30.8140609,31.964,0.0722,-0.072,6.38,0.03,-0.03,5.149,0.02,-0.02,6.25276,0.0004263,-0.0004263,3/3/25,2025-01,3/3/25
HR 858 b,HR 858,0,2,3,Transit,2019,Transiting Exoplanet Survey Satellite (TESS),TESS Project Candidate,0,<a refstr=EXOFOP_TESS_TOI href=https://exofop.ipac.caltech.edu/tess/view_toi.php target=ref>ExoFOP-TESS TOI</a>,3.58529,0.00001,-0.00001,0,,,,,1.77141,0.0938401,-0.0938401,0,0.15803489,0.00837187,-0.00837187,0,,,,,,,,,,,,,,646.628,,,0,1404,,,0,1,<a refstr=EXOFOP_TESS_TOI href=https://exofop.ipac.caltech.edu/tess/view_toi.php target=ref>ExoFOP-TESS TOI</a>,,6308.31,52.75,-52.75,0,1.28,0.05,-0.05,0,,,,,,,,,,4.438,,,0,<a refstr=STASSUN_ET_AL__2019 href=https://ui.adsabs.harvard.edu/abs/2019AJ....158..138S/abstract target=ref>TICv8</a>,02h51m56.39s,42.9849779,-30d48m50.62s,-30.8140609,31.964,0.0722,-0.072,6.38,0.03,-0.03,5.149,0.02,-0.02,6.25276,0.0004263,-0.0004263,8/9/22,2017-07,8/9/22
HR 858 c,HR 858,0,2,3,Transit,2019,Transiting Exoplanet Survey Satellite (TESS),Published Confirmed,0,<a refstr=VANDERBURG_ET_AL__2019 href=https://ui.adsabs.harvard.edu/abs/2019ApJ...881L..19V/abstract target=ref>Vanderburg et al. 2019</a>,5.97293,0.0006,-0.00053,0,0.0674,0.0014,-0.0016,0,1.939,0.069,-0.069,0,0.17298599,0.00615577,-0.00615577,0,,,,,,,,,,0.19,,,1,512,29,-26,0,1326,18,-16,0,1,<a refstr=VANDERBURG_ET_AL__2019 href=https://ui.adsabs.harvard.edu/abs/2019ApJ...881L..19V/abstract target=ref>Vanderburg et al. 2019</a>,,6201,50,-50,0,1.31,0.024,-0.022,0,1.145,0.074,-0.08,0,-0.14,0.08,-0.08,0,[Fe/H],4.262,0.032,-0.036,0,<a refstr=STASSUN_ET_AL__2019 href=https://ui.adsabs.harvard.edu/abs/2019AJ....158..138S/abstract target=ref>TICv8</a>,02h51m56.39s,42.9849779,-30d48m50.62s,-30.8140609,31.964,0.0722,-0.072,6.38,0.03,-0.03,5.149,0.02,-0.02,6.25276,0.0004263,-0.0004263,7/19/19,2019-08,7/25/19
HR 858 c,HR 858,0,2,3,Transit,2019,Transiting Exoplanet Survey Satellite (TESS),TESS Project Candidate,0,<a refstr=EXOFOP_TESS_TOI href=https://exofop.ipac.caltech.edu/tess/view_toi.php target=ref>ExoFOP-TESS TOI</a>,5.973912449,1.86632E-05,-1.86632E-05,0,,,,,2.39177347,0.12332954,-0.12332954,0,0.2133801,0.01100274,-0.01100274,0,,,,,,,,,,,,,,488.0089,,,0,1198.74,,,0,1,<a refstr=EXOFOP_TESS_TOI href=https://exofop.ipac.caltech.edu/tess/view_toi.php target=ref>ExoFOP-TESS TOI</a>,,6308.31,52.75,-52.75,0,1.2845,0.053925,-0.053925,0,,,,,,,,,,4.438,,,0,<a refstr=STASSUN_ET_AL__2019 href=https://ui.adsabs.harvard.edu/abs/2019AJ....158..138S/abstract target=ref>TICv8</a>,02h51m56.39s,42.9849779,-30d48m50.62s,-30.8140609,31.964,0.0722,-0.072,6.38,0.03,-0.03,5.149,0.02,-0.02,6.25276,0.0004263,-0.0004263,8/9/22,2017-07,8/9/22
HR 858 c,HR 858,1,2,3,Transit,2019,Transiting Exoplanet Survey Satellite (TESS),Published Confirmed,0,<a refstr=BONFANTI_ET_AL__2025 href=https://ui.adsabs.harvard.edu/abs/2025A&A...693A..90B/abstract target=ref>Bonfanti et al. 2025</a>,5.973865,0.000015,-0.000016,0,0.0687,0.00092,-0.00092,0,1.979,0.054,-0.051,0,0.17655486,0.00481757,-0.00454992,0,3.8,,,1,0.01195614,,,1,Mass,0,,,0,,,,,1309,19,-19,0,1,<a refstr=BONFANTI_ET_AL__2025 href=https://ui.adsabs.harvard.edu/abs/2025A&A...693A..90B/abstract target=ref>Bonfanti et al. 2025</a>,,6354,70,-70,0,1.258,0.019,-0.019,0,1.204,0.052,-0.052,0,0.025,0.05,-0.05,0,[Fe/H],4.3,0.06,-0.06,0,<a refstr=STASSUN_ET_AL__2019 href=https://ui.adsabs.harvard.edu/abs/2019AJ....158..138S/abstract target=ref>TICv8</a>,02h51m56.39s,42.9849779,-30d48m50.62s,-30.8140609,31.964,0.0722,-0.072,6.38,0.03,-0.03,5.149,0.02,-0.02,6.25276,0.0004263,-0.0004263,3/3/25,2025-01,3/3/25
HR 858 d,HR 858,0,2,3,Transit,2019,Transiting Exoplanet Survey Satellite (TESS),Published Confirmed,0,<a refstr=VANDERBURG_ET_AL__2019 href=https://ui.adsabs.harvard.edu/abs/2019ApJ...881L..19V/abstract target=ref>Vanderburg et al. 2019</a>,11.23,0.0011,-0.001,0,0.1027,0.0022,-0.0025,0,2.164,0.086,-0.083,0,0.19305915,0.00767241,-0.00740476,0,,,,,,,,,,0.28,,,1,217,13,-12,0,1075,15,-13,0,0,<a refstr=VANDERBURG_ET_AL__2019 href=https://ui.adsabs.harvard.edu/abs/2019ApJ...881L..19V/abstract target=ref>Vanderburg et al. 2019</a>,,6201,50,-50,0,1.31,0.024,-0.022,0,1.145,0.074,-0.08,0,-0.14,0.08,-0.08,0,[Fe/H],4.262,0.032,-0.036,0,<a refstr=STASSUN_ET_AL__2019 href=https://ui.adsabs.harvard.edu/abs/2019AJ....158..138S/abstract target=ref>TICv8</a>,02h51m56.39s,42.9849779,-30d48m50.62s,-30.8140609,31.964,0.0722,-0.072,6.38,0.03,-0.03,5.149,0.02,-0.02,6.25276,0.0004263,-0.0004263,7/19/19,2019-08,7/25/19
HR 858 d,HR 858,0,2,3,Transit,2019,Transiting Exoplanet Survey Satellite (TESS),TESS Project Candidate,0,<a refstr=EXOFOP_TESS_TOI href=https://exofop.ipac.caltech.edu/tess/view_toi.php target=ref>ExoFOP-TESS TOI</a>,11.23046048,4.54979E-05,-4.54979E-05,0,,,,,2.07546646,0.20931257,-0.20931257,0,0.18516103,0.01867365,-0.01867365,0,,,,,,,,,,,,,,210.334,,,0,971.29,,,0,0,<a refstr=EXOFOP_TESS_TOI href=https://exofop.ipac.caltech.edu/tess/view_toi.php target=ref>ExoFOP-TESS TOI</a>,,6308.31,52.75,-52.75,0,1.2845,0.053925,-0.053925,0,,,,,,,,,,4.438,,,0,<a refstr=STASSUN_ET_AL__2019 href=https://ui.adsabs.harvard.edu/abs/2019AJ....158..138S/abstract target=ref>TICv8</a>,02h51m56.39s,42.9849779,-30d48m50.62s,-30.8140609,31.964,0.0722,-0.072,6.38,0.03,-0.03,5.149,0.02,-0.02,6.25276,0.0004263,-0.0004263,8/9/22,2017-07,8/9/22
HR 858 d,HR 858,1,2,3,Transit,2019,Transiting Exoplanet Survey Satellite (TESS),Published Confirmed,0,<a refstr=BONFANTI_ET_AL__2025 href=https://ui.adsabs.harvard.edu/abs/2025A&A...693A..90B/abstract target=ref>Bonfanti et al. 2025</a>,11.230511,0.000043,-0.000045,0,0.1046,0.0014,-0.0014,0,2.001,0.063,-0.064,0,0.17851757,0.00562049,-0.00570971,0,7.1,1.6,-1.6,0,0.0223391,0.00503416,-0.00503416,0,Mass,0,,,0,,,,,1061,15,-16,0,0,<a refstr=BONFANTI_ET_AL__2025 href=https://ui.adsabs.harvard.edu/abs/2025A&A...693A..90B/abstract target=ref>Bonfanti et al. 2025</a>,,6354,70,-70,0,1.258,0.019,-0.019,0,1.204,0.052,-0.052,0,0.025,0.05,-0.05,0,[Fe/H],4.3,0.06,-0.06,0,<a refstr=STASSUN_ET_AL__2019 href=https://ui.adsabs.harvard.edu/abs/2019AJ....158..138S/abstract target=ref>TICv8</a>,02h51m56.39s,42.9849779,-30d48m50.62s,-30.8140609,31.964,0.0722,-0.072,6.38,0.03,-0.03,5.149,0.02,-0.02,6.25276,0.0004263,-0.0004263,3/3/25,2025-01,3/3/25
K2-133 e,K2-133,1,1,4,Transit,2019,K2,Published Confirmed,0,<a refstr=WELLS_ET_AL__2019 href=https://ui.adsabs.harvard.edu/abs/2019MNRAS.487.1865W/abstract target=ref>Wells et al. 2019</a>,26.5841,0.0018,-0.0017,0,0.1346,0.0011,-0.0011,0,1.73,0.14,-0.13,0,0.15434026,0.01248996,-0.01159782,0,,,,,,,,,,,,,,1.8,0.25,-0.23,0,296,10,-10,0,0,<a refstr=WELLS_ET_AL__2019 href=https://ui.adsabs.harvard.edu/abs/2019MNRAS.487.1865W/abstract target=ref>Wells et al. 2019</a>,M1.5 V,3655,80,-80,0,0.455,0.022,-0.022,0,0.461,0.011,-0.011,0,,,,,,,,,,<a refstr=STASSUN_ET_AL__2019 href=https://ui.adsabs.harvard.edu/abs/2019AJ....158..138S/abstract target=ref>TICv8</a>,04h40m35.85s,70.1493775,+25d00m35.33s,25.0098135,75.1703,0.2012,-0.2012,14.073,0.014,-0.014,10.279,0.018,-0.018,13.3245,0.000311,-0.000311,5/20/19,2019-08,5/23/19
K2-146 c,K2-146,1,1,2,Transit,2019,K2,Published Confirmed,0,<a refstr=HAMANN_ET_AL__2019 href=https://ui.adsabs.harvard.edu/abs/2019AJ....158..133H/abstract target=ref>Hamann et al. 2019</a>,4.00498,0.00011,-0.00011,0,,,,,2.19,0.07,-0.07,0,0.19537871,0.00624498,-0.00624498,0,7.49,0.24,-0.24,0,0.02358,0.00031,-0.00031,0,Mass,0.075,0.016,-0.016,0,,,,,,,,,1,<a refstr=HAMANN_ET_AL__2019 href=https://ui.adsabs.harvard.edu/abs/2019AJ....158..133H/abstract target=ref>Hamann et al. 2019</a>,,3385,70,-70,0,0.33,0.01,-0.01,0,0.331,0.009,-0.009,0,,,,,,,,,,<a refstr=STASSUN_ET_AL__2019 href=https://ui.adsabs.harvard.edu/abs/2019AJ....158..138S/abstract target=ref>TICv8</a>,08h40m06.41s,130.0266951,+19d05m32.43s,19.0923416,79.3002,0.478,-0.4723,16.7,0.2,-0.2,11.37,0.023,-0.023,14.9834,0.000523,-0.000523,8/9/19,2019-09,8/15/19
K2-146 c,K2-146,0,1,2,Transit,2019,K2,Published Confirmed,0,<a refstr=LAM_ET_AL__2020 href=https://ui.adsabs.harvard.edu/abs/2020AJ....159..120L/abstract target=ref>Lam et al. 2020</a>,3.9663,0.0002,-0.00002,0,0.0327,0.0006,-0.0006,0,2.59,1.81,-0.39,0,0.23106472,0.16147766,-0.03479353,0,7.1,0.9,-0.9,0,0.0223391,0.00283172,-0.00283172,0,Mass,0.16,0.07,-0.07,0,,,,,,,,,1,<a refstr=LAM_ET_AL__2020 href=https://ui.adsabs.harvard.edu/abs/2020AJ....159..120L/abstract target=ref>Lam et al. 2020</a>,M3.0 V,3385,70,-70,0,0.35,0.035,-0.035,0,0.358,0.042,-0.042,0,-0.02,0.12,-0.12,0,[Fe/H],4.906,0.041,-0.041,0,<a refstr=STASSUN_ET_AL__2019 href=https://ui.adsabs.harvard.edu/abs/2019AJ....158..138S/abstract target=ref>TICv8</a>,08h40m06.41s,130.0266951,+19d05m32.43s,19.0923416,79.3002,0.478,-0.4723,16.7,0.2,-0.2,11.37,0.023,-0.023,14.9834,0.000523,-0.000523,7/12/21,2020-03,7/12/21
K2-198 c,K2-198,0,1,3,Transit,2019,K2,Published Candidate,0,<a refstr=POPE_ET_AL__2016 href=https://ui.adsabs.harvard.edu/abs/2016MNRAS.461.3399P/abstract target=ref>Pope et al. 2016</a>,3.359,,,0,,,,,,,,,,,,,,,,,,,,,,,,,,,,,,,,,,0,<a refstr=STASSUN_ET_AL__2019 href=https://ui.adsabs.harvard.edu/abs/2019AJ....158..138S/abstract target=ref>TICv8</a>,,5183.84,146.86,-92.65,0,0.781501,0.03526,-0.054288,0,0.879,0.112729,-0.103426,0,0.094,0.057,-0.057,0,[M/H],4.5962,0.089224,-0.079103,0,<a refstr=STASSUN_ET_AL__2019 href=https://ui.adsabs.harvard.edu/abs/2019AJ....158..138S/abstract target=ref>TICv8</a>,13h15m22.48s,198.8436817,-06d27m53.96s,-6.4649888,110.567,0.874,-0.86,10.971,0.015,-0.015,9.228,0.021,-0.021,10.9955,0.001421,-0.001421,7/18/16,2016-10,7/18/16
K2-198 c,K2-198,1,1,3,Transit,2019,K2,Published Confirmed,0,<a refstr=HEDGES_ET_AL__2019 href=https://ui.adsabs.harvard.edu/abs/2019ApJ...880L...5H/abstract target=ref>Hedges et al. 2019</a>,3.3596055,0.000004,-0.0000021,0,,,,,1.423,0.081,-0.036,0,0.12695156,0.00722634,-0.0032117,0,,,,,,,,,,,,,,,,,,1229.9,32.2,-15.9,0,0,<a refstr=HEDGES_ET_AL__2019 href=https://ui.adsabs.harvard.edu/abs/2019ApJ...880L...5H/abstract target=ref>Hedges et al. 2019</a>,,5212.9,99,-49.2,0,0.757,0.035,-0.016,0,0.799,0.091,-0.045,0,,,,,,,,,,<a refstr=STASSUN_ET_AL__2019 href=https://ui.adsabs.harvard.edu/abs/2019AJ....158..138S/abstract target=ref>TICv8</a>,13h15m22.48s,198.8436817,-06d27m53.96s,-6.4649888,110.567,0.874,-0.86,10.971,0.015,-0.015,9.228,0.021,-0.021,10.9955,0.001421,-0.001421,8/9/19,2019-07,8/15/19
K2-198 d,K2-198,0,1,3,Transit,2019,K2,Published Candidate,0,<a refstr=POPE_ET_AL__2016 href=https://ui.adsabs.harvard.edu/abs/2016MNRAS.461.3399P/abstract target=ref>Pope et al. 2016</a>,7.45,,,0,,,,,,,,,,,,,,,,,,,,,,,,,,,,,,,,,,0,<a refstr=STASSUN_ET_AL__2019 href=https://ui.adsabs.harvard.edu/abs/2019AJ....158..138S/abstract target=ref>TICv8</a>,,5183.84,146.86,-92.65,0,0.781501,0.03526,-0.054288,0,0.879,0.112729,-0.103426,0,0.094,0.057,-0.057,0,[M/H],4.5962,0.089224,-0.079103,0,<a refstr=STASSUN_ET_AL__2019 href=https://ui.adsabs.harvard.edu/abs/2019AJ....158..138S/abstract target=ref>TICv8</a>,13h15m22.48s,198.8436817,-06d27m53.96s,-6.4649888,110.567,0.874,-0.86,10.971,0.015,-0.015,9.228,0.021,-0.021,10.9955,0.001421,-0.001421,7/18/16,2016-10,7/18/16
K2-198 d,K2-198,0,1,3,Transit,2019,K2,Published Candidate,0,<a refstr=KRUSE_ET_AL__2019 href=https://ui.adsabs.harvard.edu/abs/2019ApJS..244...11K/abstract target=ref>Kruse et al. 2019</a>,7.44976,0.00015,-0.00016,0,,,,,2.82,0.22,-0.32,0,0.252,0.02,-0.029,0,,,,,,,,,,,,,,,,,,,,,,0,<a refstr=KRUSE_ET_AL__2019 href=https://ui.adsabs.harvard.edu/abs/2019ApJS..244...11K/abstract target=ref>Kruse et al. 2019</a>,,,,,,0.801,0.035,-0.037,0,,,,,,,,,,,,,,<a refstr=STASSUN_ET_AL__2019 href=https://ui.adsabs.harvard.edu/abs/2019AJ....158..138S/abstract target=ref>TICv8</a>,13h15m22.48s,198.8436817,-06d27m53.96s,-6.4649888,110.567,0.874,-0.86,10.971,0.015,-0.015,9.228,0.021,-0.021,10.9955,0.001421,-0.001421,9/5/19,2019-09,9/5/19
K2-198 d,K2-198,1,1,3,Transit,2019,K2,Published Confirmed,0,<a refstr=HEDGES_ET_AL__2019 href=https://ui.adsabs.harvard.edu/abs/2019ApJ...880L...5H/abstract target=ref>Hedges et al. 2019</a>,7.4500177,0.0000052,-0.0000026,0,,,,,2.438,0.13,-0.056,0,0.21750379,0.01159782,-0.00499599,0,,,,,,,,,,,,,,,,,,943.2,24.7,-12.2,0,0,<a refstr=HEDGES_ET_AL__2019 href=https://ui.adsabs.harvard.edu/abs/2019ApJ...880L...5H/abstract target=ref>Hedges et al. 2019</a>,,5212.9,99,-49.2,0,0.757,0.035,-0.016,0,0.799,0.091,-0.045,0,,,,,,,,,,<a refstr=STASSUN_ET_AL__2019 href=https://ui.adsabs.harvard.edu/abs/2019AJ....158..138S/abstract target=ref>TICv8</a>,13h15m22.48s,198.8436817,-06d27m53.96s,-6.4649888,110.567,0.874,-0.86,10.971,0.015,-0.015,9.228,0.021,-0.021,10.9955,0.001421,-0.001421,8/9/19,2019-07,8/15/19
K2-198 d,K2-198,0,1,3,Transit,2019,K2,Published Confirmed,0,<a refstr=KOKORI_ET_AL__2023 href=https://ui.adsabs.harvard.edu/abs/2023ApJS..265....4K/abstract target=ref>Kokori et al. 2023</a>,7.4500372,0.0000047,-0.0000047,0,,,,,,,,,,,,,,,,,,,,,,,,,,,,,,,,,,0,<a refstr=MAYO_ET_AL__2018 href=https://ui.adsabs.harvard.edu/abs/2018AJ....155..136M/abstract target=ref>Mayo et al. 2018</a>,,5262,50,-50,0,0.778475,0.030929,-0.024117,0,0.835734,0.028994,-0.029287,0,-0.16,0.08,-0.08,0,[Fe/H],4.63,0.1,-0.1,0,<a refstr=STASSUN_ET_AL__2019 href=https://ui.adsabs.harvard.edu/abs/2019AJ....158..138S/abstract target=ref>TICv8</a>,13h15m22.48s,198.8436817,-06d27m53.96s,-6.4649888,110.567,0.874,-0.86,10.971,0.015,-0.015,9.228,0.021,-0.021,10.9955,0.001421,-0.001421,3/4/24,2023-03,3/4/24
K2-289 b,K2-289,0,1,1,Transit,2019,K2,Published Candidate,0,<a refstr=KRUSE_ET_AL__2019 href=https://ui.adsabs.harvard.edu/abs/2019ApJS..244...11K/abstract target=ref>Kruse et al. 2019</a>,13.15727,0.00022,-0.00021,0,,,,,10.83,1.99,-0.75,0,0.9662,0.178,-0.067,0,,,,,,,,,,,,,,,,,,,,,,0,<a refstr=KRUSE_ET_AL__2019 href=https://ui.adsabs.harvard.edu/abs/2019ApJS..244...11K/abstract target=ref>Kruse et al. 2019</a>,,,,,,1.24,0.227,-0.077,0,,,,,,,,,,,,,,<a refstr=STASSUN_ET_AL__2019 href=https://ui.adsabs.harvard.edu/abs/2019AJ....158..138S/abstract target=ref>TICv8</a>,16h26m34.31s,246.6429443,-15d47m33.14s,-15.7925384,274.3,2.093,-2.063,14.81,0.229,-0.229,10.641,0.021,-0.021,13.7943,0.000205,-0.000205,9/5/19,2019-09,9/5/19
K2-289 b,K2-289,0,1,1,Transit,2019,K2,Published Candidate,0,<a refstr=VANDERBURG_ET_AL__2016 href=https://ui.adsabs.harvard.edu/abs/2016ApJS..222...14V/abstract target=ref>Vanderburg et al. 2016</a>,13.156974,,,0,,,,,5.19,,,0,0.46302079,,,0,,,,,,,,,,,,,,,,,,,,,,0,<a refstr=VANDERBURG_ET_AL__2016 href=https://ui.adsabs.harvard.edu/abs/2016ApJS..222...14V/abstract target=ref>Vanderburg et al. 2016</a>,,3816,,,0,0.54,,,0,,,,,,,,,,,,,,<a refstr=STASSUN_ET_AL__2019 href=https://ui.adsabs.harvard.edu/abs/2019AJ....158..138S/abstract target=ref>TICv8</a>,16h26m34.31s,246.6429443,-15d47m33.14s,-15.7925384,274.3,2.093,-2.063,14.81,0.229,-0.229,10.641,0.021,-0.021,13.7943,0.000205,-0.000205,12/5/15,2016-01,12/5/15
K2-289 b,K2-289,0,1,1,Transit,2019,K2,Published Candidate,0,<a refstr=CROSSFIELD_ET_AL__2016 href=https://ui.adsabs.harvard.edu/abs/2016ApJS..226....7C/abstract target=ref>Crossfield et al. 2016</a>,13.15628,0.00067,-0.00067,0,,,,,3.2,1.8,-1.8,0,0.29,0.16,-0.16,0,,,,,,,,,,,,,,,,,,,,,,0,<a refstr=CROSSFIELD_ET_AL__2016 href=https://ui.adsabs.harvard.edu/abs/2016ApJS..226....7C/abstract target=ref>Crossfield et al. 2016</a>,,3809,312,-312,0,0.38,0.21,-0.21,0,,,,,,,,,,4.89,0.18,-0.18,0,<a refstr=STASSUN_ET_AL__2019 href=https://ui.adsabs.harvard.edu/abs/2019AJ....158..138S/abstract target=ref>TICv8</a>,16h26m34.31s,246.6429443,-15d47m33.14s,-15.7925384,274.3,2.093,-2.063,14.81,0.229,-0.229,10.641,0.021,-0.021,13.7943,0.000205,-0.000205,7/18/16,2016-09,7/18/16
K2-289 b,K2-289,1,1,1,Transit,2019,K2,Published Confirmed,0,<a refstr=LIVINGSTON_ET_AL__2019 href=https://ui.adsabs.harvard.edu/abs/2019AJ....157..102L/abstract target=ref>Livingston et al. 2019</a>,13.156969,0.000047,-0.000051,0,0.107,0.001,-0.001,0,9.1,0.3,-0.3,0,0.81184762,0.02676421,-0.02676421,0,,,,,,,,,,,,,,,,,,753,16,-16,0,0,<a refstr=LIVINGSTON_ET_AL__2019 href=https://ui.adsabs.harvard.edu/abs/2019AJ....157..102L/abstract target=ref>Livingston et al. 2019</a>,,5529,77,-74,0,1.025,0.03,-0.028,0,0.953,0.037,-0.051,0,0.162,0.087,-0.074,0,[Fe/H],4.393,0.024,-0.022,0,<a refstr=STASSUN_ET_AL__2019 href=https://ui.adsabs.harvard.edu/abs/2019AJ....158..138S/abstract target=ref>TICv8</a>,16h26m34.31s,246.6429443,-15d47m33.14s,-15.7925384,274.3,2.093,-2.063,14.81,0.229,-0.229,10.641,0.021,-0.021,13.7943,0.000205,-0.000205,1/28/19,2019-03,1/31/19
K2-290 b,K2-290,0,3,2,Transit,2019,K2,Published Confirmed,0,<a refstr=HJORTH_ET_AL__2021 href=https://ui.adsabs.harvard.edu/abs/2021PNAS..11817418H/abstract target=ref>Hjorth et al. 2021</a>,,,,,,,,,,,,,,,,,,,,,,,,,,,,,,,,,,,,,,0,<a refstr=HJORTH_ET_AL__2021 href=https://ui.adsabs.harvard.edu/abs/2021PNAS..11817418H/abstract target=ref>Hjorth et al. 2021</a>,,,,,,,,,,,,,,,,,,,,,,,<a refstr=STASSUN_ET_AL__2019 href=https://ui.adsabs.harvard.edu/abs/2019AJ....158..138S/abstract target=ref>TICv8</a>,15h39m25.89s,234.8578846,-20d11m56.03s,-20.1988975,272.909,3.824,-3.721,11.114,0.013,-0.013,9.42,0.019,-0.019,10.8204,0.000394,-0.000394,5/3/23,2021-02,5/3/23
K2-290 b,K2-290,1,3,2,Transit,2019,K2,Published Confirmed,0,<a refstr=HJORTH_ET_AL__2019 href=https://ui.adsabs.harvard.edu/abs/2019MNRAS.484.3522H/abstract target=ref>Hjorth et al. 2019</a>,9.21165,0.00033,-0.00034,0,0.0923,0.0066,-0.0066,0,3.06,0.16,-0.16,0,0.27299491,0.01427424,-0.01427424,0,10.9,,,1,0.03429506,,,1,Mass,0,,,0,,,,,1230,38,-38,0,0,<a refstr=HJORTH_ET_AL__2019 href=https://ui.adsabs.harvard.edu/abs/2019MNRAS.484.3522H/abstract target=ref>Hjorth et al. 2019</a>,,6302,120,-120,0,1.511,0.075,-0.072,0,1.194,0.067,-0.077,0,-0.06,0.1,-0.1,0,[Fe/H],4.23,0.1,-0.1,0,<a refstr=STASSUN_ET_AL__2019 href=https://ui.adsabs.harvard.edu/abs/2019AJ....158..138S/abstract target=ref>TICv8</a>,15h39m25.89s,234.8578846,-20d11m56.03s,-20.1988975,272.909,3.824,-3.721,11.114,0.013,-0.013,9.42,0.019,-0.019,10.8204,0.000394,-0.000394,1/22/19,2019-04,1/24/19
K2-290 c,K2-290,1,3,2,Transit,2019,K2,Published Confirmed,0,<a refstr=HJORTH_ET_AL__2019 href=https://ui.adsabs.harvard.edu/abs/2019MNRAS.484.3522H/abstract target=ref>Hjorth et al. 2019</a>,48.36685,0.00041,-0.0004,0,0.305,0.017,-0.017,0,11.276254,0.56045,-0.56045,0,1.006,0.05,-0.05,0,246.00042,14.93801,-14.93801,0,0.774,0.047,-0.047,0,Mass,0,,,0,,,,,676,16,-16,0,0,<a refstr=HJORTH_ET_AL__2019 href=https://ui.adsabs.harvard.edu/abs/2019MNRAS.484.3522H/abstract target=ref>Hjorth et al. 2019</a>,,6302,120,-120,0,1.511,0.075,-0.072,0,1.194,0.067,-0.077,0,-0.06,0.1,-0.1,0,[Fe/H],4.23,0.1,-0.1,0,<a refstr=STASSUN_ET_AL__2019 href=https://ui.adsabs.harvard.edu/abs/2019AJ....158..138S/abstract target=ref>TICv8</a>,15h39m25.89s,234.8578846,-20d11m56.03s,-20.1988975,272.909,3.824,-3.721,11.114,0.013,-0.013,9.42,0.019,-0.019,10.8204,0.000394,-0.000394,1/22/19,2019-04,1/24/19
K2-290 c,K2-290,0,3,2,Transit,2019,K2,Published Confirmed,0,<a refstr=HJORTH_ET_AL__2021 href=https://ui.adsabs.harvard.edu/abs/2021PNAS..11817418H/abstract target=ref>Hjorth et al. 2021</a>,,,,,,,,,,,,,,,,,,,,,,,,,,,,,,,,,,,,,,0,<a refstr=HJORTH_ET_AL__2021 href=https://ui.adsabs.harvard.edu/abs/2021PNAS..11817418H/abstract target=ref>Hjorth et al. 2021</a>,,,,,,,,,,,,,,,,,,,,,,,<a refstr=STASSUN_ET_AL__2019 href=https://ui.adsabs.harvard.edu/abs/2019AJ....158..138S/abstract target=ref>TICv8</a>,15h39m25.89s,234.8578846,-20d11m56.03s,-20.1988975,272.909,3.824,-3.721,11.114,0.013,-0.013,9.42,0.019,-0.019,10.8204,0.000394,-0.000394,5/3/23,2021-02,5/3/23
K2-291 b,K2-291,0,1,1,Transit,2019,K2,TESS Project Candidate,0,<a refstr=EXOFOP_TESS_TOI href=https://exofop.ipac.caltech.edu/tess/view_toi.php target=ref>ExoFOP-TESS TOI</a>,2.2251639,0.0000244,-0.0000244,0,,,,,1.50436,0.179303,-0.179303,0,0.13421024,0.01599637,-0.01599637,0,,,,,,,,,,,,,,348.601,,,0,1203,,,0,0,<a refstr=EXOFOP_TESS_TOI href=https://exofop.ipac.caltech.edu/tess/view_toi.php target=ref>ExoFOP-TESS TOI</a>,,5509,121.7,-121.7,0,0.92,0.05,-0.05,0,,,,,,,,,,4.5,0.08,-0.08,0,<a refstr=STASSUN_ET_AL__2019 href=https://ui.adsabs.harvard.edu/abs/2019AJ....158..138S/abstract target=ref>TICv8</a>,05h05m47.03s,76.44594,+21d32m53.52s,21.548199,90.0562,0.4953,-0.49,10.014,0.005,-0.005,8.353,0.02,-0.02,9.86639,0.00071,-0.00071,5/8/24,2017-07,5/8/24
K2-291 b,K2-291,0,1,1,Transit,2019,K2,Published Confirmed,0,<a refstr=HOWARD_ET_AL__2025 href=https://ui.adsabs.harvard.edu/abs/2025ApJS..278...52H/abstract target=ref>Howard et al. 2025</a>,2.225177,0.000066,-0.000068,0,,,,,1.589,0.095,-0.072,0,0.14176133,0.00847535,-0.00642342,0,6.49,1.16,-1.16,0,0.02041982,0.00364977,-0.00364977,0,Mass,,,,,633,59,-56,0,1278,30,-30,0,0,<a refstr=HOWARD_ET_AL__2025 href=https://ui.adsabs.harvard.edu/abs/2025ApJS..278...52H/abstract target=ref>Howard et al. 2025</a>,,5520,60,-60,0,0.934,0.038,-0.038,0,0.934,0.038,-0.038,0,0.08,0.04,-0.04,0,[Fe/H],4.5,0.05,-0.05,0,<a refstr=STASSUN_ET_AL__2019 href=https://ui.adsabs.harvard.edu/abs/2019AJ....158..138S/abstract target=ref>TICv8</a>,05h05m47.03s,76.44594,+21d32m53.52s,21.548199,90.0562,0.4953,-0.49,10.014,0.005,-0.005,8.353,0.02,-0.02,9.86639,0.00071,-0.00071,9/17/25,2025-06,9/17/25
K2-291 b,K2-291,1,1,1,Transit,2019,K2,Published Confirmed,0,<a refstr=KOSIAREK_ET_AL__2019 href=https://ui.adsabs.harvard.edu/abs/2019AJ....157..116K/abstract target=ref>Kosiarek et al. 2019</a>,2.225177,0.000066,-0.000068,0,0.03261,0.00044,-0.00044,0,1.589,0.095,-0.072,0,0.14176108,0.00847533,-0.00642341,0,6.49,1.16,-1.16,0,0.02041972,0.00364975,-0.00364975,0,Mass,0,,,0,633,59,-56,0,,,,,0,<a refstr=KOSIAREK_ET_AL__2019 href=https://ui.adsabs.harvard.edu/abs/2019AJ....157..116K/abstract target=ref>Kosiarek et al. 2019</a>,,5520,60,-60,0,0.899,0.035,-0.033,0,0.934,0.038,-0.038,0,0.08,0.04,-0.05,0,[Fe/H],4.5,0.05,-0.05,0,<a refstr=STASSUN_ET_AL__2019 href=https://ui.adsabs.harvard.edu/abs/2019AJ....158..138S/abstract target=ref>TICv8</a>,05h05m47.03s,76.44594,+21d32m53.52s,21.548199,90.0562,0.4953,-0.49,10.014,0.005,-0.005,8.353,0.02,-0.02,9.86639,0.00071,-0.00071,1/22/19,2019-03,1/24/19
K2-291 b,K2-291,0,1,1,Transit,2019,K2,Published Confirmed,0,<a refstr=DAI_ET_AL__2019 href=https://ui.adsabs.harvard.edu/abs/2019ApJ...883...79D/abstract target=ref>Dai et al. 2019</a>,2.225,,,0,,,,,1.582,0.037,-0.042,0,0.14113659,0.00330092,-0.00374699,0,6.4,1.1,-1.1,0,0.02013655,0.00346097,-0.00346097,0,Mass,,,,,,,,,,,,,0,<a refstr=DAI_ET_AL__2019 href=https://ui.adsabs.harvard.edu/abs/2019ApJ...883...79D/abstract target=ref>Dai et al. 2019</a>,,5520,60,-60,0,0.904,0.012,-0.012,0,0.926,0.046,-0.048,0,0.08,0.04,-0.04,0,[Fe/H],4.5,0.05,-0.05,0,<a refstr=STASSUN_ET_AL__2019 href=https://ui.adsabs.harvard.edu/abs/2019AJ....158..138S/abstract target=ref>TICv8</a>,05h05m47.03s,76.44594,+21d32m53.52s,21.548199,90.0562,0.4953,-0.49,10.014,0.005,-0.005,8.353,0.02,-0.02,9.86639,0.00071,-0.00071,8/23/19,2019-09,8/29/19
K2-292 b,K2-292,1,1,1,Transit,2019,K2,Published Confirmed,0,<a refstr=LUQUE_ET_AL__2019 href=https://ui.adsabs.harvard.edu/abs/2019A&A...623A.114L/abstract target=ref>Luque et al. 2019</a>,16.9841,0.0008,-0.0008,0,0.13,0.01,-0.01,0,2.63,0.11,-0.1,0,0.23463288,0.00981354,-0.0089214,0,24.5,4.4,-4.4,0,0.07708523,0.01384388,-0.01384388,0,Mass,0.04,0.06,-0.03,0,67,12,-9,0,795,33,-28,0,0,<a refstr=LUQUE_ET_AL__2019 href=https://ui.adsabs.harvard.edu/abs/2019A&A...623A.114L/abstract target=ref>Luque et al. 2019</a>,G3 V,5725,65,-65,0,1.09,0.03,-0.03,0,1,0.03,-0.03,0,0.07,0.05,-0.05,0,[Fe/H],4.33,0.04,-0.04,0,<a refstr=STASSUN_ET_AL__2019 href=https://ui.adsabs.harvard.edu/abs/2019AJ....158..138S/abstract target=ref>TICv8</a>,13h41m30.21s,205.3758786,-09d56m45.85s,-9.9460704,114.293,0.825,-0.812,9.885,0.005,-0.005,8.407,0.027,-0.027,9.75597,0.000335,-0.000335,2/5/19,2019-03,2/7/19
K2-293 b,K2-293,1,1,1,Transit,2019,K2,Published Confirmed,0,<a refstr=DATTILO_ET_AL__2019 href=https://ui.adsabs.harvard.edu/abs/2019AJ....157..169D/abstract target=ref>Dattilo et al. 2019</a>,13.1225,0.0011,-0.0012,0,,,,,2.45,0.35,-0.25,0,0.21857436,0.03122491,-0.02230351,0,,,,,,,,,,,,,,,,,,750,170,-50,0,0,<a refstr=DATTILO_ET_AL__2019 href=https://ui.adsabs.harvard.edu/abs/2019AJ....157..169D/abstract target=ref>Dattilo et al. 2019</a>,,5532,78,-78,0,0.947,0.089,-0.055,0,0.958,0.036,-0.034,0,0.218,0.08,-0.08,0,[M/H],4.52,0.13,-0.13,0,<a refstr=STASSUN_ET_AL__2019 href=https://ui.adsabs.harvard.edu/abs/2019AJ....158..138S/abstract target=ref>TICv8</a>,23h26m25.56s,351.6064952,-06d01m40.46s,-6.0279068,392.251,6.767,-6.546,13.44,0.16,-0.16,11.544,0.023,-0.023,13.1611,0.000483,-0.000483,4/1/19,2019-05,4/4/19
K2-294 b,K2-294,1,1,1,Transit,2019,K2,Published Confirmed,0,<a refstr=DATTILO_ET_AL__2019 href=https://ui.adsabs.harvard.edu/abs/2019AJ....157..169D/abstract target=ref>Dattilo et al. 2019</a>,2.50387,0.00022,-0.00023,0,,,,,1.66,0.21,-0.19,0,0.14809528,0.01873495,-0.01695066,0,,,,,,,,,,,,,,,,,,1425,79,-54,0,0,<a refstr=DATTILO_ET_AL__2019 href=https://ui.adsabs.harvard.edu/abs/2019AJ....157..169D/abstract target=ref>Dattilo et al. 2019</a>,,5612,50,-50,0,1.2,0.13,-0.12,0,0.987,0.034,-0.03,0,0.194,0.08,-0.08,0,[M/H],4.2,0.1,-0.1,0,<a refstr=STASSUN_ET_AL__2019 href=https://ui.adsabs.harvard.edu/abs/2019AJ....158..138S/abstract target=ref>TICv8</a>,23h28m12.40s,352.0516724,-07d36m13.63s,-7.6037856,373.078,6.197,-6.002,12.649,0.103,-0.103,10.859,0.021,-0.021,12.37,0.000209,-0.000209,4/1/19,2019-05,4/4/19
K2-308 b,K2-308,0,1,1,Transit,2019,K2,TESS Project Candidate,0,<a refstr=EXOFOP_TESS_TOI href=https://exofop.ipac.caltech.edu/tess/view_toi.php target=ref>ExoFOP-TESS TOI</a>,3.386317136,2.90855E-05,-2.90855E-05,0,,,,,,,,,,,,,,,,,,,,,,,,,,512.9234,,,0,1213.76,,,0,0,<a refstr=EXOFOP_TESS_TOI href=https://exofop.ipac.caltech.edu/tess/view_toi.php target=ref>ExoFOP-TESS TOI</a>,,5780,,,0,,,,,,,,,,,,,,4.438,,,0,<a refstr=STASSUN_ET_AL__2019 href=https://ui.adsabs.harvard.edu/abs/2019AJ....158..138S/abstract target=ref>TICv8</a>,05h13m21.39s,78.3391194,+16d24m51.11s,16.4141986,1314.53,,,15.072,0.023,-0.023,13.206,0.028,-0.028,14.8949,0.001145,-0.001145,12/10/24,2017-07,12/10/24
K2-308 b,K2-308,1,1,1,Transit,2019,K2,Published Confirmed,0,<a refstr=RAMPALLI_ET_AL__2019 href=https://ui.adsabs.harvard.edu/abs/2019AJ....158...62R/abstract target=ref>Rampalli et al. 2019</a>,3.38628,0.00002,-0.00002,0,,,,,9.916,0.985,-0.985,0,0.884,0.087,-0.087,0,,,,,,,,,,,,,,,,,,,,,,0,<a refstr=RAMPALLI_ET_AL__2019 href=https://ui.adsabs.harvard.edu/abs/2019AJ....158...62R/abstract target=ref>Rampalli et al. 2019</a>,,6100,263,-263,0,1.24,0.1,-0.1,0,1.09,0.09,-0.09,0,-0.1,0.08,-0.08,0,[Fe/H],3.94,0.44,-0.44,0,<a refstr=STASSUN_ET_AL__2019 href=https://ui.adsabs.harvard.edu/abs/2019AJ....158..138S/abstract target=ref>TICv8</a>,05h13m21.39s,78.3391194,+16d24m51.11s,16.4141986,1314.53,,,15.072,0.023,-0.023,13.206,0.028,-0.028,14.8949,0.001145,-0.001145,6/7/19,2019-08,6/13/19
K2-32 e,K2-32,1,2,4,Transit,2019,K2,Published Confirmed,0,<a refstr=LILLO_BOX_ET_AL__2020 href=https://ui.adsabs.harvard.edu/abs/2020A&A...640A..48L/abstract target=ref>Lillo-Box et al. 2020</a>,4.34934,0.00039,-0.00039,0,0.04899,0.00041,-0.00038,0,1.212,0.052,-0.046,0,0.10812758,0.00463914,-0.00410385,0,2.1,1.3,-1.1,0,0.00660734,0.00409026,-0.00346099,0,Mass,0.043,0.048,-0.03,0,,,,,1066,16,-18,0,0,<a refstr=LILLO_BOX_ET_AL__2020 href=https://ui.adsabs.harvard.edu/abs/2020A&A...640A..48L/abstract target=ref>Lillo-Box et al. 2020</a>,,5271,39,-35,0,0.86,0.02,-0.02,0,0.83,0.02,-0.02,0,-0.06,0.03,-0.03,0,[Fe/H],4.49,0.03,-0.03,0,<a refstr=STASSUN_ET_AL__2019 href=https://ui.adsabs.harvard.edu/abs/2019AJ....158..138S/abstract target=ref>TICv8</a>,16h49m42.24s,252.426008,-19d32m34.98s,-19.5430504,157.682,1.309,-1.288,12.304,0.092,-0.092,9.821,0.019,-0.019,12.0036,0.000259,-0.000259,5/17/21,2020-08,5/17/21
K2-32 e,K2-32,0,2,4,Transit,2019,K2,Published Confirmed,0,<a refstr=HELLER_ET_AL__2019 href=https://ui.adsabs.harvard.edu/abs/2019A&A...625A..31H/abstract target=ref>Heller et al. 2019</a>,4.34882,0.00069,-0.00075,0,0.04951,0.00055,-0.00055,0,1.01,0.1,-0.09,0,0.09010616,0.0089214,-0.00802926,0,,,,,,,,,,,,,,,,,,,,,,0,<a refstr=HELLER_ET_AL__2019 href=https://ui.adsabs.harvard.edu/abs/2019A&A...625A..31H/abstract target=ref>Heller et al. 2019</a>,,,,,,0.845,0.044,-0.035,0,0.856,0.028,-0.028,0,,,,,,,,,,<a refstr=STASSUN_ET_AL__2019 href=https://ui.adsabs.harvard.edu/abs/2019AJ....158..138S/abstract target=ref>TICv8</a>,16h49m42.24s,252.426008,-19d32m34.98s,-19.5430504,157.682,1.309,-1.288,12.304,0.092,-0.092,9.821,0.019,-0.019,12.0036,0.000259,-0.000259,6/3/19,2019-05,6/13/19
K2-32 e,K2-32,0,2,4,Transit,2019,K2,Published Candidate,0,<a refstr=KRUSE_ET_AL__2019 href=https://ui.adsabs.harvard.edu/abs/2019ApJS..244...11K/abstract target=ref>Kruse et al. 2019</a>,4.3491,0.00063,-0.00057,0,,,,,2.2,1.1,-1.7,0,0.2,0.098,-0.15,0,,,,,,,,,,,,,,,,,,,,,,0,<a refstr=KRUSE_ET_AL__2019 href=https://ui.adsabs.harvard.edu/abs/2019ApJS..244...11K/abstract target=ref>Kruse et al. 2019</a>,,,,,,0.757,0.036,-0.05,0,,,,,,,,,,,,,,<a refstr=STASSUN_ET_AL__2019 href=https://ui.adsabs.harvard.edu/abs/2019AJ....158..138S/abstract target=ref>TICv8</a>,16h49m42.24s,252.426008,-19d32m34.98s,-19.5430504,157.682,1.309,-1.288,12.304,0.092,-0.092,9.821,0.019,-0.019,12.0036,0.000259,-0.000259,9/5/19,2019-09,9/5/19
K2-43 c,K2-43,1,1,2,Transit,2019,K2,Published Confirmed,0,<a refstr=HEDGES_ET_AL__2019 href=https://ui.adsabs.harvard.edu/abs/2019ApJ...880L...5H/abstract target=ref>Hedges et al. 2019</a>,2.198884,0.000022,-0.000011,0,,,,,2.42,0.26,-0.11,0,0.21589794,0.02319565,-0.00981354,0,,,,,,,,,,,,,,,,,,1093.7,43.9,-21.5,0,0,<a refstr=HEDGES_ET_AL__2019 href=https://ui.adsabs.harvard.edu/abs/2019ApJ...880L...5H/abstract target=ref>Hedges et al. 2019</a>,,3840.6,98.8,-49.5,0,0.542,0.049,-0.022,0,0.571,0.111,-0.055,0,,,,,,,,,,<a refstr=STASSUN_ET_AL__2019 href=https://ui.adsabs.harvard.edu/abs/2019AJ....158..138S/abstract target=ref>TICv8</a>,11h16m28.09s,169.117028,-03d58m31.59s,-3.9754405,182.536,1.9095,-1.9095,15.748,1.133,-1.133,11.577,0.024,-0.024,14.8215,0.000914,-0.000914,8/9/19,2019-07,8/15/19
K2-43 c,K2-43,0,1,2,Transit,2019,K2,Published Candidate,0,<a refstr=KRUSE_ET_AL__2019 href=https://ui.adsabs.harvard.edu/abs/2019ApJS..244...11K/abstract target=ref>Kruse et al. 2019</a>,2.19945,0.00015,-0.00014,0,,,,,2.6,0.34,-0.76,0,0.23,0.03,-0.068,0,,,,,,,,,,,,,,,,,,,,,,0,<a refstr=KRUSE_ET_AL__2019 href=https://ui.adsabs.harvard.edu/abs/2019ApJS..244...11K/abstract target=ref>Kruse et al. 2019</a>,,,,,,0.61,0.051,-0.029,0,,,,,,,,,,,,,,<a refstr=STASSUN_ET_AL__2019 href=https://ui.adsabs.harvard.edu/abs/2019AJ....158..138S/abstract target=ref>TICv8</a>,11h16m28.09s,169.117028,-03d58m31.59s,-3.9754405,182.536,1.9095,-1.9095,15.748,1.133,-1.133,11.577,0.024,-0.024,14.8215,0.000914,-0.000914,9/5/19,2019-09,9/5/19
KELT-23 A b,KELT-23 A,0,2,1,Transit,2019,KELT-North,Published Confirmed,0,<a refstr=IVSHINA__AMP__WINN_2022 href=https://ui.adsabs.harvard.edu/abs/2022ApJS..259...62I/abstract target=ref>Ivshina &amp; Winn 2022</a>,2.25528739,0.00000038,-0.00000038,0,,,,,,,,,,,,,,,,,,,,,,,,,,,,,,,,,,0,,,,,,,,,,,,,,,,,,,,,,,,<a refstr=STASSUN_ET_AL__2019 href=https://ui.adsabs.harvard.edu/abs/2019AJ....158..138S/abstract target=ref>TICv8</a>,15h28m35.19s,232.1466406,+66d21m31.35s,66.3587097,126.261,0.352,-0.351,10.308,0.005,-0.005,8.904,,,10.182,0.000419,-0.000419,10/18/22,2022-04,10/18/22
KELT-23 A b,KELT-23 A,0,2,1,Transit,2019,KELT-North,Published Confirmed,0,<a refstr=GIACALONE_ET_AL__2025 href=https://ui.adsabs.harvard.edu/abs/2025PASP..137g4401G/abstract target=ref>Giacalone et al. 2025</a>,2.255287666,0.000000051,-0.000000051,0,,,,,,,,,,,,,,,,,,,,,,,,,,,,,,,,,,0,<a refstr=GIACALONE_ET_AL__2025 href=https://ui.adsabs.harvard.edu/abs/2025PASP..137g4401G/abstract target=ref>Giacalone et al. 2025</a>,,5899,49,-49,0,0.996,0.015,-0.015,0,0.944,0.06,-0.054,0,,,,,,,,,,<a refstr=STASSUN_ET_AL__2019 href=https://ui.adsabs.harvard.edu/abs/2019AJ....158..138S/abstract target=ref>TICv8</a>,15h28m35.19s,232.1466406,+66d21m31.35s,66.3587097,126.261,0.352,-0.351,10.308,0.005,-0.005,8.904,,,10.182,0.000419,-0.000419,9/17/25,2025-07,9/17/25
KELT-23 A b,KELT-23 A,1,2,1,Transit,2019,KELT-North,Published Confirmed,0,<a refstr=JOHNS_ET_AL__2019 href=https://ui.adsabs.harvard.edu/abs/2019AJ....158...78J/abstract target=ref>Johns et al. 2019</a>,2.255251,0.000011,-0.000012,0,0.03302,0.00068,-0.00064,0,14.829507,0.280225,-0.280225,0,1.323,0.025,-0.025,0,298.12454,15.25584,-13.98452,0,0.938,0.048,-0.044,0,Mass,0,,,0,991.183,51.433,-49.229,0,1561,20,-20,0,0,<a refstr=JOHNS_ET_AL__2019 href=https://ui.adsabs.harvard.edu/abs/2019AJ....158...78J/abstract target=ref>Johns et al. 2019</a>,G2 V,5899,49,-49,0,0.996,0.015,-0.015,0,0.944,0.06,-0.054,0,-0.105,0.078,-0.077,0,[Fe/H],4.417,0.026,-0.025,0,<a refstr=STASSUN_ET_AL__2019 href=https://ui.adsabs.harvard.edu/abs/2019AJ....158..138S/abstract target=ref>TICv8</a>,15h28m35.19s,232.1466406,+66d21m31.35s,66.3587097,126.261,0.352,-0.351,10.308,0.005,-0.005,8.904,,,10.182,0.000419,-0.000419,6/7/19,2019-08,6/13/19
KELT-23 A b,KELT-23 A,0,2,1,Transit,2019,KELT-North,Published Confirmed,0,<a refstr=KOKORI_ET_AL__2023 href=https://ui.adsabs.harvard.edu/abs/2023ApJS..265....4K/abstract target=ref>Kokori et al. 2023</a>,2.25528745,0.00000018,-0.00000018,0,,,,,,,,,,,,,,,,,,,,,,,,,,,,,,,,,,0,<a refstr=JOHNS_ET_AL__2019 href=https://ui.adsabs.harvard.edu/abs/2019AJ....158...78J/abstract target=ref>Johns et al. 2019</a>,G2 V,5899,49,-49,0,0.996,0.015,-0.015,0,0.944,0.06,-0.054,0,-0.105,0.078,-0.077,0,[Fe/H],4.417,0.026,-0.025,0,<a refstr=STASSUN_ET_AL__2019 href=https://ui.adsabs.harvard.edu/abs/2019AJ....158..138S/abstract target=ref>TICv8</a>,15h28m35.19s,232.1466406,+66d21m31.35s,66.3587097,126.261,0.352,-0.351,10.308,0.005,-0.005,8.904,,,10.182,0.000419,-0.000419,3/4/24,2023-03,3/4/24
KELT-23 A b,KELT-23 A,0,2,1,Transit,2019,KELT-North,Published Confirmed,0,<a refstr=MACIEJEWSKI_2020 href=https://ui.adsabs.harvard.edu/abs/2020AcA....70..181M/abstract target=ref>Maciejewski 2020</a>,2.25528783,0.00000068,-0.00000068,0,,,,,,,,,,,,,,,,,,,,,,,,,,,,,,,,,,0,<a refstr=STASSUN_ET_AL__2019 href=https://ui.adsabs.harvard.edu/abs/2019AJ....158..138S/abstract target=ref>TICv8</a>,,5898,110.81,-139.78,0,0.962706,0.043789,-0.048728,0,1.071,0.139784,-0.135593,0,,,,,,4.50087,0.092922,-0.061177,0,<a refstr=STASSUN_ET_AL__2019 href=https://ui.adsabs.harvard.edu/abs/2019AJ....158..138S/abstract target=ref>TICv8</a>,15h28m35.19s,232.1466406,+66d21m31.35s,66.3587097,126.261,0.352,-0.351,10.308,0.005,-0.005,8.904,,,10.182,0.000419,-0.000419,11/13/20,2020-09,11/19/20
KELT-23 A b,KELT-23 A,0,2,1,Transit,2019,KELT-North,TESS Project Candidate,0,<a refstr=EXOFOP_TESS_TOI href=https://exofop.ipac.caltech.edu/tess/view_toi.php target=ref>ExoFOP-TESS TOI</a>,2.2552845,0.0000019,-0.0000019,0,,,,,14.688,0.722948,-0.722948,0,1.31037785,0.06449721,-0.06449721,0,,,,,,,,,,,,,,549.715,,,0,1348,,,0,0,<a refstr=EXOFOP_TESS_TOI href=https://exofop.ipac.caltech.edu/tess/view_toi.php target=ref>ExoFOP-TESS TOI</a>,,5787,109.9,-109.9,0,0.96,0.05,-0.05,0,,,,,,,,,,4.5,0.08,-0.08,0,<a refstr=STASSUN_ET_AL__2019 href=https://ui.adsabs.harvard.edu/abs/2019AJ....158..138S/abstract target=ref>TICv8</a>,15h28m35.19s,232.1466406,+66d21m31.35s,66.3587097,126.261,0.352,-0.351,10.308,0.005,-0.005,8.904,,,10.182,0.000419,-0.000419,4/7/24,2017-07,4/7/24
KELT-24 b,KELT-24,0,2,1,Transit,2019,KELT-North,Published Confirmed,0,<a refstr=HJORTH_ET_AL__2019 href=https://ui.adsabs.harvard.edu/abs/2019A&A...631A..76H/abstract target=ref>Hjorth et al. 2019</a>,5.55149,0.00001,-0.00001,0,0.067,0.002,-0.002,0,15.24421375,0.56044903,-0.56044903,0,1.36,0.05,-0.05,0,1334.879309,63.5656814,-63.5656814,0,4.2,0.2,-0.2,0,Mass,0.05,0.02,-0.017,0,,,,,1473,28,-28,0,0,<a refstr=HJORTH_ET_AL__2019 href=https://ui.adsabs.harvard.edu/abs/2019A&A...631A..76H/abstract target=ref>Hjorth et al. 2019</a>,F7,6415,110,-110,0,1.52,0.03,-0.02,0,1.3,0.04,-0.03,0,0.09,0.09,-0.09,0,[Fe/H],4.18,0.01,-0.02,0,<a refstr=STASSUN_ET_AL__2019 href=https://ui.adsabs.harvard.edu/abs/2019AJ....158..138S/abstract target=ref>TICv8</a>,10h47m38.17s,161.9090273,+71d39m20.62s,71.655727,96.5173,0.3132,-0.3113,8.34,0.03,-0.03,7.154,0.021,-0.021,8.23752,0.000357,-0.000357,4/12/22,2019-11,4/12/22
KELT-24 b,KELT-24,0,2,1,Transit,2019,KELT-North,Published Confirmed,0,<a refstr=RODRIGUEZ_ET_AL__2019 href=https://ui.adsabs.harvard.edu/abs/2019AJ....158..197R/abstract target=ref>Rodriguez et al. 2019</a>,5.5514926,0.0000081,-0.000008,0,0.06969,0.00087,-0.00096,0,14.257848,0.235389,-0.235389,0,1.272,0.021,-0.021,0,1646.3594,66.7443,-69.9226,0,5.18,0.21,-0.22,0,Mass,0.077,0.024,-0.025,0,750.9,31.6,-30.9,0,1459,16,-16,0,0,<a refstr=RODRIGUEZ_ET_AL__2019 href=https://ui.adsabs.harvard.edu/abs/2019AJ....158..197R/abstract target=ref>Rodriguez et al. 2019</a>,,6509,50,-49,0,1.506,0.022,-0.022,0,1.46,0.055,-0.059,0,0.186,0.077,-0.076,0,[Fe/H],4.247,0.019,-0.021,0,<a refstr=STASSUN_ET_AL__2019 href=https://ui.adsabs.harvard.edu/abs/2019AJ....158..138S/abstract target=ref>TICv8</a>,10h47m38.17s,161.9090273,+71d39m20.62s,71.655727,96.5173,0.3132,-0.3113,8.34,0.03,-0.03,7.154,0.021,-0.021,8.23752,0.000357,-0.000357,9/6/19,2019-11,9/12/19
KELT-24 b,KELT-24,0,2,1,Transit,2019,KELT-North,Published Confirmed,0,<a refstr=PATEL__AMP__ESPINOZA_2022 href=https://ui.adsabs.harvard.edu/abs/2022AJ....163..228P/abstract target=ref>Patel &amp; Espinoza 2022</a>,5.5514975,0.0000034,-0.0000033,0,,,,,,,,,,,,,,,,,,,,,,,,,,,,,,,,,,0,<a refstr=RODRIGUEZ_ET_AL__2019 href=https://ui.adsabs.harvard.edu/abs/2019AJ....158..197R/abstract target=ref>Rodriguez et al. 2019</a>,,6509,50,-49,0,1.506,0.022,-0.022,0,1.46,0.055,-0.059,0,0.186,0.077,-0.076,0,[Fe/H],4.247,0.019,-0.021,0,<a refstr=STASSUN_ET_AL__2019 href=https://ui.adsabs.harvard.edu/abs/2019AJ....158..138S/abstract target=ref>TICv8</a>,10h47m38.17s,161.9090273,+71d39m20.62s,71.655727,96.5173,0.3132,-0.3113,8.34,0.03,-0.03,7.154,0.021,-0.021,8.23752,0.000357,-0.000357,5/3/22,2022-05,5/3/22
KELT-24 b,KELT-24,0,2,1,Transit,2019,KELT-North,Published Confirmed,0,<a refstr=IVSHINA__AMP__WINN_2022 href=https://ui.adsabs.harvard.edu/abs/2022ApJS..259...62I/abstract target=ref>Ivshina &amp; Winn 2022</a>,5.5514946,0.0000012,-0.0000012,0,,,,,,,,,,,,,,,,,,,,,,,,,,,,,,,,,,0,,,,,,,,,,,,,,,,,,,,,,,,<a refstr=STASSUN_ET_AL__2019 href=https://ui.adsabs.harvard.edu/abs/2019AJ....158..138S/abstract target=ref>TICv8</a>,10h47m38.17s,161.9090273,+71d39m20.62s,71.655727,96.5173,0.3132,-0.3113,8.34,0.03,-0.03,7.154,0.021,-0.021,8.23752,0.000357,-0.000357,10/18/22,2022-04,10/18/22
KELT-24 b,KELT-24,0,2,1,Transit,2019,KELT-North,Published Confirmed,0,<a refstr=MACIEJEWSKI_2020 href=https://ui.adsabs.harvard.edu/abs/2020AcA....70..181M/abstract target=ref>Maciejewski 2020</a>,5.5514918,0.0000086,-0.0000086,0,,,,,,,,,,,,,,,,,,,,,,0.033,0.012,-0.012,0,,,,,,,,,0,<a refstr=STASSUN_ET_AL__2019 href=https://ui.adsabs.harvard.edu/abs/2019AJ....158..138S/abstract target=ref>TICv8</a>,,6321.17,96.2,-117.97,0,1.54867,0.062675,-0.058833,0,1.25,0.237081,-0.131697,0,,,,,,4.15506,0.091907,-0.068998,0,<a refstr=STASSUN_ET_AL__2019 href=https://ui.adsabs.harvard.edu/abs/2019AJ....158..138S/abstract target=ref>TICv8</a>,10h47m38.17s,161.9090273,+71d39m20.62s,71.655727,96.5173,0.3132,-0.3113,8.34,0.03,-0.03,7.154,0.021,-0.021,8.23752,0.000357,-0.000357,11/13/20,2020-09,11/19/20
KELT-24 b,KELT-24,0,2,1,Transit,2019,KELT-North,TESS Project Candidate,0,<a refstr=EXOFOP_TESS_TOI href=https://exofop.ipac.caltech.edu/tess/view_toi.php target=ref>ExoFOP-TESS TOI</a>,5.5514888,0.0000027,-0.0000027,0,,,,,15.8043,0.622968,-0.622968,0,1.40996763,0.05557758,-0.05557758,0,,,,,,,,,,,,,,802.858,,,0,1482,,,0,0,<a refstr=EXOFOP_TESS_TOI href=https://exofop.ipac.caltech.edu/tess/view_toi.php target=ref>ExoFOP-TESS TOI</a>,,6403.9,184.1,-184.1,0,1.55,0.06,-0.06,0,,,,,,,,,,4.16,0.08,-0.08,0,<a refstr=STASSUN_ET_AL__2019 href=https://ui.adsabs.harvard.edu/abs/2019AJ....158..138S/abstract target=ref>TICv8</a>,10h47m38.17s,161.9090273,+71d39m20.62s,71.655727,96.5173,0.3132,-0.3113,8.34,0.03,-0.03,7.154,0.021,-0.021,8.23752,0.000357,-0.000357,5/20/24,2017-07,5/20/24
KELT-24 b,KELT-24,0,2,1,Transit,2019,KELT-North,Published Confirmed,0,<a refstr=KOKORI_ET_AL__2023 href=https://ui.adsabs.harvard.edu/abs/2023ApJS..265....4K/abstract target=ref>Kokori et al. 2023</a>,5.55149344,0.00000092,-0.00000092,0,,,,,,,,,,,,,,,,,,,,,,0.077,0.025,-0.024,0,,,,,,,,,0,<a refstr=RODRIGUEZ_ET_AL__2019 href=https://ui.adsabs.harvard.edu/abs/2019AJ....158..197R/abstract target=ref>Rodriguez et al. 2019</a>,,6509,50,-49,0,1.506,0.022,-0.022,0,1.46,0.055,-0.059,0,0.186,0.077,-0.076,0,[Fe/H],4.247,0.019,-0.021,0,<a refstr=STASSUN_ET_AL__2019 href=https://ui.adsabs.harvard.edu/abs/2019AJ....158..138S/abstract target=ref>TICv8</a>,10h47m38.17s,161.9090273,+71d39m20.62s,71.655727,96.5173,0.3132,-0.3113,8.34,0.03,-0.03,7.154,0.021,-0.021,8.23752,0.000357,-0.000357,3/4/24,2023-03,3/4/24
KELT-24 b,KELT-24,1,2,1,Transit,2019,KELT-North,Published Confirmed,0,<a refstr=GIOVINAZZI_ET_AL__2024 href=https://ui.adsabs.harvard.edu/abs/2024AJ....168..118G/abstract target=ref>Giovinazzi et al. 2024</a>,5.55149296,0.0000005,-0.00000053,0,0.0665,0.0011,-0.0011,0,12.71098411,0.30264248,-0.2914335,0,1.134,0.027,-0.026,0,1458.832388,57.20911326,-57.20911326,0,4.59,0.18,-0.18,0,Mass,0.0319,0.0079,-0.0074,0,624,40,-40,0,1391,22,-23,0,0,<a refstr=GIOVINAZZI_ET_AL__2024 href=https://ui.adsabs.harvard.edu/abs/2024AJ....168..118G/abstract target=ref>Giovinazzi et al. 2024</a>,,6426,93,-91,0,1.338,0.032,-0.03,0,1.268,0.063,-0.063,0,0.138,0.086,-0.082,0,[Fe/H],4.287,0.014,-0.014,0,<a refstr=STASSUN_ET_AL__2019 href=https://ui.adsabs.harvard.edu/abs/2019AJ....158..138S/abstract target=ref>TICv8</a>,10h47m38.17s,161.9090273,+71d39m20.62s,71.655727,96.5173,0.3132,-0.3113,8.34,0.03,-0.03,7.154,0.021,-0.021,8.23752,0.000357,-0.000357,8/29/24,2024-09,8/29/24
KMT-2016-BLG-1107L b,KMT-2016-BLG-1107L,0,1,1,Microlensing,2019,KMTNet,Published Confirmed,0,<a refstr=HWANG_ET_AL__2019 href=https://ui.adsabs.harvard.edu/abs/2019AJ....157...23H/abstract target=ref>Hwang et al. 2019</a>,,,,,1.065,0.192,-0.189,0,,,,,,,,,29,31,-12,0,0.09,0.096,-0.037,0,Mass,,,,,,,,,,,,,0,<a refstr=HWANG_ET_AL__2019 href=https://ui.adsabs.harvard.edu/abs/2019AJ....157...23H/abstract target=ref>Hwang et al. 2019</a>,,,,,,,,,,0.022,0.023,-0.009,0,,,,,,,,,,<a refstr=HWANG_ET_AL__2019 href=https://ui.adsabs.harvard.edu/abs/2019AJ....157...23H/abstract target=ref>Hwang et al. 2019</a>,17h45m40.26s,266.41775,-26d01m54.48s,-26.0318,7481,748,-708,,,,,,,,,,12/5/19,2019-01,12/5/19
KMT-2016-BLG-1107L b,KMT-2016-BLG-1107L,1,1,1,Microlensing,2019,KMTNet,Published Confirmed,0,<a refstr=HWANG_ET_AL__2019 href=https://ui.adsabs.harvard.edu/abs/2019AJ....157...23H/abstract target=ref>Hwang et al. 2019</a>,,,,,0.342,0.07,-0.085,0,,,,,,,,,1043,1102,-583,0,3.283,3.468,-1.835,0,Mass,,,,,,,,,,,,,0,<a refstr=HWANG_ET_AL__2019 href=https://ui.adsabs.harvard.edu/abs/2019AJ....157...23H/abstract target=ref>Hwang et al. 2019</a>,,,,,,,,,,0.087,0.092,-0.049,0,,,,,,,,,,<a refstr=HWANG_ET_AL__2019 href=https://ui.adsabs.harvard.edu/abs/2019AJ....157...23H/abstract target=ref>Hwang et al. 2019</a>,17h45m40.26s,266.41775,-26d01m54.48s,-26.0318,6651,948,-1348,,,,,,,,,,12/5/19,2019-01,2/21/19
KMT-2016-BLG-1836L b,KMT-2016-BLG-1836L,0,1,1,Microlensing,2019,KMTNet,Published Confirmed,0,<a refstr=YANG_ET_AL__2020 href=https://ui.adsabs.harvard.edu/abs/2020AJ....159...98Y/abstract target=ref>Yang et al. 2020</a>,,,,,3.5,1.1,-0.9,0,,,,,,,,,700,570,-350,0,2.2,1.8,-1.1,0,Mass,,,,,,,,,,,,,0,<a refstr=YANG_ET_AL__2020 href=https://ui.adsabs.harvard.edu/abs/2020AJ....159...98Y/abstract target=ref>Yang et al. 2020</a>,,,,,,,,,,0.49,0.39,-0.25,0,,,,,,,,,,<a refstr=YANG_ET_AL__2020 href=https://ui.adsabs.harvard.edu/abs/2020AJ....159...98Y/abstract target=ref>Yang et al. 2020</a>,17h53m00.08s,268.250333,-30d02m26.70s,-30.04075,7200,800,2200,,,,,,,,,,4/2/20,2020-03,4/2/20
KMT-2016-BLG-1836L b,KMT-2016-BLG-1836L,0,1,1,Microlensing,2019,KMTNet,Published Confirmed,0,<a refstr=YANG_ET_AL__2020 href=https://ui.adsabs.harvard.edu/abs/2020AJ....159...98Y/abstract target=ref>Yang et al. 2020</a>,,,,,2.6,0.7,-0.6,0,,,,,,,,,730,600,-410,0,2.7,1.8,-1.4,0,Mass,,,,,,,,,,,,,0,<a refstr=YANG_ET_AL__2020 href=https://ui.adsabs.harvard.edu/abs/2020AJ....159...98Y/abstract target=ref>Yang et al. 2020</a>,,,,,,,,,,0.6,0.4,-0.32,0,,,,,,,,,,<a refstr=YANG_ET_AL__2020 href=https://ui.adsabs.harvard.edu/abs/2020AJ....159...98Y/abstract target=ref>Yang et al. 2020</a>,17h53m00.08s,268.250333,-30d02m26.70s,-30.04075,7100,700,-1800,,,,,,,,,,4/2/20,2020-03,4/2/20
KMT-2016-BLG-1836L b,KMT-2016-BLG-1836L,0,1,1,Microlensing,2019,KMTNet,Published Confirmed,0,<a refstr=YANG_ET_AL__2020 href=https://ui.adsabs.harvard.edu/abs/2020AJ....159...98Y/abstract target=ref>Yang et al. 2020</a>,,,,,2.7,0.7,-0.7,0,,,,,,,,,730,600,-410,0,2.3,1.9,-1.3,0,Mass,,,,,,,,,,,,,0,<a refstr=YANG_ET_AL__2020 href=https://ui.adsabs.harvard.edu/abs/2020AJ....159...98Y/abstract target=ref>Yang et al. 2020</a>,,,,,,,,,,0.53,0.42,-0.29,0,,,,,,,,,,<a refstr=YANG_ET_AL__2020 href=https://ui.adsabs.harvard.edu/abs/2020AJ....159...98Y/abstract target=ref>Yang et al. 2020</a>,17h53m00.08s,268.250333,-30d02m26.70s,-30.04075,6500,1200,-2800,,,,,,,,,,4/2/20,2020-03,4/2/20
KMT-2016-BLG-1836L b,KMT-2016-BLG-1836L,1,1,1,Microlensing,2019,KMTNet,Published Confirmed,0,<a refstr=YANG_ET_AL__2020 href=https://ui.adsabs.harvard.edu/abs/2020AJ....159...98Y/abstract target=ref>Yang et al. 2020</a>,,,,,3.5,1.1,-0.9,0,,,,,,,,,700,600,-350,0,2.2,1.9,-1.1,0,Mass,,,,,,,,,,,,,0,<a refstr=YANG_ET_AL__2020 href=https://ui.adsabs.harvard.edu/abs/2020AJ....159...98Y/abstract target=ref>Yang et al. 2020</a>,,,,,,,,,,0.49,0.38,-0.25,0,,,,,,,,,,<a refstr=YANG_ET_AL__2020 href=https://ui.adsabs.harvard.edu/abs/2020AJ....159...98Y/abstract target=ref>Yang et al. 2020</a>,17h53m00.08s,268.250333,-30d02m26.70s,-30.04075,7100,800,-2400,,,,,,,,,,4/2/20,2020-03,3/19/20
KMT-2016-BLG-1836L b,KMT-2016-BLG-1836L,0,1,1,Microlensing,2019,KMTNet,Published Confirmed,0,<a refstr=YANG_ET_AL__2020 href=https://ui.adsabs.harvard.edu/abs/2020AJ....159...98Y/abstract target=ref>Yang et al. 2020</a>,,,,,3.5,1.1,-0.9,0,,,,,,,,,700,600,-350,0,2.2,1.9,-1.1,0,Mass,,,,,,,,,,,,,0,<a refstr=YANG_ET_AL__2020 href=https://ui.adsabs.harvard.edu/abs/2020AJ....159...98Y/abstract target=ref>Yang et al. 2020</a>,,,,,,,,,,0.49,0.38,-0.25,0,,,,,,,,,,<a refstr=YANG_ET_AL__2020 href=https://ui.adsabs.harvard.edu/abs/2020AJ....159...98Y/abstract target=ref>Yang et al. 2020</a>,17h53m00.08s,268.250333,-30d02m26.70s,-30.04075,7100,800,-2400,,,,,,,,,,4/2/20,2020-03,4/2/20
KMT-2016-BLG-1836L b,KMT-2016-BLG-1836L,0,1,1,Microlensing,2019,KMTNet,Published Confirmed,0,<a refstr=YANG_ET_AL__2020 href=https://ui.adsabs.harvard.edu/abs/2020AJ....159...98Y/abstract target=ref>Yang et al. 2020</a>,,,,,2.7,0.7,-0.7,0,,,,,,,,,700,570,-380,0,2.2,1.8,-1.2,0,Mass,,,,,,,,,,,,,0,<a refstr=YANG_ET_AL__2020 href=https://ui.adsabs.harvard.edu/abs/2020AJ....159...98Y/abstract target=ref>Yang et al. 2020</a>,,,,,,,,,,0.51,0.41,-0.28,0,,,,,,,,,,<a refstr=YANG_ET_AL__2020 href=https://ui.adsabs.harvard.edu/abs/2020AJ....159...98Y/abstract target=ref>Yang et al. 2020</a>,17h53m00.08s,268.250333,-30d02m26.70s,-30.04075,6300,1300,2700,,,,,,,,,,4/2/20,2020-03,4/2/20
KMT-2016-BLG-1836L b,KMT-2016-BLG-1836L,0,1,1,Microlensing,2019,KMTNet,Published Confirmed,0,<a refstr=YANG_ET_AL__2020 href=https://ui.adsabs.harvard.edu/abs/2020AJ....159...98Y/abstract target=ref>Yang et al. 2020</a>,,,,,3.6,1.2,-0.9,0,,,,,,,,,700,600,-380,0,2.2,1.9,-1.2,0,Mass,,,,,,,,,,,,,0,<a refstr=YANG_ET_AL__2020 href=https://ui.adsabs.harvard.edu/abs/2020AJ....159...98Y/abstract target=ref>Yang et al. 2020</a>,,,,,,,,,,0.48,0.39,-0.25,0,,,,,,,,,,<a refstr=YANG_ET_AL__2020 href=https://ui.adsabs.harvard.edu/abs/2020AJ....159...98Y/abstract target=ref>Yang et al. 2020</a>,17h53m00.08s,268.250333,-30d02m26.70s,-30.04075,7100,800,2600,,,,,,,,,,4/2/20,2020-03,4/2/20
KMT-2017-BLG-1038L b,KMT-2017-BLG-1038L,0,1,1,Microlensing,2019,KMTNet,Published Confirmed,0,<a refstr=SHIN_ET_AL__2019 href=https://ui.adsabs.harvard.edu/abs/2019AJ....157..146S/abstract target=ref>Shin et al. 2019</a>,,,,,1.9,0.6,-0.6,0,,,,,,,,,760,570,-440,0,2.4,1.8,-1.4,0,Mass,,,,,,,,,,,,,0,<a refstr=SHIN_ET_AL__2019 href=https://ui.adsabs.harvard.edu/abs/2019AJ....157..146S/abstract target=ref>Shin et al. 2019</a>,,,,,,,,,,0.43,0.32,-0.25,0,,,,,,,,,,<a refstr=SHIN_ET_AL__2019 href=https://ui.adsabs.harvard.edu/abs/2019AJ....157..146S/abstract target=ref>Shin et al. 2019</a>,17h44m41.02s,266.170917,-25d08m34.91s,-25.1430306,6100,1200,-1600,,,,,,,,,,12/5/19,2019-04,12/5/19
KMT-2017-BLG-1038L b,KMT-2017-BLG-1038L,1,1,1,Microlensing,2019,KMTNet,Published Confirmed,0,<a refstr=SHIN_ET_AL__2019 href=https://ui.adsabs.harvard.edu/abs/2019AJ....157..146S/abstract target=ref>Shin et al. 2019</a>,,,,,1.8,0.6,-0.5,0,,,,,,,,,640,640,-350,0,2,2,-1.1,0,Mass,,,,,,,,,,,,,0,<a refstr=SHIN_ET_AL__2019 href=https://ui.adsabs.harvard.edu/abs/2019AJ....157..146S/abstract target=ref>Shin et al. 2019</a>,,,,,,,,,,0.37,0.36,-0.2,0,,,,,,,,,,<a refstr=SHIN_ET_AL__2019 href=https://ui.adsabs.harvard.edu/abs/2019AJ....157..146S/abstract target=ref>Shin et al. 2019</a>,17h44m41.02s,266.170917,-25d08m34.91s,-25.1430306,6000,1300,-1700,,,,,,,,,,12/5/19,2019-04,3/14/19
KMT-2017-BLG-1146L b,KMT-2017-BLG-1146L,1,1,1,Microlensing,2019,KMTNet,Published Confirmed,0,<a refstr=SHIN_ET_AL__2019 href=https://ui.adsabs.harvard.edu/abs/2019AJ....157..146S/abstract target=ref>Shin et al. 2019</a>,,,,,1.6,0.6,-0.6,0,,,,,,,,,230,250,-130,0,0.71,0.8,-0.42,0,Mass,,,,,,,,,,,,,0,<a refstr=SHIN_ET_AL__2019 href=https://ui.adsabs.harvard.edu/abs/2019AJ....157..146S/abstract target=ref>Shin et al. 2019</a>,,,,,,,,,,0.33,0.36,-0.2,0,,,,,,,,,,<a refstr=SHIN_ET_AL__2019 href=https://ui.adsabs.harvard.edu/abs/2019AJ....157..146S/abstract target=ref>Shin et al. 2019</a>,17h56m25.40s,269.105833,-33d08m32.89s,-33.1424694,6500,1400,-2000,,,,,,,,,,12/5/19,2019-04,3/14/19
KMT-2017-BLG-1146L b,KMT-2017-BLG-1146L,0,1,1,Microlensing,2019,KMTNet,Published Confirmed,0,<a refstr=SHIN_ET_AL__2019 href=https://ui.adsabs.harvard.edu/abs/2019AJ....157..146S/abstract target=ref>Shin et al. 2019</a>,,,,,1.7,0.6,-0.6,0,,,,,,,,,270,240,-170,0,0.85,0.76,-0.52,0,Mass,,,,,,,,,,,,,0,<a refstr=SHIN_ET_AL__2019 href=https://ui.adsabs.harvard.edu/abs/2019AJ....157..146S/abstract target=ref>Shin et al. 2019</a>,,,,,,,,,,0.4,0.34,-0.25,0,,,,,,,,,,<a refstr=SHIN_ET_AL__2019 href=https://ui.adsabs.harvard.edu/abs/2019AJ....157..146S/abstract target=ref>Shin et al. 2019</a>,17h56m25.40s,269.105833,-33d08m32.89s,-33.1424694,6600,1400,-1900,,,,,,,,,,12/5/19,2019-04,12/5/19
KMT-2018-BLG-1990L b,KMT-2018-BLG-1990L,0,1,1,Microlensing,2019,KMTNet,Published Confirmed,0,<a refstr=RYU_ET_AL__2019 href=https://ui.adsabs.harvard.edu/abs/2019AJ....158..151R/abstract target=ref>Ryu et al. 2019</a>,,,,,0.689,0.171,-0.103,0,,,,,,,,,103,32,-23,0,0.323,0.1,-0.071,0,Mass,,,,,,,,,,,,,0,<a refstr=RYU_ET_AL__2019 href=https://ui.adsabs.harvard.edu/abs/2019AJ....158..151R/abstract target=ref>Ryu et al. 2019</a>,,,,,,,,,,0.084,0.026,-0.019,0,,,,,,,,,,<a refstr=RYU_ET_AL__2019 href=https://ui.adsabs.harvard.edu/abs/2019AJ....158..151R/abstract target=ref>Ryu et al. 2019</a>,17h53m44.49s,268.435375,-22d09m09.14s,-22.1525389,873,249,-165,,,,,,,,,,12/5/19,2019-10,12/5/19
KMT-2018-BLG-1990L b,KMT-2018-BLG-1990L,1,1,1,Microlensing,2019,KMTNet,Published Confirmed,0,<a refstr=RYU_ET_AL__2019 href=https://ui.adsabs.harvard.edu/abs/2019AJ....158..151R/abstract target=ref>Ryu et al. 2019</a>,,,,,0.763,0.219,-0.145,0,,,,,,,,,111,42,-28,0,0.348,0.132,-0.087,0,Mass,,,,,,,,,,,,,0,<a refstr=RYU_ET_AL__2019 href=https://ui.adsabs.harvard.edu/abs/2019AJ....158..151R/abstract target=ref>Ryu et al. 2019</a>,M,,,,,,,,,0.094,0.036,-0.024,0,,,,,,,,,,<a refstr=RYU_ET_AL__2019 href=https://ui.adsabs.harvard.edu/abs/2019AJ....158..151R/abstract target=ref>Ryu et al. 2019</a>,17h53m44.49s,268.435375,-22d09m09.14s,-22.1525389,967,308,-212,,,,,,,,,,12/5/19,2019-10,11/7/19
KMT-2018-BLG-1990L b,KMT-2018-BLG-1990L,0,1,1,Microlensing,2019,KMTNet,Published Confirmed,0,<a refstr=RYU_ET_AL__2019 href=https://ui.adsabs.harvard.edu/abs/2019AJ....158..151R/abstract target=ref>Ryu et al. 2019</a>,,,,,0.883,0.379,-0.207,0,,,,,,,,,180,100,-51,0,0.565,0.316,-0.161,0,Mass,,,,,,,,,,,,,0,<a refstr=RYU_ET_AL__2019 href=https://ui.adsabs.harvard.edu/abs/2019AJ....158..151R/abstract target=ref>Ryu et al. 2019</a>,,,,,,,,,,0.095,0.053,-0.027,0,,,,,,,,,,<a refstr=RYU_ET_AL__2019 href=https://ui.adsabs.harvard.edu/abs/2019AJ....158..151R/abstract target=ref>Ryu et al. 2019</a>,17h53m44.49s,268.435375,-22d09m09.14s,-22.1525389,937,457,-243,,,,,,,,,,12/5/19,2019-10,12/5/19
KMT-2018-BLG-1990L b,KMT-2018-BLG-1990L,0,1,1,Microlensing,2019,KMTNet,Published Confirmed,0,<a refstr=RYU_ET_AL__2019 href=https://ui.adsabs.harvard.edu/abs/2019AJ....158..151R/abstract target=ref>Ryu et al. 2019</a>,,,,,0.657,0.097,-0.075,0,,,,,,,,,101,24,-18,0,0.318,0.077,-0.058,0,Mass,,,,,,,,,,,,,0,<a refstr=RYU_ET_AL__2019 href=https://ui.adsabs.harvard.edu/abs/2019AJ....158..151R/abstract target=ref>Ryu et al. 2019</a>,,,,,,,,,,0.073,0.018,-0.014,0,,,,,,,,,,<a refstr=RYU_ET_AL__2019 href=https://ui.adsabs.harvard.edu/abs/2019AJ....158..151R/abstract target=ref>Ryu et al. 2019</a>,17h53m44.49s,268.435375,-22d09m09.14s,-22.1525389,674,139,-115,,,,,,,,,,12/5/19,2019-10,12/5/19
KMT-2018-BLG-1990L b,KMT-2018-BLG-1990L,0,1,1,Microlensing,2019,KMTNet,Published Confirmed,0,<a refstr=RYU_ET_AL__2019 href=https://ui.adsabs.harvard.edu/abs/2019AJ....158..151R/abstract target=ref>Ryu et al. 2019</a>,,,,,0.947,0.377,-0.203,0,,,,,,,,,206,105,-58,0,0.649,0.33,-0.181,0,Mass,,,,,,,,,,,,,0,<a refstr=RYU_ET_AL__2019 href=https://ui.adsabs.harvard.edu/abs/2019AJ....158..151R/abstract target=ref>Ryu et al. 2019</a>,,,,,,,,,,0.111,0.057,-0.031,0,,,,,,,,,,<a refstr=RYU_ET_AL__2019 href=https://ui.adsabs.harvard.edu/abs/2019AJ....158..151R/abstract target=ref>Ryu et al. 2019</a>,17h53m44.49s,268.435375,-22d09m09.14s,-22.1525389,950,411,-238,,,,,,,,,,12/5/19,2019-10,12/5/19
KMT-2018-BLG-1990L b,KMT-2018-BLG-1990L,0,1,1,Microlensing,2019,KMTNet,Published Confirmed,0,<a refstr=RYU_ET_AL__2019 href=https://ui.adsabs.harvard.edu/abs/2019AJ....158..151R/abstract target=ref>Ryu et al. 2019</a>,,,,,1.095,0.953,-0.391,0,,,,,,,,,189,259,-86,0,0.594,0.814,-0.272,0,Mass,,,,,,,,,,,,,0,<a refstr=RYU_ET_AL__2019 href=https://ui.adsabs.harvard.edu/abs/2019AJ....158..151R/abstract target=ref>Ryu et al. 2019</a>,,,,,,,,,,0.153,0.206,-0.068,0,,,,,,,,,,<a refstr=RYU_ET_AL__2019 href=https://ui.adsabs.harvard.edu/abs/2019AJ....158..151R/abstract target=ref>Ryu et al. 2019</a>,17h53m44.49s,268.435375,-22d09m09.14s,-22.1525389,1296,1061,-452,,,,,,,,,,12/5/19,2019-10,12/5/19
KMT-2018-BLG-1990L b,KMT-2018-BLG-1990L,0,1,1,Microlensing,2019,KMTNet,Published Confirmed,0,<a refstr=RYU_ET_AL__2019 href=https://ui.adsabs.harvard.edu/abs/2019AJ....158..151R/abstract target=ref>Ryu et al. 2019</a>,,,,,1.083,1.353,-0.315,0,,,,,,,,,192,391,-68,0,0.605,1.229,-0.215,0,Mass,,,,,,,,,,,,,0,<a refstr=RYU_ET_AL__2019 href=https://ui.adsabs.harvard.edu/abs/2019AJ....158..151R/abstract target=ref>Ryu et al. 2019</a>,,,,,,,,,,0.153,0.311,-0.054,0,,,,,,,,,,<a refstr=RYU_ET_AL__2019 href=https://ui.adsabs.harvard.edu/abs/2019AJ....158..151R/abstract target=ref>Ryu et al. 2019</a>,17h53m44.49s,268.435375,-22d09m09.14s,-22.1525389,1277,1629,-422,,,,,,,,,,12/5/19,2019-10,12/5/19
KMT-2018-BLG-1990L b,KMT-2018-BLG-1990L,0,1,1,Microlensing,2019,KMTNet,Published Confirmed,0,<a refstr=RYU_ET_AL__2019 href=https://ui.adsabs.harvard.edu/abs/2019AJ....158..151R/abstract target=ref>Ryu et al. 2019</a>,,,,,0.699,0.145,-0.107,0,,,,,,,,,106,32,-22,0,0.333,0.101,-0.068,0,Mass,,,,,,,,,,,,,0,<a refstr=RYU_ET_AL__2019 href=https://ui.adsabs.harvard.edu/abs/2019AJ....158..151R/abstract target=ref>Ryu et al. 2019</a>,,,,,,,,,,0.076,0.023,-0.016,0,,,,,,,,,,<a refstr=RYU_ET_AL__2019 href=https://ui.adsabs.harvard.edu/abs/2019AJ....158..151R/abstract target=ref>Ryu et al. 2019</a>,17h53m44.49s,268.435375,-22d09m09.14s,-22.1525389,742,201,-138,,,,,,,,,,12/5/19,2019-10,12/5/19
KMT-2018-BLG-1990L b,KMT-2018-BLG-1990L,0,1,1,Microlensing,2019,KMTNet,Published Confirmed,0,<a refstr=RYU_ET_AL__2019 href=https://ui.adsabs.harvard.edu/abs/2019AJ....158..151R/abstract target=ref>Ryu et al. 2019</a>,,,,,1.039,0.951,-0.351,0,,,,,,,,,180,251,-79,0,0.565,0.789,-0.249,0,Mass,,,,,,,,,,,,,0,<a refstr=RYU_ET_AL__2019 href=https://ui.adsabs.harvard.edu/abs/2019AJ....158..151R/abstract target=ref>Ryu et al. 2019</a>,,,,,,,,,,0.141,0.202,-0.061,0,,,,,,,,,,<a refstr=RYU_ET_AL__2019 href=https://ui.adsabs.harvard.edu/abs/2019AJ....158..151R/abstract target=ref>Ryu et al. 2019</a>,17h53m44.49s,268.435375,-22d09m09.14s,-22.1525389,1229,1063,-427,,,,,,,,,,12/5/19,2019-10,12/5/19
KMT-2018-BLG-1990L b,KMT-2018-BLG-1990L,0,1,1,Microlensing,2019,KMTNet,Published Confirmed,0,<a refstr=RYU_ET_AL__2019 href=https://ui.adsabs.harvard.edu/abs/2019AJ....158..151R/abstract target=ref>Ryu et al. 2019</a>,,,,,0.751,0.283,-0.137,0,,,,,,,,,126,92,-36,0,0.398,0.291,-0.112,0,Mass,,,,,,,,,,,,,0,<a refstr=RYU_ET_AL__2019 href=https://ui.adsabs.harvard.edu/abs/2019AJ....158..151R/abstract target=ref>Ryu et al. 2019</a>,,,,,,,,,,0.083,0.039,-0.02,0,,,,,,,,,,<a refstr=RYU_ET_AL__2019 href=https://ui.adsabs.harvard.edu/abs/2019AJ....158..151R/abstract target=ref>Ryu et al. 2019</a>,17h53m44.49s,268.435375,-22d09m09.14s,-22.1525389,789,316,-169,,,,,,,,,,12/5/19,2019-10,12/5/19
KMT-2018-BLG-1990L b,KMT-2018-BLG-1990L,0,1,1,Microlensing,2019,KMTNet,Published Confirmed,0,<a refstr=RYU_ET_AL__2019 href=https://ui.adsabs.harvard.edu/abs/2019AJ....158..151R/abstract target=ref>Ryu et al. 2019</a>,,,,,1.521,0.753,-0.555,0,,,,,,,,,293,233,-130,0,0.923,0.734,-0.409,0,Mass,,,,,,,,,,,,,0,<a refstr=RYU_ET_AL__2019 href=https://ui.adsabs.harvard.edu/abs/2019AJ....158..151R/abstract target=ref>Ryu et al. 2019</a>,,,,,,,,,,0.235,0.187,-0.104,0,,,,,,,,,,<a refstr=RYU_ET_AL__2019 href=https://ui.adsabs.harvard.edu/abs/2019AJ....158..151R/abstract target=ref>Ryu et al. 2019</a>,17h53m44.49s,268.435375,-22d09m09.14s,-22.1525389,1735,889,-651,,,,,,,,,,12/5/19,2019-10,12/5/19
KOI-1599.01,KOI-1599,0,1,2,Transit,2019,Kepler,Kepler Project Candidate (q1_q8_koi),0,<a refstr=Q1_Q8_KOI_TABLE href=https://exoplanetarchive.ipac.caltech.edu/docs/Kepler_KOI_docs.html target=ref>Q1-Q8 KOI Table</a>,20.41724,0.00038,-0.00038,0,0.143,,,0,1.9,1.2,-1.2,0,0.16950694,0.10705701,-0.10705701,0,,,,,,,,,,0,,,0,,,,0,645,,,0,1,<a refstr=Q1_Q8_KOI_TABLE href=https://exoplanetarchive.ipac.caltech.edu/docs/Kepler_KOI_docs.html target=ref>Q1-Q8 KOI Table</a>,,5760,133,-133,0,0.92,0.55,-0.55,0,0.94,0.14,-0.14,0,,,,0,,4.48,0.3,-0.3,0,<a refstr=STASSUN_ET_AL__2019 href=https://ui.adsabs.harvard.edu/abs/2019AJ....158..138S/abstract target=ref>TICv8</a>,19h53m29.72s,298.3738383,+40d37m06.41s,40.6184483,1131.64,28.17,-26.86,14.795,0.126,-0.126,13.238,0.031,-0.031,14.854,0.000328,-0.000328,10/28/13,1/8/14,10/28/13
KOI-1599.01,KOI-1599,0,1,2,Transit,2019,Kepler,Kepler Project Candidate (q1_q12_koi),0,<a refstr=Q1_Q12_KOI_TABLE href=https://exoplanetarchive.ipac.caltech.edu/docs/Kepler_KOI_docs.html target=ref>Q1-Q12 KOI Table</a>,20.4071345,0.0003081,-0.0003081,0,0.1473,,,0,1.76,0.73,-0.17,0,0.15701695,0.06512635,-0.01516641,0,,,,,,,,,,0,,,0,44.8,56.16,-12.9,0,660,,,0,1,<a refstr=Q1_Q12_KOI_TABLE href=https://exoplanetarchive.ipac.caltech.edu/docs/Kepler_KOI_docs.html target=ref>Q1-Q12 KOI Table</a>,,5823,171,-195,0,0.972,0.405,-0.094,0,1.02,0.154,-0.118,0,0.06,0.2,-0.3,0,[Fe/H],4.472,0.053,-0.29,0,<a refstr=STASSUN_ET_AL__2019 href=https://ui.adsabs.harvard.edu/abs/2019AJ....158..138S/abstract target=ref>TICv8</a>,19h53m29.72s,298.3738383,+40d37m06.41s,40.6184483,1131.64,28.17,-26.86,14.795,0.126,-0.126,13.238,0.031,-0.031,14.854,0.000328,-0.000328,11/18/14,12/4/14,11/18/14
KOI-1599.01,KOI-1599,0,1,2,Transit,2019,Kepler,Kepler Project Candidate (q1_q17_dr25_sup_koi),0,<a refstr=Q1_Q17_DR25_SUPPLEMENTAL_KOI_TABLE href=https://exoplanetarchive.ipac.caltech.edu/docs/Kepler_KOI_docs.html target=ref>Q1-Q17 DR25 Supplemental KOI Table</a>,20.4074846,0.0003129,-0.0003129,0,,,,0,,,,0,,,,,,,,,,,,,,,,,0,,,,0,,,,0,1,<a refstr=STASSUN_ET_AL__2019 href=https://ui.adsabs.harvard.edu/abs/2019AJ....158..138S/abstract target=ref>TICv8</a>,,5833,122,-122,0,1.17992,,,0,1.05,,,0,,,,,,4.31556,,,0,<a refstr=STASSUN_ET_AL__2019 href=https://ui.adsabs.harvard.edu/abs/2019AJ....158..138S/abstract target=ref>TICv8</a>,19h53m29.72s,298.3738383,+40d37m06.41s,40.6184483,1131.64,28.17,-26.86,14.795,0.126,-0.126,13.238,0.031,-0.031,14.854,0.000328,-0.000328,9/25/18,8/16/18,9/25/18
KOI-1599.01,KOI-1599,0,1,2,Transit,2019,Kepler,Kepler Project Candidate (q1_q17_dr25_koi),0,<a refstr=Q1_Q17_DR25_KOI_TABLE href=https://exoplanetarchive.ipac.caltech.edu/docs/Kepler_KOI_docs.html target=ref>Q1-Q17 DR25 KOI Table</a>,20.4074846,0.0003129,-0.0003129,0,0.1473,,,0,2.9,0.87,-0.31,0,0.25872112,0.07761633,-0.0276564,0,,,,,,,,,,0,,,0,44.8,39.4,-13.58,0,660,,,0,1,<a refstr=Q1_Q17_DR25_KOI_TABLE href=https://exoplanetarchive.ipac.caltech.edu/docs/Kepler_KOI_docs.html target=ref>Q1-Q17 DR25 KOI Table</a>,,5823,158,-193,0,0.972,0.291,-0.104,0,1.02,0.115,-0.127,0,0.06,0.25,-0.3,0,[Fe/H],4.472,0.052,-0.208,0,<a refstr=STASSUN_ET_AL__2019 href=https://ui.adsabs.harvard.edu/abs/2019AJ....158..138S/abstract target=ref>TICv8</a>,19h53m29.72s,298.3738383,+40d37m06.41s,40.6184483,1131.64,28.17,-26.86,14.795,0.126,-0.126,13.238,0.031,-0.031,14.854,0.000328,-0.000328,5/8/17,8/31/17 0:00,5/8/17
KOI-1599.01,KOI-1599,0,1,2,Transit,2019,Kepler,Kepler Project Candidate (q1_q16_koi),0,<a refstr=Q1_Q16_KOI_TABLE href=https://exoplanetarchive.ipac.caltech.edu/docs/Kepler_KOI_docs.html target=ref>Q1-Q16 KOI Table</a>,20.4071345,0.0003081,-0.0003081,0,0.1473,,,0,1.76,0.73,-0.17,0,0.15701695,0.06512635,-0.01516641,0,,,,,,,,,,0,,,0,44.8,56.16,-12.9,0,660,,,0,1,<a refstr=Q1_Q16_KOI_TABLE href=https://exoplanetarchive.ipac.caltech.edu/docs/Kepler_KOI_docs.html target=ref>Q1-Q16 KOI Table</a>,,5823,171,-195,0,0.972,0.405,-0.094,0,1.02,0.154,-0.118,0,0.06,0.2,-0.3,0,[Fe/H],4.472,0.053,-0.29,0,<a refstr=STASSUN_ET_AL__2019 href=https://ui.adsabs.harvard.edu/abs/2019AJ....158..138S/abstract target=ref>TICv8</a>,19h53m29.72s,298.3738383,+40d37m06.41s,40.6184483,1131.64,28.17,-26.86,14.795,0.126,-0.126,13.238,0.031,-0.031,14.854,0.000328,-0.000328,11/21/14,12/18/14,11/21/14
KOI-1599.01,KOI-1599,0,1,2,Transit,2019,Kepler,Published Confirmed,0,<a refstr=HOLCZER_ET_AL__2016 href=https://ui.adsabs.harvard.edu/abs/2016ApJS..225....9H/abstract target=ref>Holczer et al. 2016</a>,20.40857074,0.00002356,-0.00002356,0,,,,,,,,,,,,,,,,,,,,,,,,,,,,,,,,,,1,<a refstr=STASSUN_ET_AL__2019 href=https://ui.adsabs.harvard.edu/abs/2019AJ....158..138S/abstract target=ref>TICv8</a>,,5833,122,-122,0,1.17992,,,0,1.05,,,0,,,,,,4.31556,,,0,<a refstr=STASSUN_ET_AL__2019 href=https://ui.adsabs.harvard.edu/abs/2019AJ....158..138S/abstract target=ref>TICv8</a>,19h53m29.72s,298.3738383,+40d37m06.41s,40.6184483,1131.64,28.17,-26.86,14.795,0.126,-0.126,13.238,0.031,-0.031,14.854,0.000328,-0.000328,4/1/19,2016-07,7/28/16
KOI-1599.01,KOI-1599,1,1,2,Transit,2019,Kepler,Published Confirmed,0,<a refstr=PANICHI_ET_AL__2019 href=https://ui.adsabs.harvard.edu/abs/2019MNRAS.485.4601P/abstract target=ref>Panichi et al. 2019</a>,20.4415,0.0013,-0.0013,0,0.14728,,,0,1.9,0.3,-0.3,0,0.16950665,0.02676421,-0.02676421,0,4.6,0.3,-0.3,0,0.01447315,0.0009439,-0.0009439,0,Mass,0.014,,,0,,,,,,,,,1,<a refstr=PANICHI_ET_AL__2019 href=https://ui.adsabs.harvard.edu/abs/2019MNRAS.485.4601P/abstract target=ref>Panichi et al. 2019</a>,,,,,,0.972,,,0,1.02,,,0,,,,,,,,,,<a refstr=STASSUN_ET_AL__2019 href=https://ui.adsabs.harvard.edu/abs/2019AJ....158..138S/abstract target=ref>TICv8</a>,19h53m29.72s,298.3738383,+40d37m06.41s,40.6184483,1131.64,28.17,-26.86,14.795,0.126,-0.126,13.238,0.031,-0.031,14.854,0.000328,-0.000328,5/20/19,2019-06,5/23/19
KOI-1599.01,KOI-1599,0,1,2,Transit,2019,Kepler,Kepler Project Candidate (q1_q17_dr24_koi),0,<a refstr=Q1_Q17_DR24_KOI_TABLE href=https://exoplanetarchive.ipac.caltech.edu/docs/Kepler_KOI_docs.html target=ref>Q1-Q17 DR24 KOI Table</a>,20.4071345,0.0003081,-0.0003081,0,0.1473,,,0,1.76,0.73,-0.17,0,0.15701695,0.06512635,-0.01516641,0,,,,,,,,,,0,,,0,44.8,56.16,-12.9,0,660,,,0,1,<a refstr=Q1_Q17_DR24_KOI_TABLE href=https://exoplanetarchive.ipac.caltech.edu/docs/Kepler_KOI_docs.html target=ref>Q1-Q17 DR24 KOI Table</a>,,5823,171,-195,0,0.972,0.405,-0.094,0,1.02,0.154,-0.118,0,0.06,0.2,-0.3,0,[Fe/H],4.472,0.053,-0.29,0,<a refstr=STASSUN_ET_AL__2019 href=https://ui.adsabs.harvard.edu/abs/2019AJ....158..138S/abstract target=ref>TICv8</a>,19h53m29.72s,298.3738383,+40d37m06.41s,40.6184483,1131.64,28.17,-26.86,14.795,0.126,-0.126,13.238,0.031,-0.031,14.854,0.000328,-0.000328,8/25/15,9/24/15,8/25/15
KOI-1599.02,KOI-1599,0,1,2,Transit,2019,Kepler,Kepler Project Candidate (q1_q17_dr24_koi),0,<a refstr=Q1_Q17_DR24_KOI_TABLE href=https://exoplanetarchive.ipac.caltech.edu/docs/Kepler_KOI_docs.html target=ref>Q1-Q17 DR24 KOI Table</a>,13.6163456,0.0001263,-0.0001263,0,0.1125,,,0,64.05,26.68,-6.2,0,5.7141681,2.38023427,-0.5531279,0,,,,,,,,,,0,,,0,76.81,96.27,-22.12,0,755,,,0,1,<a refstr=Q1_Q17_DR24_KOI_TABLE href=https://exoplanetarchive.ipac.caltech.edu/docs/Kepler_KOI_docs.html target=ref>Q1-Q17 DR24 KOI Table</a>,,5823,171,-195,0,0.972,0.405,-0.094,0,1.02,0.154,-0.118,0,0.06,0.2,-0.3,0,[Fe/H],4.472,0.053,-0.29,0,<a refstr=STASSUN_ET_AL__2019 href=https://ui.adsabs.harvard.edu/abs/2019AJ....158..138S/abstract target=ref>TICv8</a>,19h53m29.72s,298.3738383,+40d37m06.41s,40.6184483,1131.64,28.17,-26.86,14.795,0.126,-0.126,13.238,0.031,-0.031,14.854,0.000328,-0.000328,8/25/15,9/24/15,8/25/15
KOI-1599.02,KOI-1599,1,1,2,Transit,2019,Kepler,Published Confirmed,0,<a refstr=PANICHI_ET_AL__2019 href=https://ui.adsabs.harvard.edu/abs/2019MNRAS.485.4601P/abstract target=ref>Panichi et al. 2019</a>,13.6088,0.0006,-0.0006,0,0.112293,,,0,1.9,0.2,-0.2,0,0.16950665,0.0178428,-0.0178428,0,9,0.3,-0.3,0,0.02831702,0.0009439,-0.0009439,0,Mass,0.0114,,,0,,,,,,,,,1,<a refstr=PANICHI_ET_AL__2019 href=https://ui.adsabs.harvard.edu/abs/2019MNRAS.485.4601P/abstract target=ref>Panichi et al. 2019</a>,,,,,,0.972,,,0,1.02,,,0,,,,,,,,,,<a refstr=STASSUN_ET_AL__2019 href=https://ui.adsabs.harvard.edu/abs/2019AJ....158..138S/abstract target=ref>TICv8</a>,19h53m29.72s,298.3738383,+40d37m06.41s,40.6184483,1131.64,28.17,-26.86,14.795,0.126,-0.126,13.238,0.031,-0.031,14.854,0.000328,-0.000328,5/20/19,2019-06,5/23/19
KOI-1599.02,KOI-1599,0,1,2,Transit,2019,Kepler,Kepler Project Candidate (q1_q17_dr25_sup_koi),0,<a refstr=Q1_Q17_DR25_SUPPLEMENTAL_KOI_TABLE href=https://exoplanetarchive.ipac.caltech.edu/docs/Kepler_KOI_docs.html target=ref>Q1-Q17 DR25 Supplemental KOI Table</a>,13.6164547,0.0001053,-0.0001053,0,,,,0,,,,0,,,,,,,,,,,,,,,,,0,,,,0,,,,0,1,<a refstr=STASSUN_ET_AL__2019 href=https://ui.adsabs.harvard.edu/abs/2019AJ....158..138S/abstract target=ref>TICv8</a>,,5833,122,-122,0,1.17992,,,0,1.05,,,0,,,,,,4.31556,,,0,<a refstr=STASSUN_ET_AL__2019 href=https://ui.adsabs.harvard.edu/abs/2019AJ....158..138S/abstract target=ref>TICv8</a>,19h53m29.72s,298.3738383,+40d37m06.41s,40.6184483,1131.64,28.17,-26.86,14.795,0.126,-0.126,13.238,0.031,-0.031,14.854,0.000328,-0.000328,9/25/18,8/16/18,9/25/18
KOI-1599.02,KOI-1599,0,1,2,Transit,2019,Kepler,Kepler Project Candidate (q1_q12_koi),0,<a refstr=Q1_Q12_KOI_TABLE href=https://exoplanetarchive.ipac.caltech.edu/docs/Kepler_KOI_docs.html target=ref>Q1-Q12 KOI Table</a>,13.6163456,0.0001263,-0.0001263,0,0.1125,,,0,64.05,26.68,-6.2,0,5.7141681,2.38023427,-0.5531279,0,,,,,,,,,,0,,,0,76.81,96.27,-22.12,0,755,,,0,1,<a refstr=Q1_Q12_KOI_TABLE href=https://exoplanetarchive.ipac.caltech.edu/docs/Kepler_KOI_docs.html target=ref>Q1-Q12 KOI Table</a>,,5823,171,-195,0,0.972,0.405,-0.094,0,1.02,0.154,-0.118,0,0.06,0.2,-0.3,0,[Fe/H],4.472,0.053,-0.29,0,<a refstr=STASSUN_ET_AL__2019 href=https://ui.adsabs.harvard.edu/abs/2019AJ....158..138S/abstract target=ref>TICv8</a>,19h53m29.72s,298.3738383,+40d37m06.41s,40.6184483,1131.64,28.17,-26.86,14.795,0.126,-0.126,13.238,0.031,-0.031,14.854,0.000328,-0.000328,11/18/14,12/4/14,11/18/14
KOI-1599.02,KOI-1599,0,1,2,Transit,2019,Kepler,Kepler Project Candidate (q1_q16_koi),0,<a refstr=Q1_Q16_KOI_TABLE href=https://exoplanetarchive.ipac.caltech.edu/docs/Kepler_KOI_docs.html target=ref>Q1-Q16 KOI Table</a>,13.6163456,0.0001263,-0.0001263,0,0.1125,,,0,64.05,26.68,-6.2,0,5.7141681,2.38023427,-0.5531279,0,,,,,,,,,,0,,,0,76.81,96.27,-22.12,0,755,,,0,1,<a refstr=Q1_Q16_KOI_TABLE href=https://exoplanetarchive.ipac.caltech.edu/docs/Kepler_KOI_docs.html target=ref>Q1-Q16 KOI Table</a>,,5823,171,-195,0,0.972,0.405,-0.094,0,1.02,0.154,-0.118,0,0.06,0.2,-0.3,0,[Fe/H],4.472,0.053,-0.29,0,<a refstr=STASSUN_ET_AL__2019 href=https://ui.adsabs.harvard.edu/abs/2019AJ....158..138S/abstract target=ref>TICv8</a>,19h53m29.72s,298.3738383,+40d37m06.41s,40.6184483,1131.64,28.17,-26.86,14.795,0.126,-0.126,13.238,0.031,-0.031,14.854,0.000328,-0.000328,11/21/14,12/18/14,11/21/14
KOI-1599.02,KOI-1599,0,1,2,Transit,2019,Kepler,Kepler Project Candidate (q1_q17_dr25_koi),0,<a refstr=Q1_Q17_DR25_KOI_TABLE href=https://exoplanetarchive.ipac.caltech.edu/docs/Kepler_KOI_docs.html target=ref>Q1-Q17 DR25 KOI Table</a>,13.6164547,0.0001053,-0.0001053,0,0.1125,,,0,22.29,6.68,-2.38,0,1.98858403,0.59595071,-0.21232974,0,,,,,,,,,,0,,,0,76.81,67.54,-23.28,0,755,,,0,1,<a refstr=Q1_Q17_DR25_KOI_TABLE href=https://exoplanetarchive.ipac.caltech.edu/docs/Kepler_KOI_docs.html target=ref>Q1-Q17 DR25 KOI Table</a>,,5823,158,-193,0,0.972,0.291,-0.104,0,1.02,0.115,-0.127,0,0.06,0.25,-0.3,0,[Fe/H],4.472,0.052,-0.208,0,<a refstr=STASSUN_ET_AL__2019 href=https://ui.adsabs.harvard.edu/abs/2019AJ....158..138S/abstract target=ref>TICv8</a>,19h53m29.72s,298.3738383,+40d37m06.41s,40.6184483,1131.64,28.17,-26.86,14.795,0.126,-0.126,13.238,0.031,-0.031,14.854,0.000328,-0.000328,5/8/17,8/31/17 0:00,5/8/17
KOI-1599.02,KOI-1599,0,1,2,Transit,2019,Kepler,Kepler Project Candidate (q1_q8_koi),0,<a refstr=Q1_Q8_KOI_TABLE href=https://exoplanetarchive.ipac.caltech.edu/docs/Kepler_KOI_docs.html target=ref>Q1-Q8 KOI Table</a>,13.6141,0.00024,-0.00024,0,0.109,,,0,1.9,1.2,-1.2,0,0.16950694,0.10705701,-0.10705701,0,,,,,,,,,,0,,,0,,,,0,739,,,0,1,<a refstr=Q1_Q8_KOI_TABLE href=https://exoplanetarchive.ipac.caltech.edu/docs/Kepler_KOI_docs.html target=ref>Q1-Q8 KOI Table</a>,,5760,133,-133,0,0.92,0.55,-0.55,0,0.94,0.14,-0.14,0,,,,0,,4.48,0.3,-0.3,0,<a refstr=STASSUN_ET_AL__2019 href=https://ui.adsabs.harvard.edu/abs/2019AJ....158..138S/abstract target=ref>TICv8</a>,19h53m29.72s,298.3738383,+40d37m06.41s,40.6184483,1131.64,28.17,-26.86,14.795,0.126,-0.126,13.238,0.031,-0.031,14.854,0.000328,-0.000328,10/28/13,1/8/14,10/28/13
Kepler-1658 b,Kepler-1658,0,1,1,Transit,2019,Kepler,TESS Project Candidate,0,<a refstr=EXOFOP_TESS_TOI href=https://exofop.ipac.caltech.edu/tess/view_toi.php target=ref>ExoFOP-TESS TOI</a>,3.84938456,3.21974E-05,-3.21974E-05,0,,,,,16.80880008,1.2394345,-1.2394345,0,1.49958328,0.11057513,-0.11057513,0,,,,,,,,,,,,,,6689.7864,,,0,2306.6,,,0,0,<a refstr=EXOFOP_TESS_TOI href=https://exofop.ipac.caltech.edu/tess/view_toi.php target=ref>ExoFOP-TESS TOI</a>,,5843.47,135.15,-135.15,0,3.91191,0.219008,-0.219008,0,,,,,,,,,,3.27448,0.085415,-0.085415,0,<a refstr=STASSUN_ET_AL__2019 href=https://ui.adsabs.harvard.edu/abs/2019AJ....158..138S/abstract target=ref>TICv8</a>,19h37m25.57s,294.3565559,+38d56m50.43s,38.9473424,788.238,17.434,-16.707,11.62,0.016,-0.016,10.195,0.023,-0.023,11.42,0.000568,-0.000568,3/28/23,2017-07,3/28/23
Kepler-1658 b,Kepler-1658,0,1,1,Transit,2019,Kepler,Kepler Project Candidate (q1_q17_dr24_koi),0,<a refstr=Q1_Q17_DR24_KOI_TABLE href=https://exoplanetarchive.ipac.caltech.edu/docs/Kepler_KOI_docs.html target=ref>Q1-Q17 DR24 KOI Table</a>,3.849371501,0.000001304,-0.000001304,0,0.0548,,,0,13.1,2.06,-3.25,0,1.16870573,0.18378121,-0.28994608,0,,,,,,,,,,0,,,0,4055.29,1837.19,-1919.87,0,2035,,,0,0,<a refstr=Q1_Q17_DR24_KOI_TABLE href=https://exoplanetarchive.ipac.caltech.edu/docs/Kepler_KOI_docs.html target=ref>Q1-Q17 DR24 KOI Table</a>,,6244,130,-109,0,2.992,0.469,-0.743,0,1.482,0.137,-0.196,0,-0.16,0.2,-0.14,0,[Fe/H],3.657,0.205,-0.107,0,<a refstr=STASSUN_ET_AL__2019 href=https://ui.adsabs.harvard.edu/abs/2019AJ....158..138S/abstract target=ref>TICv8</a>,19h37m25.57s,294.3565559,+38d56m50.43s,38.9473424,788.238,17.434,-16.707,11.62,0.016,-0.016,10.195,0.023,-0.023,11.42,0.000568,-0.000568,8/25/15,9/24/15,8/25/15
Kepler-1658 b,Kepler-1658,0,1,1,Transit,2019,Kepler,Kepler Project Candidate (q1_q8_koi),0,<a refstr=Q1_Q8_KOI_TABLE href=https://exoplanetarchive.ipac.caltech.edu/docs/Kepler_KOI_docs.html target=ref>Q1-Q8 KOI Table</a>,3.8493724,0.0000044,-0.0000044,0,0.056,,,0,11.8,1.6,-1.6,0,1.0527273,0.14274268,-0.14274268,0,,,,,,,,,,0,,,0,,,,0,1923,,,0,0,<a refstr=Q1_Q8_KOI_TABLE href=https://exoplanetarchive.ipac.caltech.edu/docs/Kepler_KOI_docs.html target=ref>Q1-Q8 KOI Table</a>,,6391,50,-50,0,2.6,0.36,-0.36,0,1.61,0.11,-0.11,0,,,,0,,3.81,0.1,-0.1,0,<a refstr=STASSUN_ET_AL__2019 href=https://ui.adsabs.harvard.edu/abs/2019AJ....158..138S/abstract target=ref>TICv8</a>,19h37m25.57s,294.3565559,+38d56m50.43s,38.9473424,788.238,17.434,-16.707,11.62,0.016,-0.016,10.195,0.023,-0.023,11.42,0.000568,-0.000568,10/28/13,1/8/14,10/28/13
Kepler-1658 b,Kepler-1658,0,1,1,Transit,2019,Kepler,Kepler Project Candidate (q1_q17_dr25_sup_koi),0,<a refstr=Q1_Q17_DR25_SUPPLEMENTAL_KOI_TABLE href=https://exoplanetarchive.ipac.caltech.edu/docs/Kepler_KOI_docs.html target=ref>Q1-Q17 DR25 Supplemental KOI Table</a>,3.849371737,0.000002344,-0.000002344,0,,,,0,,,,0,,,,,,,,,,,,,,,,,0,,,,0,,,,0,0,<a refstr=STASSUN_ET_AL__2019 href=https://ui.adsabs.harvard.edu/abs/2019AJ....158..138S/abstract target=ref>TICv8</a>,,5843.47,141.01,-129.29,0,3.91191,0.181943,-0.256072,0,1.05,0.145632,-0.127954,0,-0.2467,0.0069,-0.0069,0,[M/H],3.27448,0.102535,-0.068294,0,<a refstr=STASSUN_ET_AL__2019 href=https://ui.adsabs.harvard.edu/abs/2019AJ....158..138S/abstract target=ref>TICv8</a>,19h37m25.57s,294.3565559,+38d56m50.43s,38.9473424,788.238,17.434,-16.707,11.62,0.016,-0.016,10.195,0.023,-0.023,11.42,0.000568,-0.000568,9/25/18,8/16/18,9/25/18
Kepler-1658 b,Kepler-1658,0,1,1,Transit,2019,Kepler,Kepler Project Candidate (q1_q16_koi),0,<a refstr=Q1_Q16_KOI_TABLE href=https://exoplanetarchive.ipac.caltech.edu/docs/Kepler_KOI_docs.html target=ref>Q1-Q16 KOI Table</a>,3.849371501,0.000001304,-0.000001304,0,0.0548,,,0,13.1,2.06,-3.25,0,1.16870573,0.18378121,-0.28994608,0,,,,,,,,,,0,,,0,4055.29,1837.19,-1919.87,0,2035,,,0,0,<a refstr=Q1_Q16_KOI_TABLE href=https://exoplanetarchive.ipac.caltech.edu/docs/Kepler_KOI_docs.html target=ref>Q1-Q16 KOI Table</a>,,6244,130,-109,0,2.992,0.469,-0.743,0,1.482,0.137,-0.196,0,-0.16,0.2,-0.14,0,[Fe/H],3.657,0.205,-0.107,0,<a refstr=STASSUN_ET_AL__2019 href=https://ui.adsabs.harvard.edu/abs/2019AJ....158..138S/abstract target=ref>TICv8</a>,19h37m25.57s,294.3565559,+38d56m50.43s,38.9473424,788.238,17.434,-16.707,11.62,0.016,-0.016,10.195,0.023,-0.023,11.42,0.000568,-0.000568,11/21/14,12/18/14,11/21/14
Kepler-1658 b,Kepler-1658,1,1,1,Transit,2019,Kepler,Published Confirmed,0,<a refstr=CHONTOS_ET_AL__2019 href=https://ui.adsabs.harvard.edu/abs/2019AJ....157..192C/abstract target=ref>Chontos et al. 2019</a>,3.849372784,0.000000804,-0.000000801,0,0.0544,0.0007,-0.0007,0,11.99363,0.56045,-0.56045,0,1.07,0.05,-0.05,0,1868.8404,149.3801,-146.2018,0,5.88,0.47,-0.46,0,Mass,0.0628,0.0197,-0.0185,0,,,,,,,,,0,<a refstr=CHONTOS_ET_AL__2019 href=https://ui.adsabs.harvard.edu/abs/2019AJ....157..192C/abstract target=ref>Chontos et al. 2019</a>,,6216,78,-78,0,2.891,0.13,-0.106,0,1.447,0.058,-0.058,0,-0.18,0.1,-0.1,0,[M/H],3.673,0.026,-0.026,0,<a refstr=STASSUN_ET_AL__2019 href=https://ui.adsabs.harvard.edu/abs/2019AJ....158..138S/abstract target=ref>TICv8</a>,19h37m25.57s,294.3565559,+38d56m50.43s,38.9473424,788.238,17.434,-16.707,11.62,0.016,-0.016,10.195,0.023,-0.023,11.42,0.000568,-0.000568,3/11/19,2019-05,3/14/19
Kepler-1658 b,Kepler-1658,0,1,1,Transit,2019,Kepler,Kepler Project Candidate (q1_q12_koi),0,<a refstr=Q1_Q12_KOI_TABLE href=https://exoplanetarchive.ipac.caltech.edu/docs/Kepler_KOI_docs.html target=ref>Q1-Q12 KOI Table</a>,3.849371501,0.000001304,-0.000001304,0,0.0548,,,0,13.1,2.06,-3.25,0,1.16870573,0.18378121,-0.28994608,0,,,,,,,,,,0,,,0,4055.29,1837.19,-1919.87,0,2035,,,0,0,<a refstr=Q1_Q12_KOI_TABLE href=https://exoplanetarchive.ipac.caltech.edu/docs/Kepler_KOI_docs.html target=ref>Q1-Q12 KOI Table</a>,,6244,130,-109,0,2.992,0.469,-0.743,0,1.482,0.137,-0.196,0,-0.16,0.2,-0.14,0,[Fe/H],3.657,0.205,-0.107,0,<a refstr=STASSUN_ET_AL__2019 href=https://ui.adsabs.harvard.edu/abs/2019AJ....158..138S/abstract target=ref>TICv8</a>,19h37m25.57s,294.3565559,+38d56m50.43s,38.9473424,788.238,17.434,-16.707,11.62,0.016,-0.016,10.195,0.023,-0.023,11.42,0.000568,-0.000568,11/18/14,12/4/14,11/18/14
Kepler-1658 b,Kepler-1658,0,1,1,Transit,2019,Kepler,Kepler Project Candidate (q1_q17_dr25_koi),0,<a refstr=Q1_Q17_DR25_KOI_TABLE href=https://exoplanetarchive.ipac.caltech.edu/docs/Kepler_KOI_docs.html target=ref>Q1-Q17 DR25 KOI Table</a>,3.849371737,0.000002344,-0.000002344,0,0.0548,,,0,12.94,1.8,-4.2,0,1.15443146,0.16058552,-0.37469955,0,,,,,,,,,,0,,,0,4055.29,1643.78,-2336.51,0,2034,,,0,0,<a refstr=Q1_Q17_DR25_KOI_TABLE href=https://exoplanetarchive.ipac.caltech.edu/docs/Kepler_KOI_docs.html target=ref>Q1-Q17 DR25 KOI Table</a>,,6244,126,-114,0,2.992,0.416,-0.971,0,1.482,0.131,-0.261,0,-0.16,0.2,-0.15,0,[Fe/H],3.657,0.27,-0.09,0,<a refstr=STASSUN_ET_AL__2019 href=https://ui.adsabs.harvard.edu/abs/2019AJ....158..138S/abstract target=ref>TICv8</a>,19h37m25.57s,294.3565559,+38d56m50.43s,38.9473424,788.238,17.434,-16.707,11.62,0.016,-0.016,10.195,0.023,-0.023,11.42,0.000568,-0.000568,5/8/17,8/31/17 0:00,5/8/17
Kepler-47 d,Kepler-47,1,2,3,Transit,2019,Kepler,Published Confirmed,0,<a refstr=OROSZ_ET_AL__2019 href=https://ui.adsabs.harvard.edu/abs/2019AJ....157..174O/abstract target=ref>Orosz et al. 2019</a>,187.366,0.069,-0.051,0,0.6992,0.0031,-0.0033,0,7.04,0.66,-0.49,0,0.62806673,0.05888126,-0.04371487,0,19.02,23.84,-11.67,0,0.05984331,0.07500865,-0.03671774,0,Mass,0.024,0.025,-0.017,0,,,,,,,,,1,<a refstr=OROSZ_ET_AL__2019 href=https://ui.adsabs.harvard.edu/abs/2019AJ....157..174O/abstract target=ref>Orosz et al. 2019</a>,,,,,,0.936,0.005,-0.005,0,0.957,0.013,-0.015,0,,,,,,,,,,<a refstr=STASSUN_ET_AL__2019 href=https://ui.adsabs.harvard.edu/abs/2019AJ....158..138S/abstract target=ref>TICv8</a>,19h41m11.49s,295.2978883,+46d55m13.55s,46.9204303,1025.02,30.6445,-30.6445,15.31,0.115,-0.115,13.535,0.041,-0.041,15.1626,0.00069,-0.00069,4/22/19,2019-05,4/25/19
Kepler-65 e,Kepler-65,1,1,4,Radial Velocity,2019,W. M. Keck Observatory,Published Confirmed,0,<a refstr=MILLS_ET_AL__2019 href=https://ui.adsabs.harvard.edu/abs/2019AJ....157..145M/abstract target=ref>Mills et al. 2019</a>,258.8,1.5,-1.3,0,,,,,,,,,,,,,260,200,-50,0,0.82,0.63,-0.16,0,Mass,0.283,0.064,-0.071,0,,,,,,,,,0,<a refstr=MILLS_ET_AL__2019 href=https://ui.adsabs.harvard.edu/abs/2019AJ....157..145M/abstract target=ref>Mills et al. 2019</a>,,,,,,1.437,0.032,-0.027,0,1.248,0.018,-0.021,0,,,,,,,,,,<a refstr=STASSUN_ET_AL__2019 href=https://ui.adsabs.harvard.edu/abs/2019AJ....158..138S/abstract target=ref>TICv8</a>,19h14m45.29s,288.6887221,+41d09m03.99s,41.1511076,303.728,2.708,-2.661,10.922,0.008,-0.008,9.806,0.017,-0.017,10.9656,0.000386,-0.000386,6/7/19,2019-04,6/13/19
Kepler-65 e,Kepler-65,0,1,4,Radial Velocity,2019,W. M. Keck Observatory,Published Confirmed,0,<a refstr=WEISS_ET_AL__2024 href=https://ui.adsabs.harvard.edu/abs/2024ApJS..270....8W/abstract target=ref>Weiss et al. 2024</a>,257.895039,0.824918,-0.824918,0,0.853930754,,,0,,,,,,,,,216.8198657,22.07963192,-22.07963192,0,0.68219159,0.06947029,-0.06947029,0,Msini,0.298885,0.019958,-0.019958,0,,,,,,,,,0,<a refstr=WEISS_ET_AL__2024 href=https://ui.adsabs.harvard.edu/abs/2024ApJS..270....8W/abstract target=ref>Weiss et al. 2024</a>,,,,,,,,,,1.249,0.0325,-0.0325,0,,,,,,,,,,<a refstr=STASSUN_ET_AL__2019 href=https://ui.adsabs.harvard.edu/abs/2019AJ....158..138S/abstract target=ref>TICv8</a>,19h14m45.29s,288.6887221,+41d09m03.99s,41.1511076,303.728,2.708,-2.661,10.922,0.008,-0.008,9.806,0.017,-0.017,10.9656,0.000386,-0.000386,2/16/24,2024-01,2/16/24
Kepler-82 f,Kepler-82,1,1,5,Transit Timing Variations,2019,KOINet,Published Confirmed,0,<a refstr=FREUDENTHAL_ET_AL__2019 href=https://ui.adsabs.harvard.edu/abs/2019A&A...628A.108F/abstract target=ref>Freudenthal et al. 2019</a>,75.732,0.012,-0.012,0,0.3395,0.0041,-0.0041,0,,,,,,,,,20.9,1,-1,0,0.06575842,0.00314634,-0.00314634,0,Mass,0.0014,0.0018,-0.001,0,,,,,,,,,0,<a refstr=FREUDENTHAL_ET_AL__2019 href=https://ui.adsabs.harvard.edu/abs/2019A&A...628A.108F/abstract target=ref>Freudenthal et al. 2019</a>,,,,,,0.898,0.042,-0.018,0,0.91,0.03,-0.03,0,,,,,,,,,,<a refstr=STASSUN_ET_AL__2019 href=https://ui.adsabs.harvard.edu/abs/2019AJ....158..138S/abstract target=ref>TICv8</a>,19h31m29.61s,292.8733696,+42d57m58.17s,42.9661583,904.326,22.0875,-22.0875,15.131,0.492,-0.492,13.518,0.048,-0.048,15.1377,0.00037,-0.00037,7/19/19,2019-08,7/25/19
L 98-59 b,L 98-59,0,1,5,Transit,2019,Transiting Exoplanet Survey Satellite (TESS),Published Confirmed,0,<a refstr=DEMANGEON_ET_AL__2021 href=https://ui.adsabs.harvard.edu/abs/2021A&A...653A..41D/abstract target=ref>Demangeon et al. 2021</a>,2.2531136,0.0000012,-0.0000015,0,0.02191,0.0008,-0.00084,0,0.85,0.061,-0.047,0,0.07583205,0.00544206,-0.00419307,0,0.4,0.16,-0.15,0,0.00125854,0.00050342,-0.00047195,0,Mass,0.103,0.117,-0.045,0,24.7,5,-4.1,0,627,33,-36,0,0,<a refstr=DEMANGEON_ET_AL__2021 href=https://ui.adsabs.harvard.edu/abs/2021A&A...653A..41D/abstract target=ref>Demangeon et al. 2021</a>,M3 V,3415,135,-135,0,0.303,0.026,-0.023,0,0.273,0.03,-0.03,0,-0.46,0.26,-0.26,0,[Fe/H],4.86,0.13,-0.13,0,<a refstr=STASSUN_ET_AL__2019 href=https://ui.adsabs.harvard.edu/abs/2019AJ....158..138S/abstract target=ref>TICv8</a>,08h18m07.89s,124.5328604,-68d18m52.08s,-68.3144658,10.6194,0.0032,-0.0032,11.685,0.017,-0.017,7.101,0.018,-0.018,10.5976,0.000765,-0.000765,8/23/21,2021-09,8/23/21
L 98-59 b,L 98-59,1,1,5,Transit,2019,Transiting Exoplanet Survey Satellite (TESS),Published Confirmed,0,<a refstr=CADIEUX_ET_AL__2025 href=https://ui.adsabs.harvard.edu/abs/2025arXiv250709343C/abstract target=ref>Cadieux et al. 2025</a>,2.253114,0.0000004,-0.0000004,0,0.0223,0.0007,-0.0007,0,0.837,0.019,-0.019,0,0.07467227,0.00169507,-0.00169507,0,0.46,0.11,-0.11,0,0.00144732,0.0003461,-0.0003461,0,Mass,0.031,0.017,-0.016,0,24.5,2.5,-2.5,0,620,13,-13,0,0,<a refstr=CADIEUX_ET_AL__2025 href=https://ui.adsabs.harvard.edu/abs/2025arXiv250709343C/abstract target=ref>Cadieux et al. 2025</a>,M3 V,3415,60,-60,0,0.3155,0.0062,-0.0062,0,0.2923,0.0067,-0.0067,0,-0.46,0.26,-0.26,0,[Fe/H],4.91,0.02,-0.02,0,<a refstr=STASSUN_ET_AL__2019 href=https://ui.adsabs.harvard.edu/abs/2019AJ....158..138S/abstract target=ref>TICv8</a>,08h18m07.89s,124.5328604,-68d18m52.08s,-68.3144658,10.6194,0.0032,-0.0032,11.685,0.017,-0.017,7.101,0.018,-0.018,10.5976,0.000765,-0.000765,7/29/25,2025-07,7/29/25
L 98-59 b,L 98-59,0,1,5,Transit,2019,Transiting Exoplanet Survey Satellite (TESS),Published Confirmed,0,<a refstr=KOKORI_ET_AL__2023 href=https://ui.adsabs.harvard.edu/abs/2023ApJS..265....4K/abstract target=ref>Kokori et al. 2023</a>,2.2531154,0.0000017,-0.0000017,0,,,,,,,,,,,,,,,,,,,,,,0.103,0.117,-0.045,0,,,,,,,,,0,<a refstr=KOSTOV_ET_AL__2019 href=https://ui.adsabs.harvard.edu/abs/2019AJ....158...32K/abstract target=ref>Kostov et al. 2019</a>,M3 V,3367,150,-150,0,0.312,0.014,-0.014,0,0.313,0.014,-0.014,0,-0.5,0.5,-0.5,0,[Fe/H],,,,,<a refstr=STASSUN_ET_AL__2019 href=https://ui.adsabs.harvard.edu/abs/2019AJ....158..138S/abstract target=ref>TICv8</a>,08h18m07.89s,124.5328604,-68d18m52.08s,-68.3144658,10.6194,0.0032,-0.0032,11.685,0.017,-0.017,7.101,0.018,-0.018,10.5976,0.000765,-0.000765,3/4/24,2023-03,3/4/24
L 98-59 b,L 98-59,0,1,5,Transit,2019,Transiting Exoplanet Survey Satellite (TESS),Published Confirmed,0,<a refstr=CLOUTIER_ET_AL__2019 href=https://ui.adsabs.harvard.edu/abs/2019A&A...629A.111C/abstract target=ref>Cloutier et al. 2019</a>,2.2531,0.0004,-0.0004,0,0.02282,0.00008,-0.00008,0,0.8,0.05,-0.05,0,0.07137122,0.0044607,-0.0044607,0,1.01,,,1,0.0031778,,,1,Mass,0.12,,,1,,,,,610,13,-13,0,0,<a refstr=CLOUTIER_ET_AL__2019 href=https://ui.adsabs.harvard.edu/abs/2019A&A...629A.111C/abstract target=ref>Cloutier et al. 2019</a>,M3 V,3412,49,-49,0,0.314,0.014,-0.014,0,0.312,0.031,-0.031,0,-0.5,0.5,-0.5,0,[Fe/H],4.94,0.06,-0.06,0,<a refstr=STASSUN_ET_AL__2019 href=https://ui.adsabs.harvard.edu/abs/2019AJ....158..138S/abstract target=ref>TICv8</a>,08h18m07.89s,124.5328604,-68d18m52.08s,-68.3144658,10.6194,0.0032,-0.0032,11.685,0.017,-0.017,7.101,0.018,-0.018,10.5976,0.000765,-0.000765,4/10/20,2019-09,4/16/20
L 98-59 b,L 98-59,0,1,5,Transit,2019,Transiting Exoplanet Survey Satellite (TESS),TESS Project Candidate,0,<a refstr=EXOFOP_TESS_TOI href=https://exofop.ipac.caltech.edu/tess/view_toi.php target=ref>ExoFOP-TESS TOI</a>,2.253106162,1.98691E-06,-1.98691E-06,0,,,,,0.826635,0.38915795,-0.38915795,0,0.07374756,0.03471841,-0.03471841,0,,,,,,,,,,,,,,24.4782,,,0,567.3,,,0,0,<a refstr=EXOFOP_TESS_TOI href=https://exofop.ipac.caltech.edu/tess/view_toi.php target=ref>ExoFOP-TESS TOI</a>,,3469,68,-68,0,0.31416,0.009324,-0.009324,0,,,,,,,,,,4.9401,0.058929,-0.058929,0,<a refstr=STASSUN_ET_AL__2019 href=https://ui.adsabs.harvard.edu/abs/2019AJ....158..138S/abstract target=ref>TICv8</a>,08h18m07.89s,124.5328604,-68d18m52.08s,-68.3144658,10.6194,0.0032,-0.0032,11.685,0.017,-0.017,7.101,0.018,-0.018,10.5976,0.000765,-0.000765,7/29/25,2017-07,5/15/23
L 98-59 b,L 98-59,0,1,5,Transit,2019,Transiting Exoplanet Survey Satellite (TESS),Published Confirmed,0,<a refstr=KOSTOV_ET_AL__2019 href=https://ui.adsabs.harvard.edu/abs/2019AJ....158...32K/abstract target=ref>Kostov et al. 2019</a>,2.25314,0.00002,-0.00002,0,0.0233,0.0017,-0.0017,0,0.8,0.05,-0.05,0,0.07137122,0.0044607,-0.0044607,0,,,,,,,,,,0.1,0.17,-0.07,0,23.9,5.3,-4.4,0,,,,,0,<a refstr=KOSTOV_ET_AL__2019 href=https://ui.adsabs.harvard.edu/abs/2019AJ....158...32K/abstract target=ref>Kostov et al. 2019</a>,M3 V,3367,150,-150,0,0.312,0.014,-0.014,0,0.313,0.014,-0.014,0,-0.5,0.5,-0.5,0,[Fe/H],,,,,<a refstr=STASSUN_ET_AL__2019 href=https://ui.adsabs.harvard.edu/abs/2019AJ....158..138S/abstract target=ref>TICv8</a>,08h18m07.89s,124.5328604,-68d18m52.08s,-68.3144658,10.6194,0.0032,-0.0032,11.685,0.017,-0.017,7.101,0.018,-0.018,10.5976,0.000765,-0.000765,4/10/20,2019-07,6/13/19
L 98-59 b,L 98-59,0,1,5,Transit,2019,Transiting Exoplanet Survey Satellite (TESS),Published Confirmed,0,<a refstr=RAJPAUL_ET_AL__2024 href=https://ui.adsabs.harvard.edu/abs/2024MNRAS.530.4665R/abstract target=ref>Rajpaul et al. 2024</a>,,,,,,,,,,,,,,,,,0.47,0.13,-0.15,0,0.00147879,0.00040903,-0.00047195,0,Mass,0.167,0.034,-0.16,0,,,,,,,,,0,<a refstr=RAJPAUL_ET_AL__2024 href=https://ui.adsabs.harvard.edu/abs/2024MNRAS.530.4665R/abstract target=ref>Rajpaul et al. 2024</a>,,,,,,,,,,,,,,,,,,,,,,,<a refstr=STASSUN_ET_AL__2019 href=https://ui.adsabs.harvard.edu/abs/2019AJ....158..138S/abstract target=ref>TICv8</a>,08h18m07.89s,124.5328604,-68d18m52.08s,-68.3144658,10.6194,0.0032,-0.0032,11.685,0.017,-0.017,7.101,0.018,-0.018,10.5976,0.000765,-0.000765,6/10/24,2024-06,6/10/24
L 98-59 c,L 98-59,0,1,5,Transit,2019,Transiting Exoplanet Survey Satellite (TESS),Published Confirmed,0,<a refstr=KOSTOV_ET_AL__2019 href=https://ui.adsabs.harvard.edu/abs/2019AJ....158...32K/abstract target=ref>Kostov et al. 2019</a>,3.690621,0.000013,-0.000014,0,0.0324,0.0023,-0.0024,0,1.35,0.08,-0.07,0,0.12043893,0.00713712,-0.00624498,0,,,,,,,,,,0.09,0.16,-0.07,0,12.4,2.8,-2.3,0,,,,,1,<a refstr=KOSTOV_ET_AL__2019 href=https://ui.adsabs.harvard.edu/abs/2019AJ....158...32K/abstract target=ref>Kostov et al. 2019</a>,M3 V,3367,150,-150,0,0.312,0.014,-0.014,0,0.313,0.014,-0.014,0,-0.5,0.5,-0.5,0,[Fe/H],,,,,<a refstr=STASSUN_ET_AL__2019 href=https://ui.adsabs.harvard.edu/abs/2019AJ....158..138S/abstract target=ref>TICv8</a>,08h18m07.89s,124.5328604,-68d18m52.08s,-68.3144658,10.6194,0.0032,-0.0032,11.685,0.017,-0.017,7.101,0.018,-0.018,10.5976,0.000765,-0.000765,4/10/20,2019-07,6/13/19
L 98-59 c,L 98-59,0,1,5,Transit,2019,Transiting Exoplanet Survey Satellite (TESS),Published Confirmed,0,<a refstr=RAJPAUL_ET_AL__2024 href=https://ui.adsabs.harvard.edu/abs/2024MNRAS.530.4665R/abstract target=ref>Rajpaul et al. 2024</a>,,,,,,,,,,,,,,,,,2.25,0.24,-0.24,0,0.00707929,0.00075512,-0.00075512,0,Mass,0.049,0.015,-0.047,0,,,,,,,,,1,<a refstr=RAJPAUL_ET_AL__2024 href=https://ui.adsabs.harvard.edu/abs/2024MNRAS.530.4665R/abstract target=ref>Rajpaul et al. 2024</a>,,,,,,,,,,,,,,,,,,,,,,,<a refstr=STASSUN_ET_AL__2019 href=https://ui.adsabs.harvard.edu/abs/2019AJ....158..138S/abstract target=ref>TICv8</a>,08h18m07.89s,124.5328604,-68d18m52.08s,-68.3144658,10.6194,0.0032,-0.0032,11.685,0.017,-0.017,7.101,0.018,-0.018,10.5976,0.000765,-0.000765,6/10/24,2024-06,6/10/24
L 98-59 c,L 98-59,0,1,5,Transit,2019,Transiting Exoplanet Survey Satellite (TESS),Published Confirmed,0,<a refstr=CLOUTIER_ET_AL__2019 href=https://ui.adsabs.harvard.edu/abs/2019A&A...629A.111C/abstract target=ref>Cloutier et al. 2019</a>,3.6904,0.0003,-0.0003,0,0.0317,0.0001,-0.0001,0,1.35,0.07,-0.07,0,0.12043893,0.00624498,-0.00624498,0,2.42,0.35,-0.34,0,0.00761413,0.00110122,-0.00106975,0,Mass,0.07,,,1,,,,,517,11,-11,0,1,<a refstr=CLOUTIER_ET_AL__2019 href=https://ui.adsabs.harvard.edu/abs/2019A&A...629A.111C/abstract target=ref>Cloutier et al. 2019</a>,M3 V,3412,49,-49,0,0.314,0.014,-0.014,0,0.312,0.031,-0.031,0,-0.5,0.5,-0.5,0,[Fe/H],4.94,0.06,-0.06,0,<a refstr=STASSUN_ET_AL__2019 href=https://ui.adsabs.harvard.edu/abs/2019AJ....158..138S/abstract target=ref>TICv8</a>,08h18m07.89s,124.5328604,-68d18m52.08s,-68.3144658,10.6194,0.0032,-0.0032,11.685,0.017,-0.017,7.101,0.018,-0.018,10.5976,0.000765,-0.000765,4/10/20,2019-09,4/16/20
L 98-59 c,L 98-59,1,1,5,Transit,2019,Transiting Exoplanet Survey Satellite (TESS),Published Confirmed,0,<a refstr=CADIEUX_ET_AL__2025 href=https://ui.adsabs.harvard.edu/abs/2025arXiv250709343C/abstract target=ref>Cadieux et al. 2025</a>,3.6906764,0.0000004,-0.0000004,0,0.0309,0.001,-0.001,0,1.329,0.029,-0.029,0,0.11856564,0.00258721,-0.00258721,0,2,0.13,-0.13,0,0.0062927,0.00040903,-0.00040903,0,Mass,0.002,0.002,-0.001,0,12.7,1.3,-1.3,0,526,11,-11,0,1,<a refstr=CADIEUX_ET_AL__2025 href=https://ui.adsabs.harvard.edu/abs/2025arXiv250709343C/abstract target=ref>Cadieux et al. 2025</a>,M3 V,3415,60,-60,0,0.3155,0.0062,-0.0062,0,0.2923,0.0067,-0.0067,0,-0.46,0.26,-0.26,0,[Fe/H],4.91,0.02,-0.02,0,<a refstr=STASSUN_ET_AL__2019 href=https://ui.adsabs.harvard.edu/abs/2019AJ....158..138S/abstract target=ref>TICv8</a>,08h18m07.89s,124.5328604,-68d18m52.08s,-68.3144658,10.6194,0.0032,-0.0032,11.685,0.017,-0.017,7.101,0.018,-0.018,10.5976,0.000765,-0.000765,7/29/25,2025-07,7/29/25
L 98-59 c,L 98-59,0,1,5,Transit,2019,Transiting Exoplanet Survey Satellite (TESS),Published Confirmed,0,<a refstr=KOKORI_ET_AL__2023 href=https://ui.adsabs.harvard.edu/abs/2023ApJS..265....4K/abstract target=ref>Kokori et al. 2023</a>,3.6906716,0.0000015,-0.0000015,0,,,,,,,,,,,,,,,,,,,,,,0.103,0.045,-0.058,0,,,,,,,,,1,<a refstr=KOSTOV_ET_AL__2019 href=https://ui.adsabs.harvard.edu/abs/2019AJ....158...32K/abstract target=ref>Kostov et al. 2019</a>,M3 V,3367,150,-150,0,0.312,0.014,-0.014,0,0.313,0.014,-0.014,0,-0.5,0.5,-0.5,0,[Fe/H],,,,,<a refstr=STASSUN_ET_AL__2019 href=https://ui.adsabs.harvard.edu/abs/2019AJ....158..138S/abstract target=ref>TICv8</a>,08h18m07.89s,124.5328604,-68d18m52.08s,-68.3144658,10.6194,0.0032,-0.0032,11.685,0.017,-0.017,7.101,0.018,-0.018,10.5976,0.000765,-0.000765,3/4/24,2023-03,3/4/24
L 98-59 c,L 98-59,0,1,5,Transit,2019,Transiting Exoplanet Survey Satellite (TESS),TESS Project Candidate,0,<a refstr=EXOFOP_TESS_TOI href=https://exofop.ipac.caltech.edu/tess/view_toi.php target=ref>ExoFOP-TESS TOI</a>,3.690675858,0.000001008,-0.000001008,0,,,,,1.36751,0.0448017,-0.0448017,0,0.12200128,0.00399695,-0.00399695,0,,,,,,,,,,,,,,8.774,,,0,479,,,0,1,<a refstr=EXOFOP_TESS_TOI href=https://exofop.ipac.caltech.edu/tess/view_toi.php target=ref>ExoFOP-TESS TOI</a>,,3469,68,-68,0,0.31,0.01,-0.01,0,,,,,,,,,,4.9401,0.058929,-0.058929,0,<a refstr=STASSUN_ET_AL__2019 href=https://ui.adsabs.harvard.edu/abs/2019AJ....158..138S/abstract target=ref>TICv8</a>,08h18m07.89s,124.5328604,-68d18m52.08s,-68.3144658,10.6194,0.0032,-0.0032,11.685,0.017,-0.017,7.101,0.018,-0.018,10.5976,0.000765,-0.000765,7/29/25,2017-07,5/15/23
L 98-59 c,L 98-59,0,1,5,Transit,2019,Transiting Exoplanet Survey Satellite (TESS),Published Confirmed,0,<a refstr=DEMANGEON_ET_AL__2021 href=https://ui.adsabs.harvard.edu/abs/2021A&A...653A..41D/abstract target=ref>Demangeon et al. 2021</a>,3.6906777,0.0000016,-0.0000026,0,0.0304,0.0011,-0.0012,0,1.385,0.095,-0.075,0,0.12356164,0.00847535,-0.00669106,0,2.22,0.26,-0.25,0,0.0069849,0.00081805,-0.00078659,0,Mass,0.103,0.045,-0.058,0,12.8,2.6,-2.1,0,553,27,-26,0,1,<a refstr=DEMANGEON_ET_AL__2021 href=https://ui.adsabs.harvard.edu/abs/2021A&A...653A..41D/abstract target=ref>Demangeon et al. 2021</a>,M3 V,3415,135,-135,0,0.303,0.026,-0.023,0,0.273,0.03,-0.03,0,-0.46,0.26,-0.26,0,[Fe/H],4.86,0.13,-0.13,0,<a refstr=STASSUN_ET_AL__2019 href=https://ui.adsabs.harvard.edu/abs/2019AJ....158..138S/abstract target=ref>TICv8</a>,08h18m07.89s,124.5328604,-68d18m52.08s,-68.3144658,10.6194,0.0032,-0.0032,11.685,0.017,-0.017,7.101,0.018,-0.018,10.5976,0.000765,-0.000765,8/23/21,2021-09,8/23/21
L 98-59 c,L 98-59,0,1,5,Transit,2019,Transiting Exoplanet Survey Satellite (TESS),Published Confirmed,0,<a refstr=LUQUE__AMP__PALL_EACUTE__2022 href=https://ui.adsabs.harvard.edu/abs/2022Sci...377.1211L/abstract target=ref>Luque &amp; Pall&eacute; 2022</a>,3.6906745,0.0000025,-0.0000025,0,,,,,1.34,0.07,-0.07,0,0.119547,0.00624499,-0.00624499,0,2.42,0.35,-0.34,0,0.00761417,0.00110122,-0.00106976,0,Mass,0,,,0,,,,,,,,,1,<a refstr=CLOUTIER_ET_AL__2019 href=https://ui.adsabs.harvard.edu/abs/2019A&A...629A.111C/abstract target=ref>Cloutier et al. 2019</a>,M3 V,3412,49,-49,0,0.314,0.014,-0.014,0,0.312,0.031,-0.031,0,-0.5,0.5,-0.5,0,[Fe/H],4.94,0.06,-0.06,0,<a refstr=STASSUN_ET_AL__2019 href=https://ui.adsabs.harvard.edu/abs/2019AJ....158..138S/abstract target=ref>TICv8</a>,08h18m07.89s,124.5328604,-68d18m52.08s,-68.3144658,10.6194,0.0032,-0.0032,11.685,0.017,-0.017,7.101,0.018,-0.018,10.5976,0.000765,-0.000765,7/10/23,2022-09,7/10/23
L 98-59 d,L 98-59,0,1,5,Transit,2019,Transiting Exoplanet Survey Satellite (TESS),TESS Project Candidate,0,<a refstr=EXOFOP_TESS_TOI href=https://exofop.ipac.caltech.edu/tess/view_toi.php target=ref>ExoFOP-TESS TOI</a>,7.4507305,0.0000032,-0.0000032,0,,,,,3.04528,0.856434,-0.856434,0,0.27168215,0.07640606,-0.07640606,0,,,,,,,,,,,,,,1.9606,,,0,329,,,0,1,<a refstr=EXOFOP_TESS_TOI href=https://exofop.ipac.caltech.edu/tess/view_toi.php target=ref>ExoFOP-TESS TOI</a>,,3469,68,-68,0,0.31,0.01,-0.01,0,,,,,,,,,,4.9401,0.058929,-0.058929,0,<a refstr=STASSUN_ET_AL__2019 href=https://ui.adsabs.harvard.edu/abs/2019AJ....158..138S/abstract target=ref>TICv8</a>,08h18m07.89s,124.5328604,-68d18m52.08s,-68.3144658,10.6194,0.0032,-0.0032,11.685,0.017,-0.017,7.101,0.018,-0.018,10.5976,0.000765,-0.000765,5/15/23,2017-07,5/15/23
L 98-59 d,L 98-59,0,1,5,Transit,2019,Transiting Exoplanet Survey Satellite (TESS),Published Confirmed,0,<a refstr=CLOUTIER_ET_AL__2019 href=https://ui.adsabs.harvard.edu/abs/2019A&A...629A.111C/abstract target=ref>Cloutier et al. 2019</a>,7.4512,0.0007,-0.0007,0,0.0506,0.0002,-0.0002,0,1.57,0.14,-0.14,0,0.14006602,0.01248996,-0.01248996,0,2.31,0.46,-0.45,0,0.00726804,0.00144731,-0.00141585,0,Mass,0.09,,,1,,,,,409,8,-8,0,1,<a refstr=CLOUTIER_ET_AL__2019 href=https://ui.adsabs.harvard.edu/abs/2019A&A...629A.111C/abstract target=ref>Cloutier et al. 2019</a>,M3 V,3412,49,-49,0,0.314,0.014,-0.014,0,0.312,0.031,-0.031,0,-0.5,0.5,-0.5,0,[Fe/H],4.94,0.06,-0.06,0,<a refstr=STASSUN_ET_AL__2019 href=https://ui.adsabs.harvard.edu/abs/2019AJ....158..138S/abstract target=ref>TICv8</a>,08h18m07.89s,124.5328604,-68d18m52.08s,-68.3144658,10.6194,0.0032,-0.0032,11.685,0.017,-0.017,7.101,0.018,-0.018,10.5976,0.000765,-0.000765,4/10/20,2019-09,4/16/20
L 98-59 d,L 98-59,0,1,5,Transit,2019,Transiting Exoplanet Survey Satellite (TESS),Published Confirmed,0,<a refstr=RAJPAUL_ET_AL__2024 href=https://ui.adsabs.harvard.edu/abs/2024MNRAS.530.4665R/abstract target=ref>Rajpaul et al. 2024</a>,,,,,,,,,,,,,,,,,2.14,0.25,-0.29,0,0.00673319,0.00078659,-0.00091244,0,Mass,0.098,0.027,-0.096,0,,,,,,,,,1,<a refstr=RAJPAUL_ET_AL__2024 href=https://ui.adsabs.harvard.edu/abs/2024MNRAS.530.4665R/abstract target=ref>Rajpaul et al. 2024</a>,,,,,,,,,,,,,,,,,,,,,,,<a refstr=STASSUN_ET_AL__2019 href=https://ui.adsabs.harvard.edu/abs/2019AJ....158..138S/abstract target=ref>TICv8</a>,08h18m07.89s,124.5328604,-68d18m52.08s,-68.3144658,10.6194,0.0032,-0.0032,11.685,0.017,-0.017,7.101,0.018,-0.018,10.5976,0.000765,-0.000765,6/10/24,2024-06,6/10/24
L 98-59 d,L 98-59,0,1,5,Transit,2019,Transiting Exoplanet Survey Satellite (TESS),Published Confirmed,0,<a refstr=KOSTOV_ET_AL__2019 href=https://ui.adsabs.harvard.edu/abs/2019AJ....158...32K/abstract target=ref>Kostov et al. 2019</a>,7.45086,0.00004,-0.00005,0,0.052,0.004,-0.004,0,1.57,0.14,-0.14,0,0.14006602,0.01248996,-0.01248996,0,,,,,,,,,,0.2,0.32,-0.16,0,4.85,1.08,-0.89,0,,,,,1,<a refstr=KOSTOV_ET_AL__2019 href=https://ui.adsabs.harvard.edu/abs/2019AJ....158...32K/abstract target=ref>Kostov et al. 2019</a>,M3 V,3367,150,-150,0,0.312,0.014,-0.014,0,0.313,0.014,-0.014,0,-0.5,0.5,-0.5,0,[Fe/H],,,,,<a refstr=STASSUN_ET_AL__2019 href=https://ui.adsabs.harvard.edu/abs/2019AJ....158..138S/abstract target=ref>TICv8</a>,08h18m07.89s,124.5328604,-68d18m52.08s,-68.3144658,10.6194,0.0032,-0.0032,11.685,0.017,-0.017,7.101,0.018,-0.018,10.5976,0.000765,-0.000765,4/10/20,2019-07,6/13/19
L 98-59 d,L 98-59,0,1,5,Transit,2019,Transiting Exoplanet Survey Satellite (TESS),Published Confirmed,0,<a refstr=KOKORI_ET_AL__2023 href=https://ui.adsabs.harvard.edu/abs/2023ApJS..265....4K/abstract target=ref>Kokori et al. 2023</a>,7.450737,0.0000054,-0.0000054,0,,,,,,,,,,,,,,,,,,,,,,0.074,0.057,-0.046,0,,,,,,,,,1,<a refstr=KOSTOV_ET_AL__2019 href=https://ui.adsabs.harvard.edu/abs/2019AJ....158...32K/abstract target=ref>Kostov et al. 2019</a>,M3 V,3367,150,-150,0,0.312,0.014,-0.014,0,0.313,0.014,-0.014,0,-0.5,0.5,-0.5,0,[Fe/H],,,,,<a refstr=STASSUN_ET_AL__2019 href=https://ui.adsabs.harvard.edu/abs/2019AJ....158..138S/abstract target=ref>TICv8</a>,08h18m07.89s,124.5328604,-68d18m52.08s,-68.3144658,10.6194,0.0032,-0.0032,11.685,0.017,-0.017,7.101,0.018,-0.018,10.5976,0.000765,-0.000765,3/4/24,2023-03,3/4/24
L 98-59 d,L 98-59,1,1,5,Transit,2019,Transiting Exoplanet Survey Satellite (TESS),Published Confirmed,0,<a refstr=CADIEUX_ET_AL__2025 href=https://ui.adsabs.harvard.edu/abs/2025arXiv250709343C/abstract target=ref>Cadieux et al. 2025</a>,7.450729,0.000002,-0.000002,0,0.0494,0.0016,-0.0016,0,1.627,0.041,-0.041,0,0.14515147,0.00365778,-0.00365778,0,1.64,0.07,-0.07,0,0.00516002,0.00022024,-0.00022024,0,Mass,0.006,0.007,-0.004,0,4.97,0.52,-0.52,0,416,9,-9,0,1,<a refstr=CADIEUX_ET_AL__2025 href=https://ui.adsabs.harvard.edu/abs/2025arXiv250709343C/abstract target=ref>Cadieux et al. 2025</a>,M3 V,3415,60,-60,0,0.3155,0.0062,-0.0062,0,0.2923,0.0067,-0.0067,0,-0.46,0.26,-0.26,0,[Fe/H],4.91,0.02,-0.02,0,<a refstr=STASSUN_ET_AL__2019 href=https://ui.adsabs.harvard.edu/abs/2019AJ....158..138S/abstract target=ref>TICv8</a>,08h18m07.89s,124.5328604,-68d18m52.08s,-68.3144658,10.6194,0.0032,-0.0032,11.685,0.017,-0.017,7.101,0.018,-0.018,10.5976,0.000765,-0.000765,7/29/25,2025-07,7/29/25
L 98-59 d,L 98-59,0,1,5,Transit,2019,Transiting Exoplanet Survey Satellite (TESS),Published Confirmed,0,<a refstr=LUQUE__AMP__PALL_EACUTE__2022 href=https://ui.adsabs.harvard.edu/abs/2022Sci...377.1211L/abstract target=ref>Luque &amp; Pall&eacute; 2022</a>,7.450729,0.000006,-0.000006,0,,,,,1.58,0.08,-0.08,0,0.1409584,0.00713713,-0.00713713,0,2.31,0.46,-0.45,0,0.00726807,0.00144732,-0.00141586,0,Mass,0,,,0,,,,,,,,,1,<a refstr=CLOUTIER_ET_AL__2019 href=https://ui.adsabs.harvard.edu/abs/2019A&A...629A.111C/abstract target=ref>Cloutier et al. 2019</a>,M3 V,3412,49,-49,0,0.314,0.014,-0.014,0,0.312,0.031,-0.031,0,-0.5,0.5,-0.5,0,[Fe/H],4.94,0.06,-0.06,0,<a refstr=STASSUN_ET_AL__2019 href=https://ui.adsabs.harvard.edu/abs/2019AJ....158..138S/abstract target=ref>TICv8</a>,08h18m07.89s,124.5328604,-68d18m52.08s,-68.3144658,10.6194,0.0032,-0.0032,11.685,0.017,-0.017,7.101,0.018,-0.018,10.5976,0.000765,-0.000765,7/10/23,2022-09,7/10/23
L 98-59 d,L 98-59,0,1,5,Transit,2019,Transiting Exoplanet Survey Satellite (TESS),Published Confirmed,0,<a refstr=DEMANGEON_ET_AL__2021 href=https://ui.adsabs.harvard.edu/abs/2021A&A...653A..41D/abstract target=ref>Demangeon et al. 2021</a>,7.4507245,0.0000081,-0.0000046,0,0.0486,0.0018,-0.0019,0,1.521,0.119,-0.098,0,0.13569476,0.01061649,-0.00874299,0,1.94,0.28,-0.28,0,0.00610392,0.00088098,-0.00088098,0,Mass,0.074,0.057,-0.046,0,5.01,1.02,-0.83,0,416,20,-20,0,1,<a refstr=DEMANGEON_ET_AL__2021 href=https://ui.adsabs.harvard.edu/abs/2021A&A...653A..41D/abstract target=ref>Demangeon et al. 2021</a>,M3 V,3415,135,-135,0,0.303,0.026,-0.023,0,0.273,0.03,-0.03,0,-0.46,0.26,-0.26,0,[Fe/H],4.86,0.13,-0.13,0,<a refstr=STASSUN_ET_AL__2019 href=https://ui.adsabs.harvard.edu/abs/2019AJ....158..138S/abstract target=ref>TICv8</a>,08h18m07.89s,124.5328604,-68d18m52.08s,-68.3144658,10.6194,0.0032,-0.0032,11.685,0.017,-0.017,7.101,0.018,-0.018,10.5976,0.000765,-0.000765,8/23/21,2021-09,8/23/21
LHS 3844 b,LHS 3844,1,1,1,Transit,2019,Transiting Exoplanet Survey Satellite (TESS),Published Confirmed,0,<a refstr=VANDERSPEK_ET_AL__2019 href=https://ui.adsabs.harvard.edu/abs/2019ApJ...871L..24V/abstract target=ref>Vanderspek et al. 2019</a>,0.46292913,0.0000019,-0.0000019,0,0.00622,0.00017,-0.00017,0,1.303,0.022,-0.022,0,0.11624587,0.00196271,-0.00196271,0,,,,,,,,,,,,,,70.1,0.5,-0.5,0,805,20,-20,0,0,<a refstr=VANDERSPEK_ET_AL__2019 href=https://ui.adsabs.harvard.edu/abs/2019ApJ...871L..24V/abstract target=ref>Vanderspek et al. 2019</a>,M5,3036,77,-77,0,0.189,0.006,-0.006,0,0.151,0.014,-0.014,0,,,,,,5.06,0.01,-0.01,0,<a refstr=STASSUN_ET_AL__2019 href=https://ui.adsabs.harvard.edu/abs/2019AJ....158..138S/abstract target=ref>TICv8</a>,22h41m59.09s,340.4962038,-69d10m19.59s,-69.1721081,14.8846,0.0113,-0.0113,15.24,0.032,-0.032,9.145001,0.023,-0.023,13.3925,0.000738,-0.000738,1/22/19,2019-02,1/24/19
LHS 3844 b,LHS 3844,0,1,1,Transit,2019,Transiting Exoplanet Survey Satellite (TESS),TESS Project Candidate,0,<a refstr=EXOFOP_TESS_TOI href=https://exofop.ipac.caltech.edu/tess/view_toi.php target=ref>ExoFOP-TESS TOI</a>,0.462884405,1.52249E-05,-1.52249E-05,0,,,,,1.35432368,0.18157507,-0.18157507,0,0.12082487,0.01619907,-0.01619907,0,,,,,,,,,,,,,,64.7181,,,0,723.4,,,0,0,<a refstr=EXOFOP_TESS_TOI href=https://exofop.ipac.caltech.edu/tess/view_toi.php target=ref>ExoFOP-TESS TOI</a>,,3043,63,-63,0,0.188624,0.00571,-0.00571,0,,,,,,,,,,5.09707,0.426694,-0.426694,0,<a refstr=STASSUN_ET_AL__2019 href=https://ui.adsabs.harvard.edu/abs/2019AJ....158..138S/abstract target=ref>TICv8</a>,22h41m59.09s,340.4962038,-69d10m19.59s,-69.1721081,14.8846,0.0113,-0.0113,15.24,0.032,-0.032,9.145001,0.023,-0.023,13.3925,0.000738,-0.000738,8/8/22,2017-07,8/8/22
LHS 3844 b,LHS 3844,0,1,1,Transit,2019,Transiting Exoplanet Survey Satellite (TESS),Published Confirmed,0,<a refstr=KOKORI_ET_AL__2023 href=https://ui.adsabs.harvard.edu/abs/2023ApJS..265....4K/abstract target=ref>Kokori et al. 2023</a>,0.46292964,0.00000033,-0.00000033,0,,,,,,,,,,,,,,,,,,,,,,,,,,,,,,,,,,0,<a refstr=VANDERSPEK_ET_AL__2019 href=https://ui.adsabs.harvard.edu/abs/2019ApJ...871L..24V/abstract target=ref>Vanderspek et al. 2019</a>,M5,3036,77,-77,0,0.189,0.006,-0.006,0,0.151,0.014,-0.014,0,,,,,,5.06,0.01,-0.01,0,<a refstr=STASSUN_ET_AL__2019 href=https://ui.adsabs.harvard.edu/abs/2019AJ....158..138S/abstract target=ref>TICv8</a>,22h41m59.09s,340.4962038,-69d10m19.59s,-69.1721081,14.8846,0.0113,-0.0113,15.24,0.032,-0.032,9.145001,0.023,-0.023,13.3925,0.000738,-0.000738,3/4/24,2023-03,3/4/24
LHS 3844 b,LHS 3844,0,1,1,Transit,2019,Transiting Exoplanet Survey Satellite (TESS),Published Confirmed,0,<a refstr=PATEL__AMP__ESPINOZA_2022 href=https://ui.adsabs.harvard.edu/abs/2022AJ....163..228P/abstract target=ref>Patel &amp; Espinoza 2022</a>,0.4629296,0.0000001,-0.0000001,0,,,,,,,,,,,,,,,,,,,,,,,,,,,,,,,,,,0,<a refstr=VANDERSPEK_ET_AL__2019 href=https://ui.adsabs.harvard.edu/abs/2019ApJ...871L..24V/abstract target=ref>Vanderspek et al. 2019</a>,M5,3036,77,-77,0,0.189,0.006,-0.006,0,0.151,0.014,-0.014,0,,,,,,5.06,0.01,-0.01,0,<a refstr=STASSUN_ET_AL__2019 href=https://ui.adsabs.harvard.edu/abs/2019AJ....158..138S/abstract target=ref>TICv8</a>,22h41m59.09s,340.4962038,-69d10m19.59s,-69.1721081,14.8846,0.0113,-0.0113,15.24,0.032,-0.032,9.145001,0.023,-0.023,13.3925,0.000738,-0.000738,5/3/22,2022-05,5/3/22
LP 791-18 b,LP 791-18,1,1,3,Transit,2019,Transiting Exoplanet Survey Satellite (TESS),Published Confirmed,0,<a refstr=PETERSON_ET_AL__2023 href=https://www.nature.com/articles/s41586-023-05934-8 target=ref>Peterson et al. 2023</a>,0.9479981,0.0000021,-0.0000021,0,0.00978,0.00012,-0.00012,0,1.212,0.059,-0.058,0,0.10812758,0.00526364,-0.00517442,0,,,,,,,,,,,,,,24.14,0.61,-0.57,0,564.3,3.5,-3.4,0,0,<a refstr=PETERSON_ET_AL__2023 href=https://www.nature.com/articles/s41586-023-05934-8 target=ref>Peterson et al. 2023</a>,M(6.1 +/- 0.7) V,2960,55,-55,0,0.182,0.007,-0.007,0,0.139,0.005,-0.005,0,-0.09,0.19,-0.19,0,[Fe/H],5.115,0.094,-0.094,0,<a refstr=STASSUN_ET_AL__2019 href=https://ui.adsabs.harvard.edu/abs/2019AJ....158..138S/abstract target=ref>TICv8</a>,11h02m45.72s,165.6904843,-16d24m23.20s,-16.4064445,26.4927,0.064,-0.0638,16.91,0.2,-0.2,10.644,0.023,-0.023,15.0715,0.001324,-0.001324,5/14/23,2023-05,5/14/23
LP 791-18 b,LP 791-18,0,1,3,Transit,2019,Transiting Exoplanet Survey Satellite (TESS),Published Confirmed,0,<a refstr=CROSSFIELD_ET_AL__2019 href=https://ui.adsabs.harvard.edu/abs/2019ApJ...883L..16C/abstract target=ref>Crossfield et al. 2019</a>,0.948005,0.0000058,-0.0000058,0,0.00969,0.00032,-0.00035,0,1.12,0.13,-0.13,0,0.09991971,0.01159782,-0.01159782,0,,,,,,,,,,0,,,0,21.5,5.4,-4.6,0,650,120,-120,0,0,<a refstr=CROSSFIELD_ET_AL__2019 href=https://ui.adsabs.harvard.edu/abs/2019ApJ...883L..16C/abstract target=ref>Crossfield et al. 2019</a>,M(6.1+/-0.7) V,2960,55,-55,0,0.171,0.018,-0.018,0,0.139,0.005,-0.005,0,-0.09,0.19,-0.19,0,[Fe/H],5.115,0.094,-0.094,0,<a refstr=STASSUN_ET_AL__2019 href=https://ui.adsabs.harvard.edu/abs/2019AJ....158..138S/abstract target=ref>TICv8</a>,11h02m45.72s,165.6904843,-16d24m23.20s,-16.4064445,26.4927,0.064,-0.0638,16.91,0.2,-0.2,10.644,0.023,-0.023,15.0715,0.001324,-0.001324,11/1/19,2019-09,11/7/19
LP 791-18 b,LP 791-18,0,1,3,Transit,2019,Transiting Exoplanet Survey Satellite (TESS),TESS Project Candidate,0,<a refstr=EXOFOP_TESS_TOI href=https://exofop.ipac.caltech.edu/tess/view_toi.php target=ref>ExoFOP-TESS TOI</a>,0.947994544,1.38934E-05,-1.38934E-05,0,,,,,1.19263921,0.47840133,-0.47840133,0,0.10640033,0.04268018,-0.04268018,0,,,,,,,,,,,,,,20.5198,,,0,542.83,,,0,0,<a refstr=EXOFOP_TESS_TOI href=https://exofop.ipac.caltech.edu/tess/view_toi.php target=ref>ExoFOP-TESS TOI</a>,,2940,67,-67,0,0.17143,0.005189,-0.005189,0,,,,,,,,,,5.14315,0.410207,-0.410207,0,<a refstr=STASSUN_ET_AL__2019 href=https://ui.adsabs.harvard.edu/abs/2019AJ....158..138S/abstract target=ref>TICv8</a>,11h02m45.72s,165.6904843,-16d24m23.20s,-16.4064445,26.4927,0.064,-0.0638,16.91,0.2,-0.2,10.644,0.023,-0.023,15.0715,0.001324,-0.001324,1/22/24,2017-07,1/22/24
LP 791-18 c,LP 791-18,0,1,3,Transit,2019,Transiting Exoplanet Survey Satellite (TESS),Published Confirmed,0,<a refstr=KOKORI_ET_AL__2023 href=https://ui.adsabs.harvard.edu/abs/2023ApJS..265....4K/abstract target=ref>Kokori et al. 2023</a>,4.9899054,0.0000026,-0.0000026,0,,,,,,,,,,,,,,,,,,,,,,,,,,,,,,,,,,0,<a refstr=CROSSFIELD_ET_AL__2019 href=https://ui.adsabs.harvard.edu/abs/2019ApJ...883L..16C/abstract target=ref>Crossfield et al. 2019</a>,M(6.1+/-0.7) V,2960,55,-55,0,0.171,0.018,-0.018,0,0.139,0.005,-0.005,0,-0.09,0.19,-0.19,0,[Fe/H],5.115,0.094,-0.094,0,<a refstr=STASSUN_ET_AL__2019 href=https://ui.adsabs.harvard.edu/abs/2019AJ....158..138S/abstract target=ref>TICv8</a>,11h02m45.72s,165.6904843,-16d24m23.20s,-16.4064445,26.4927,0.064,-0.0638,16.91,0.2,-0.2,10.644,0.023,-0.023,15.0715,0.001324,-0.001324,3/4/24,2023-03,3/4/24
LP 791-18 c,LP 791-18,0,1,3,Transit,2019,Transiting Exoplanet Survey Satellite (TESS),Published Confirmed,0,<a refstr=CROSSFIELD_ET_AL__2019 href=https://ui.adsabs.harvard.edu/abs/2019ApJ...883L..16C/abstract target=ref>Crossfield et al. 2019</a>,4.989963,0.00005,-0.00005,0,0.029392,0.00098,-0.00105,0,2.31,0.25,-0.25,0,0.2060844,0.02230351,-0.02230351,0,,,,,,,,,,0,,,0,2.35,0.59,-0.51,0,370,30,-30,0,0,<a refstr=CROSSFIELD_ET_AL__2019 href=https://ui.adsabs.harvard.edu/abs/2019ApJ...883L..16C/abstract target=ref>Crossfield et al. 2019</a>,M(6.1+/-0.7) V,2960,55,-55,0,0.171,0.018,-0.018,0,0.139,0.005,-0.005,0,-0.09,0.19,-0.19,0,[Fe/H],5.115,0.094,-0.094,0,<a refstr=STASSUN_ET_AL__2019 href=https://ui.adsabs.harvard.edu/abs/2019AJ....158..138S/abstract target=ref>TICv8</a>,11h02m45.72s,165.6904843,-16d24m23.20s,-16.4064445,26.4927,0.064,-0.0638,16.91,0.2,-0.2,10.644,0.023,-0.023,15.0715,0.001324,-0.001324,11/1/19,2019-09,11/7/19
LP 791-18 c,LP 791-18,0,1,3,Transit,2019,Transiting Exoplanet Survey Satellite (TESS),TESS Project Candidate,0,<a refstr=EXOFOP_TESS_TOI href=https://exofop.ipac.caltech.edu/tess/view_toi.php target=ref>ExoFOP-TESS TOI</a>,4.989917579,5.59993E-06,-5.59993E-06,0,,,,,2.9858436,1.2432178,-1.2432178,0,0.26637958,0.11091265,-0.11091265,0,,,,,,,,,,,,,,2.2411,,,0,312.06,,,0,0,<a refstr=EXOFOP_TESS_TOI href=https://exofop.ipac.caltech.edu/tess/view_toi.php target=ref>ExoFOP-TESS TOI</a>,,2940,67,-67,0,0.17143,0.005189,-0.005189,0,,,,,,,,,,5.14315,0.410207,-0.410207,0,<a refstr=STASSUN_ET_AL__2019 href=https://ui.adsabs.harvard.edu/abs/2019AJ....158..138S/abstract target=ref>TICv8</a>,11h02m45.72s,165.6904843,-16d24m23.20s,-16.4064445,26.4927,0.064,-0.0638,16.91,0.2,-0.2,10.644,0.023,-0.023,15.0715,0.001324,-0.001324,2/16/24,2017-07,2/16/24
LP 791-18 c,LP 791-18,1,1,3,Transit,2019,Transiting Exoplanet Survey Satellite (TESS),Published Confirmed,0,<a refstr=PETERSON_ET_AL__2023 href=https://www.nature.com/articles/s41586-023-05934-8 target=ref>Peterson et al. 2023</a>,4.9899093,0.0000074,-0.0000072,0,0.02961,0.00035,-0.00036,0,2.438,0.096,-0.096,0,0.21750417,0.00856456,-0.00856456,0,7.1,0.7,-0.7,0,0.0223391,0.00220245,-0.00220245,0,Mass,0.00008,0.00004,-0.00004,0,2.637,0.066,-0.062,0,324.4,2,-1.9,0,0,<a refstr=PETERSON_ET_AL__2023 href=https://www.nature.com/articles/s41586-023-05934-8 target=ref>Peterson et al. 2023</a>,M(6.1 +/- 0.7) V,2960,55,-55,0,0.182,0.007,-0.007,0,0.139,0.005,-0.005,0,-0.09,0.19,-0.19,0,[Fe/H],5.115,0.094,-0.094,0,<a refstr=STASSUN_ET_AL__2019 href=https://ui.adsabs.harvard.edu/abs/2019AJ....158..138S/abstract target=ref>TICv8</a>,11h02m45.72s,165.6904843,-16d24m23.20s,-16.4064445,26.4927,0.064,-0.0638,16.91,0.2,-0.2,10.644,0.023,-0.023,15.0715,0.001324,-0.001324,5/14/23,2023-05,5/14/23
LSPM J2116+0234 b,LSPM J2116+0234,1,1,1,Radial Velocity,2019,Calar Alto Observatory,Published Confirmed,0,<a refstr=LALITHA_ET_AL__2019 href=https://ui.adsabs.harvard.edu/abs/2019A&A...627A.116L/abstract target=ref>Lalitha et al. 2019</a>,14.4399,0.0078,-0.0087,0,0.0876,0.0022,-0.0021,0,,,,,,,,,13.3,1,-1.1,0,0.04184627,0.00314634,-0.00346097,0,Msini,0.183,0.062,-0.063,0,,,,,,,,,0,<a refstr=LALITHA_ET_AL__2019 href=https://ui.adsabs.harvard.edu/abs/2019A&A...627A.116L/abstract target=ref>Lalitha et al. 2019</a>,M3.0 V,3475,51,-51,0,0.431,0.015,-0.015,0,0.43,0.031,-0.031,0,-0.05,0.16,-0.16,0,[Fe/H],4.95,0.07,-0.07,0,<a refstr=STASSUN_ET_AL__2019 href=https://ui.adsabs.harvard.edu/abs/2019AJ....158..138S/abstract target=ref>TICv8</a>,21h16m27.54s,319.1147513,+02d34m50.78s,2.5807711,17.6297,0.01865,-0.01865,11.961,0.078,-0.078,7.324,0.027,-0.027,10.8595,0.000753,-0.000753,6/7/19,2019-07,6/13/19
LTT 1445 A b,LTT 1445 A,0,3,2,Transit,2019,Transiting Exoplanet Survey Satellite (TESS),Published Confirmed,0,<a refstr=KOKORI_ET_AL__2023 href=https://ui.adsabs.harvard.edu/abs/2023ApJS..265....4K/abstract target=ref>Kokori et al. 2023</a>,5.358777,0.000011,-0.000011,0,,,,,,,,,,,,,,,,,,,,,,0.19,0.35,-0.14,0,,,,,,,,,0,<a refstr=WINTERS_ET_AL__2019 href=https://ui.adsabs.harvard.edu/abs/2019AJ....158..152W/abstract target=ref>Winters et al. 2019</a>,,3337,150,-150,0,0.276,0.024,-0.019,0,0.256,0.014,-0.014,0,-0.34,0.08,-0.08,0,[Fe/H],4.967,0.061,-0.075,0,<a refstr=STASSUN_ET_AL__2019 href=https://ui.adsabs.harvard.edu/abs/2019AJ....158..138S/abstract target=ref>TICv8</a>,03h01m50.99s,45.4624781,-16d35m40.18s,-16.5944956,6.86929,0.003805,-0.003805,10.59,0.046,-0.046,6.496,0.021,-0.021,10.0469,0.001234,-0.001234,3/4/24,2023-03,3/4/24
LTT 1445 A b,LTT 1445 A,0,3,2,Transit,2019,Transiting Exoplanet Survey Satellite (TESS),Published Confirmed,0,<a refstr=WINTERS_ET_AL__2019 href=https://ui.adsabs.harvard.edu/abs/2019AJ....158..152W/abstract target=ref>Winters et al. 2019</a>,5.35882,0.0003,-0.00031,0,0.03807,0.00068,-0.00071,0,1.38,0.13,-0.12,0,0.12311535,0.01159782,-0.01070568,0,2.2,1.7,-2.1,0,0.00692194,0.00534877,-0.00660731,0,Mass,0.19,0.35,-0.14,0,,,,,433,28,-27,0,0,<a refstr=WINTERS_ET_AL__2019 href=https://ui.adsabs.harvard.edu/abs/2019AJ....158..152W/abstract target=ref>Winters et al. 2019</a>,,3337,150,-150,0,0.276,0.024,-0.019,0,0.256,0.014,-0.014,0,-0.34,0.08,-0.08,0,[Fe/H],4.967,0.061,-0.075,0,<a refstr=STASSUN_ET_AL__2019 href=https://ui.adsabs.harvard.edu/abs/2019AJ....158..138S/abstract target=ref>TICv8</a>,03h01m50.99s,45.4624781,-16d35m40.18s,-16.5944956,6.86929,0.003805,-0.003805,10.59,0.046,-0.046,6.496,0.021,-0.021,10.0469,0.001234,-0.001234,8/9/19,2019-10,8/15/19
LTT 1445 A b,LTT 1445 A,0,3,2,Transit,2019,Transiting Exoplanet Survey Satellite (TESS),Published Confirmed,0,<a refstr=ODDO_ET_AL__2023 href=https://ui.adsabs.harvard.edu/abs/2023AJ....165..134O/abstract target=ref>Oddo et al. 2023</a>,5.35876,0.00001,-0.00001,0,0.022,0.003,-0.003,0,1.18,0.06,-0.06,0,0.10527273,0.00535285,-0.00535285,0,,,,,,,,,,,,,,,,,,555,48,-48,0,0,<a refstr=ODDO_ET_AL__2023 href=https://ui.adsabs.harvard.edu/abs/2023AJ....165..134O/abstract target=ref>Oddo et al. 2023</a>,M3.0,3340,150,-150,0,0.265,0.011,-0.011,0,0.257,0.014,-0.014,0,-0.34,0.09,-0.09,0,[Fe/H],,,,,<a refstr=STASSUN_ET_AL__2019 href=https://ui.adsabs.harvard.edu/abs/2019AJ....158..138S/abstract target=ref>TICv8</a>,03h01m50.99s,45.4624781,-16d35m40.18s,-16.5944956,6.86929,0.003805,-0.003805,10.59,0.046,-0.046,6.496,0.021,-0.021,10.0469,0.001234,-0.001234,8/22/23,2023-03,8/22/23
LTT 1445 A b,LTT 1445 A,0,3,2,Transit,2019,Transiting Exoplanet Survey Satellite (TESS),Published Confirmed,0,<a refstr=WINTERS_ET_AL__2021 href=https://ui.adsabs.harvard.edu/abs/2021arXiv210714737W/abstract target=ref>Winters et al. 2021</a>,5.3587657,0.0000043,-0.0000042,0,0.03813,0.00068,-0.0007,0,1.305,0.066,-0.061,0,0.1164245,0.00588814,-0.00544206,0,2.87,0.26,-0.25,0,0.00903003,0.00081805,-0.00078659,0,Mass,0.11,,,1,5.4,1.2,-1,0,424,21,-21,0,0,<a refstr=WINTERS_ET_AL__2021 href=https://ui.adsabs.harvard.edu/abs/2021arXiv210714737W/abstract target=ref>Winters et al. 2021</a>,,3340,150,-150,0,0.265,0.011,-0.01,0,0.257,0.014,-0.014,0,-0.34,0.09,-0.09,0,[Fe/H],,,,,<a refstr=STASSUN_ET_AL__2019 href=https://ui.adsabs.harvard.edu/abs/2019AJ....158..138S/abstract target=ref>TICv8</a>,03h01m50.99s,45.4624781,-16d35m40.18s,-16.5944956,6.86929,0.003805,-0.003805,10.59,0.046,-0.046,6.496,0.021,-0.021,10.0469,0.001234,-0.001234,1/24/22,2021-07,1/24/22
LTT 1445 A b,LTT 1445 A,0,3,2,Transit,2019,Transiting Exoplanet Survey Satellite (TESS),TESS Project Candidate,0,<a refstr=EXOFOP_TESS_TOI href=https://exofop.ipac.caltech.edu/tess/view_toi.php target=ref>ExoFOP-TESS TOI</a>,5.358775952,7.54897E-06,-7.54897E-06,0,,,,,1.44541541,0.29846486,-0.29846486,0,0.12895155,0.0266273,-0.0266273,0,,,,,,,,,,,,,,6.2796,,,0,403.74,,,0,0,<a refstr=EXOFOP_TESS_TOI href=https://exofop.ipac.caltech.edu/tess/view_toi.php target=ref>ExoFOP-TESS TOI</a>,,3562,83,-83,0,0.275953,0.008283,-0.008283,0,,,,,,,,,,4.97389,0.060229,-0.060229,0,<a refstr=STASSUN_ET_AL__2019 href=https://ui.adsabs.harvard.edu/abs/2019AJ....158..138S/abstract target=ref>TICv8</a>,03h01m50.99s,45.4624781,-16d35m40.18s,-16.5944956,6.86929,0.003805,-0.003805,10.59,0.046,-0.046,6.496,0.021,-0.021,10.0469,0.001234,-0.001234,8/8/22,2017-07,8/8/22
LTT 1445 A b,LTT 1445 A,0,3,2,Transit,2019,Transiting Exoplanet Survey Satellite (TESS),Published Confirmed,0,<a refstr=LAVIE_ET_AL__2023 href=https://ui.adsabs.harvard.edu/abs/2023A&A...673A..69L/abstract target=ref>Lavie et al. 2023</a>,5.358765,0.000003,-0.000003,0,0.032,0.006,-0.003,0,1.43,0.09,-0.09,0,0.12757627,0.00802928,-0.00802928,0,2.32,0.25,-0.25,0,0.00729954,0.00078659,-0.00078659,0,Mass,0.18,0.07,-0.06,0,,,,,,,,,0,<a refstr=LAVIE_ET_AL__2023 href=https://ui.adsabs.harvard.edu/abs/2023A&A...673A..69L/abstract target=ref>Lavie et al. 2023</a>,,,,,,0.276,0.01,-0.01,0,0.249,0.023,-0.023,0,,,,,,,,,,<a refstr=STASSUN_ET_AL__2019 href=https://ui.adsabs.harvard.edu/abs/2019AJ....158..138S/abstract target=ref>TICv8</a>,03h01m50.99s,45.4624781,-16d35m40.18s,-16.5944956,6.86929,0.003805,-0.003805,10.59,0.046,-0.046,6.496,0.021,-0.021,10.0469,0.001234,-0.001234,4/7/25,2023-05,4/7/25
LTT 1445 A b,LTT 1445 A,1,3,2,Transit,2019,Transiting Exoplanet Survey Satellite (TESS),Published Confirmed,0,<a refstr=PASS_ET_AL__2023 href=https://ui.adsabs.harvard.edu/abs/2023AJ....166..171P/abstract target=ref>Pass et al. 2023</a>,5.3587635,0.0000044,-0.0000045,0,0.0381,0.00067,-0.0007,0,1.34,0.11,-0.06,0,0.119547,0.00981356,-0.00535285,0,2.73,0.25,-0.23,0,0.00858954,0.00078659,-0.00072366,0,Mass,,,,,5.7,1.3,-1.1,0,431,23,-23,0,0,<a refstr=PASS_ET_AL__2023 href=https://ui.adsabs.harvard.edu/abs/2023AJ....166..171P/abstract target=ref>Pass et al. 2023</a>,,,,,,0.271,0.019,-0.01,0,0.257,0.014,-0.014,0,,,,,,,,,,<a refstr=STASSUN_ET_AL__2019 href=https://ui.adsabs.harvard.edu/abs/2019AJ....158..138S/abstract target=ref>TICv8</a>,03h01m50.99s,45.4624781,-16d35m40.18s,-16.5944956,6.86929,0.003805,-0.003805,10.59,0.046,-0.046,6.496,0.021,-0.021,10.0469,0.001234,-0.001234,7/22/24,2023-10,7/22/24
MOA-bin-29 b,MOA-bin-29,0,1,1,Microlensing,2019,MOA,Published Confirmed,0,<a refstr=KONDO_ET_AL__2019 href=https://ui.adsabs.harvard.edu/abs/2019AJ....158..224K/abstract target=ref>Kondo et al. 2019</a>,,,,,0.27,0.08,-0.07,0,,,,,,,,,180,331,-120,0,0.58,1.04,-0.37,0,Mass,,,,,,,,,,,,,0,<a refstr=KONDO_ET_AL__2019 href=https://ui.adsabs.harvard.edu/abs/2019AJ....158..224K/abstract target=ref>Kondo et al. 2019</a>,,,,,,,,,,0.05,0.08,-0.03,0,,,,,,,,,,<a refstr=KONDO_ET_AL__2019 href=https://ui.adsabs.harvard.edu/abs/2019AJ....158..224K/abstract target=ref>Kondo et al. 2019</a>,17h57m30.23s,269.3759583,-29d44m11.63s,-29.7365639,7070,1150,-1070,43.94,2.23,-12.27,31.09,5.73,-7.82,,,,12/5/19,2019-12,12/5/19
MOA-bin-29 b,MOA-bin-29,0,1,1,Microlensing,2019,MOA,Published Confirmed,0,<a refstr=KONDO_ET_AL__2019 href=https://ui.adsabs.harvard.edu/abs/2019AJ....158..224K/abstract target=ref>Kondo et al. 2019</a>,,,,,0.37,0.08,-0.07,0,,,,,,,,,150,388,-99,0,0.48,1.22,-0.31,0,Mass,,,,,,,,,,,,,0,<a refstr=KONDO_ET_AL__2019 href=https://ui.adsabs.harvard.edu/abs/2019AJ....158..224K/abstract target=ref>Kondo et al. 2019</a>,,,,,,,,,,0.02,0.06,-0.01,0,,,,,,,,,,<a refstr=KONDO_ET_AL__2019 href=https://ui.adsabs.harvard.edu/abs/2019AJ....158..224K/abstract target=ref>Kondo et al. 2019</a>,17h57m30.23s,269.3759583,-29d44m11.63s,-29.7365639,7230,1150,-1010,45.34,4.35,-11.6,35.33,8.14,-11.14,,,,12/5/19,2019-12,12/5/19
MOA-bin-29 b,MOA-bin-29,0,1,1,Microlensing,2019,MOA,Published Confirmed,0,<a refstr=KONDO_ET_AL__2019 href=https://ui.adsabs.harvard.edu/abs/2019AJ....158..224K/abstract target=ref>Kondo et al. 2019</a>,,,,,0.39,0.12,-0.11,0,,,,,,,,,180,310,-110,0,0.58,0.97,-0.35,0,Mass,,,,,,,,,,,,,0,<a refstr=KONDO_ET_AL__2019 href=https://ui.adsabs.harvard.edu/abs/2019AJ....158..224K/abstract target=ref>Kondo et al. 2019</a>,,,,,,,,,,0.07,0.11,-0.04,0,,,,,,,,,,<a refstr=KONDO_ET_AL__2019 href=https://ui.adsabs.harvard.edu/abs/2019AJ....158..224K/abstract target=ref>Kondo et al. 2019</a>,17h57m30.23s,269.3759583,-29d44m11.63s,-29.7365639,6730,1210,-1210,41.62,3.35,-11.35,28.29,6.75,-5.73,,,,12/5/19,2019-12,12/5/19
MOA-bin-29 b,MOA-bin-29,0,1,1,Microlensing,2019,MOA,Published Confirmed,0,<a refstr=KONDO_ET_AL__2019 href=https://ui.adsabs.harvard.edu/abs/2019AJ....158..224K/abstract target=ref>Kondo et al. 2019</a>,,,,,1.54,0.52,-0.45,0,,,,,,,,,200,334,-110,0,0.63,1.05,-0.36,0,Mass,,,,,,,,,,,,,0,<a refstr=KONDO_ET_AL__2019 href=https://ui.adsabs.harvard.edu/abs/2019AJ....158..224K/abstract target=ref>Kondo et al. 2019</a>,,,,,,,,,,0.1,0.16,-0.06,0,,,,,,,,,,<a refstr=KONDO_ET_AL__2019 href=https://ui.adsabs.harvard.edu/abs/2019AJ....158..224K/abstract target=ref>Kondo et al. 2019</a>,17h57m30.23s,269.3759583,-29d44m11.63s,-29.7365639,6570,1230,-1310,32.85,11,-2.95,23.66,8.07,-1.92,,,,12/5/19,2019-12,12/5/19
MOA-bin-29 b,MOA-bin-29,0,1,1,Microlensing,2019,MOA,Published Confirmed,0,<a refstr=KONDO_ET_AL__2019 href=https://ui.adsabs.harvard.edu/abs/2019AJ....158..224K/abstract target=ref>Kondo et al. 2019</a>,,,,,0.53,0.89,-0.18,0,,,,,,,,,200,359,-120,0,0.63,1.13,-0.39,0,Mass,,,,,,,,,,,,,0,<a refstr=KONDO_ET_AL__2019 href=https://ui.adsabs.harvard.edu/abs/2019AJ....158..224K/abstract target=ref>Kondo et al. 2019</a>,,,,,,,,,,0.06,0.11,-0.04,0,,,,,,,,,,<a refstr=KONDO_ET_AL__2019 href=https://ui.adsabs.harvard.edu/abs/2019AJ....158..224K/abstract target=ref>Kondo et al. 2019</a>,17h57m30.23s,269.3759583,-29d44m11.63s,-29.7365639,6890,1190,-1190,,,,,,,,,,12/5/19,2019-12,12/5/19
MOA-bin-29 b,MOA-bin-29,1,1,1,Microlensing,2019,MOA,Published Confirmed,0,<a refstr=KONDO_ET_AL__2019 href=https://ui.adsabs.harvard.edu/abs/2019AJ....158..224K/abstract target=ref>Kondo et al. 2019</a>,,,,,0.48,0.12,-0.1,0,,,,,,,,,190,381,-120,0,0.6,1.2,-0.38,0,Mass,,,,,,,,,,,,,0,<a refstr=KONDO_ET_AL__2019 href=https://ui.adsabs.harvard.edu/abs/2019AJ....158..224K/abstract target=ref>Kondo et al. 2019</a>,,,,,,,,,,0.03,0.07,-0.02,0,,,,,,,,,,<a refstr=KONDO_ET_AL__2019 href=https://ui.adsabs.harvard.edu/abs/2019AJ....158..224K/abstract target=ref>Kondo et al. 2019</a>,17h57m30.23s,269.3759583,-29d44m11.63s,-29.7365639,7120,1150,-1050,44.61,2.82,-11.92,33.11,7.63,-9.4,,,,12/5/19,2019-12,11/7/19
NGTS-4 b,NGTS-4,0,1,1,Transit,2019,Next-Generation Transit Survey (NGTS),Published Confirmed,0,<a refstr=PATEL__AMP__ESPINOZA_2022 href=https://ui.adsabs.harvard.edu/abs/2022AJ....163..228P/abstract target=ref>Patel &amp; Espinoza 2022</a>,1.3373505,0.0000067,-0.0000068,0,,,,,,,,,,,,,,,,,,,,,,,,,,,,,,,,,,0,<a refstr=WEST_ET_AL__2019 href=https://ui.adsabs.harvard.edu/abs/2019MNRAS.486.5094W/abstract target=ref>West et al. 2019</a>,,5143,100,-100,0,0.84,0.01,-0.01,0,0.75,0.02,-0.02,0,-0.28,0.1,-0.1,0,[M/H],4.5,0.1,-0.1,0,<a refstr=STASSUN_ET_AL__2019 href=https://ui.adsabs.harvard.edu/abs/2019AJ....158..138S/abstract target=ref>TICv8</a>,05h58m23.73s,89.5988945,-30d48m42.48s,-30.8117992,280.555,1.822,-1.799,13.138,0.046,-0.046,11.073,0.022,-0.022,12.9092,0.000236,-0.000236,5/3/22,2022-05,5/3/22
NGTS-4 b,NGTS-4,1,1,1,Transit,2019,Next-Generation Transit Survey (NGTS),Published Confirmed,0,<a refstr=WEST_ET_AL__2019 href=https://ui.adsabs.harvard.edu/abs/2019MNRAS.486.5094W/abstract target=ref>West et al. 2019</a>,1.3373508,0.000008,-0.000008,0,0.019,0.005,-0.005,0,3.18,0.26,-0.26,0,0.2837006,0.02319565,-0.02319565,0,20.6,3,-3,0,0.06481452,0.00943901,-0.00943901,0,Mass,0,,,0,,,,,1650,400,-400,0,0,<a refstr=WEST_ET_AL__2019 href=https://ui.adsabs.harvard.edu/abs/2019MNRAS.486.5094W/abstract target=ref>West et al. 2019</a>,,5143,100,-100,0,0.84,0.01,-0.01,0,0.75,0.02,-0.02,0,-0.28,0.1,-0.1,0,[M/H],4.5,0.1,-0.1,0,<a refstr=STASSUN_ET_AL__2019 href=https://ui.adsabs.harvard.edu/abs/2019AJ....158..138S/abstract target=ref>TICv8</a>,05h58m23.73s,89.5988945,-30d48m42.48s,-30.8117992,280.555,1.822,-1.799,13.138,0.046,-0.046,11.073,0.022,-0.022,12.9092,0.000236,-0.000236,5/14/19,2019-07,5/16/19
NGTS-4 b,NGTS-4,0,1,1,Transit,2019,Next-Generation Transit Survey (NGTS),TESS Project Candidate,0,<a refstr=EXOFOP_TESS_TOI href=https://exofop.ipac.caltech.edu/tess/view_toi.php target=ref>ExoFOP-TESS TOI</a>,1.337234923,0.000116206,-0.000116206,0,,,,,3.02657864,3.7305796,-3.7305796,0,0.27001373,0.33282059,-0.33282059,0,,,,,,,,,,,,,,886.9841,,,0,1391.87,,,0,0,<a refstr=EXOFOP_TESS_TOI href=https://exofop.ipac.caltech.edu/tess/view_toi.php target=ref>ExoFOP-TESS TOI</a>,,5111.9,121.9,-121.9,0,0.860256,0.050804,-0.050804,0,,,,,,,,,,4.5,0.08,-0.08,0,<a refstr=STASSUN_ET_AL__2019 href=https://ui.adsabs.harvard.edu/abs/2019AJ....158..138S/abstract target=ref>TICv8</a>,05h58m23.73s,89.5988945,-30d48m42.48s,-30.8117992,280.555,1.822,-1.799,13.138,0.046,-0.046,11.073,0.022,-0.022,12.9092,0.000236,-0.000236,8/8/22,2017-07,8/8/22
NGTS-5 b,NGTS-5,0,1,1,Transit,2019,Next-Generation Transit Survey (NGTS),TESS Project Candidate,0,<a refstr=EXOFOP_TESS_TOI href=https://exofop.ipac.caltech.edu/tess/view_toi.php target=ref>ExoFOP-TESS TOI</a>,3.3575477,0.002457,-0.002457,0,,,,,12.6518,0.903055,-0.903055,0,1.12871994,0.08056531,-0.08056531,0,,,,,,,,,,,,,,101.253,,,0,883,,,0,0,<a refstr=EXOFOP_TESS_TOI href=https://exofop.ipac.caltech.edu/tess/view_toi.php target=ref>ExoFOP-TESS TOI</a>,,5013,122.8,-122.8,0,0.75,0.05,-0.05,0,,,,,,,,,,4.61,0.09,-0.09,0,<a refstr=STASSUN_ET_AL__2019 href=https://ui.adsabs.harvard.edu/abs/2019AJ....158..138S/abstract target=ref>TICv8</a>,14h44m13.98s,221.0582692,+05d36m19.34s,5.6053735,306.779,2.601,-2.558,13.789,0.092,-0.092,11.612,0.025,-0.025,13.526,0.000352,-0.000352,8/30/24,2017-07,8/30/24
NGTS-5 b,NGTS-5,1,1,1,Transit,2019,Next-Generation Transit Survey (NGTS),Published Confirmed,0,<a refstr=EIGM_UUML_LLER_ET_AL__2019 href=https://ui.adsabs.harvard.edu/abs/2019A&A...625A.142E/abstract target=ref>Eigm&uuml;ller et al. 2019</a>,3.3569866,0.0000026,-0.0000026,0,0.0382,0.0013,-0.0013,0,12.733424,0.257807,-0.257807,0,1.136,0.023,-0.023,0,72.78307,11.75971,-11.75971,0,0.229,0.037,-0.037,0,Mass,0,,,0,,,,,952,24,-24,0,0,<a refstr=EIGM_UUML_LLER_ET_AL__2019 href=https://ui.adsabs.harvard.edu/abs/2019A&A...625A.142E/abstract target=ref>Eigm&uuml;ller et al. 2019</a>,K2 V,4987,41,-41,0,0.739,0.014,-0.012,0,0.661,0.068,-0.061,0,0.12,0.1,-0.1,0,[Fe/H],4.52,0.037,-0.037,0,<a refstr=STASSUN_ET_AL__2019 href=https://ui.adsabs.harvard.edu/abs/2019AJ....158..138S/abstract target=ref>TICv8</a>,14h44m13.98s,221.0582692,+05d36m19.34s,5.6053735,306.779,2.601,-2.558,13.789,0.092,-0.092,11.612,0.025,-0.025,13.526,0.000352,-0.000352,5/14/19,2019-05,5/16/19
NGTS-6 b,NGTS-6,0,1,1,Transit,2019,Next-Generation Transit Survey (NGTS),Published Confirmed,0,<a refstr=KOKORI_ET_AL__2023 href=https://ui.adsabs.harvard.edu/abs/2023ApJS..265....4K/abstract target=ref>Kokori et al. 2023</a>,0.8820585,0.00000033,-0.00000033,0,,,,,,,,,,,,,,,,,,,,,,,,,,,,,,,,,,0,<a refstr=VINES_ET_AL__2019 href=https://ui.adsabs.harvard.edu/abs/2019MNRAS.489.4125V/abstract target=ref>Vines et al. 2019</a>,,4730,44,-40,0,0.754,0.013,-0.013,0,0.767,0.025,-0.025,0,0.11,0.09,-0.09,0,[Fe/H],4.7,1.1,-0.7,0,<a refstr=STASSUN_ET_AL__2019 href=https://ui.adsabs.harvard.edu/abs/2019AJ....158..138S/abstract target=ref>TICv8</a>,05h03m10.89s,75.795382,-30d23m58.06s,-30.3994612,308.262,1.418,-1.407,14.237,0.126,-0.126,11.65,0.032,-0.032,13.8175,0.000577,-0.000577,3/4/24,2023-03,3/4/24
NGTS-6 b,NGTS-6,1,1,1,Transit,2019,Next-Generation Transit Survey (NGTS),Published Confirmed,0,<a refstr=VINES_ET_AL__2019 href=https://ui.adsabs.harvard.edu/abs/2019MNRAS.489.4125V/abstract target=ref>Vines et al. 2019</a>,0.882059,0.0000008,-0.0000008,0,0.01677,0.00032,-0.00032,0,14.863134,1.087273,-1.255408,0,1.326,0.097,-0.112,0,425.57437,8.89924,-8.89924,0,1.339,0.028,-0.028,0,Mass,0,,,0,,,,,1283.9,12.49,-12.14,0,0,<a refstr=VINES_ET_AL__2019 href=https://ui.adsabs.harvard.edu/abs/2019MNRAS.489.4125V/abstract target=ref>Vines et al. 2019</a>,,4730,44,-40,0,0.754,0.013,-0.013,0,0.767,0.025,-0.025,0,0.11,0.09,-0.09,0,[Fe/H],4.7,1.1,-0.7,0,<a refstr=STASSUN_ET_AL__2019 href=https://ui.adsabs.harvard.edu/abs/2019AJ....158..138S/abstract target=ref>TICv8</a>,05h03m10.89s,75.795382,-30d23m58.06s,-30.3994612,308.262,1.418,-1.407,14.237,0.126,-0.126,11.65,0.032,-0.032,13.8175,0.000577,-0.000577,9/20/19,2019-11,9/26/19
NGTS-6 b,NGTS-6,0,1,1,Transit,2019,Next-Generation Transit Survey (NGTS),TESS Project Candidate,0,<a refstr=EXOFOP_TESS_TOI href=https://exofop.ipac.caltech.edu/tess/view_toi.php target=ref>ExoFOP-TESS TOI</a>,0.882062426,5.16096E-06,-5.16096E-06,0,,,,,8.38889408,2.225674,-2.225674,0,0.74840829,0.19856168,-0.19856168,0,,,,,,,,,,,,,,983.4246,,,0,1428.25,,,0,0,<a refstr=EXOFOP_TESS_TOI href=https://exofop.ipac.caltech.edu/tess/view_toi.php target=ref>ExoFOP-TESS TOI</a>,,4669,122,-122,0,0.782888,,,0,,,,,,,,,,4.52,,,0,<a refstr=STASSUN_ET_AL__2019 href=https://ui.adsabs.harvard.edu/abs/2019AJ....158..138S/abstract target=ref>TICv8</a>,05h03m10.89s,75.795382,-30d23m58.06s,-30.3994612,308.262,1.418,-1.407,14.237,0.126,-0.126,11.65,0.032,-0.032,13.8175,0.000577,-0.000577,9/16/24,2017-07,9/16/24
NGTS-8 b,NGTS-8,1,1,1,Transit,2019,Next-Generation Transit Survey (NGTS),Published Confirmed,0,<a refstr=COSTES_ET_AL__2020 href=https://ui.adsabs.harvard.edu/abs/2020MNRAS.491.2834C/abstract target=ref>Costes et al. 2020</a>,2.4997,0.00001,-0.00001,0,0.035,0.001,-0.001,0,12.21781,0.33627,-0.33627,0,1.09,0.03,-0.03,0,295.5819,12.7132,-9.5349,0,0.93,0.04,-0.03,0,Mass,0.01,0.014,-0.01,0,503,33,-33,0,1345,19,-19,0,0,<a refstr=COSTES_ET_AL__2020 href=https://ui.adsabs.harvard.edu/abs/2020MNRAS.491.2834C/abstract target=ref>Costes et al. 2020</a>,K0 V,5241,50,-50,0,0.98,0.02,-0.02,0,0.89,0.05,-0.04,0,0.24,0.09,-0.09,0,[Fe/H],4.41,0.03,-0.03,0,<a refstr=STASSUN_ET_AL__2019 href=https://ui.adsabs.harvard.edu/abs/2019AJ....158..138S/abstract target=ref>TICv8</a>,21h55m54.22s,328.9759206,-14d04m06.38s,-14.0684399,428.976,5.621,-5.481,13.69,0.103,-0.103,11.642,0.021,-0.021,13.4954,0.000304,-0.000304,11/18/19,2020-01,11/21/19
NGTS-8 b,NGTS-8,0,1,1,Transit,2019,Next-Generation Transit Survey (NGTS),TESS Project Candidate,0,<a refstr=EXOFOP_TESS_TOI href=https://exofop.ipac.caltech.edu/tess/view_toi.php target=ref>ExoFOP-TESS TOI</a>,2.500136128,0.000208181,-0.000208181,0,,,,,11.4242045,0.81791943,-0.81791943,0,1.01920101,0.07297001,-0.07297001,0,,,,,,,,,,,,,,533.9599,,,0,1226.02,,,0,0,<a refstr=EXOFOP_TESS_TOI href=https://exofop.ipac.caltech.edu/tess/view_toi.php target=ref>ExoFOP-TESS TOI</a>,,5160,123.6,-123.6,0,0.998401,0.060007,-0.060007,0,,,,,,,,,,4.37898,0.082899,-0.082899,0,<a refstr=STASSUN_ET_AL__2019 href=https://ui.adsabs.harvard.edu/abs/2019AJ....158..138S/abstract target=ref>TICv8</a>,21h55m54.22s,328.9759206,-14d04m06.38s,-14.0684399,428.976,5.621,-5.481,13.69,0.103,-0.103,11.642,0.021,-0.021,13.4954,0.000304,-0.000304,9/25/25,2017-07,9/25/25
NGTS-9 b,NGTS-9,0,1,1,Transit,2019,Next-Generation Transit Survey (NGTS),TESS Project Candidate,0,<a refstr=EXOFOP_TESS_TOI href=https://exofop.ipac.caltech.edu/tess/view_toi.php target=ref>ExoFOP-TESS TOI</a>,4.4352884,0.0000128,-0.0000128,0,,,,,11.21102312,1.5134789,-1.5134789,0,1.00018221,0.13502378,-0.13502378,0,,,,,,,,,,,,,,196.663,,,0,1365.12,,,0,0,<a refstr=EXOFOP_TESS_TOI href=https://exofop.ipac.caltech.edu/tess/view_toi.php target=ref>ExoFOP-TESS TOI</a>,,6245,124.1,-124.1,0,1.38,0.07,-0.07,0,,,,,,,,,,4.24,0.09,-0.09,0,<a refstr=STASSUN_ET_AL__2019 href=https://ui.adsabs.harvard.edu/abs/2019AJ....158..138S/abstract target=ref>TICv8</a>,09h27m40.95s,141.9206435,-19d20m51.53s,-19.3476477,609.128,15.952,-15.171,12.868,0.057,-0.057,11.452,0.024,-0.024,12.6547,0.000237,-0.000237,8/8/22,2017-07,8/8/22
NGTS-9 b,NGTS-9,0,1,1,Transit,2019,Next-Generation Transit Survey (NGTS),Published Confirmed,0,<a refstr=IVSHINA__AMP__WINN_2022 href=https://ui.adsabs.harvard.edu/abs/2022ApJS..259...62I/abstract target=ref>Ivshina &amp; Winn 2022</a>,4.435272,0.000011,-0.000011,0,,,,,,,,,,,,,,,,,,,,,,,,,,,,,,,,,,0,,,,,,,,,,,,,,,,,,,,,,,,<a refstr=STASSUN_ET_AL__2019 href=https://ui.adsabs.harvard.edu/abs/2019AJ....158..138S/abstract target=ref>TICv8</a>,09h27m40.95s,141.9206435,-19d20m51.53s,-19.3476477,609.128,15.952,-15.171,12.868,0.057,-0.057,11.452,0.024,-0.024,12.6547,0.000237,-0.000237,10/18/22,2022-04,10/18/22
NGTS-9 b,NGTS-9,1,1,1,Transit,2019,Next-Generation Transit Survey (NGTS),Published Confirmed,0,<a refstr=COSTES_ET_AL__2020 href=https://ui.adsabs.harvard.edu/abs/2020MNRAS.491.2834C/abstract target=ref>Costes et al. 2020</a>,4.43527,0.00002,-0.00002,0,0.058,0.003,-0.002,0,11.99363,0.67254,-0.67254,0,1.07,0.06,-0.06,0,921.707,54.0311,-54.0311,0,2.9,0.17,-0.17,0,Mass,0.06,0.076,-0.052,0,729,80,-80,0,1448,36,-36,0,0,<a refstr=COSTES_ET_AL__2020 href=https://ui.adsabs.harvard.edu/abs/2020MNRAS.491.2834C/abstract target=ref>Costes et al. 2020</a>,F8 V,6330,130,-130,0,1.38,0.04,-0.04,0,1.34,0.05,-0.05,0,0.31,0.15,-0.15,0,[Fe/H],4.37,0.2,-0.2,0,<a refstr=STASSUN_ET_AL__2019 href=https://ui.adsabs.harvard.edu/abs/2019AJ....158..138S/abstract target=ref>TICv8</a>,09h27m40.95s,141.9206435,-19d20m51.53s,-19.3476477,609.128,15.952,-15.171,12.868,0.057,-0.057,11.452,0.024,-0.024,12.6547,0.000237,-0.000237,11/18/19,2020-01,11/21/19
NSVS 14256825 b,NSVS 14256825,1,2,1,Eclipse Timing Variations,2019,Multiple Observatories,Published Confirmed,0,<a refstr=ZHU_ET_AL__2019 href=https://ui.adsabs.harvard.edu/abs/2019RAA....19..134Z/abstract target=ref>Zhu et al. 2019</a>,3225,22,-22,0,3.12,0.07,-0.07,0,,,,,,,,,4497.2945,50.8528,-50.8528,0,14.15,0.16,-0.16,0,Msini,0.12,0.02,-0.02,0,,,,,,,,,0,<a refstr=ZHU_ET_AL__2019 href=https://ui.adsabs.harvard.edu/abs/2019RAA....19..134Z/abstract target=ref>Zhu et al. 2019</a>,,40000,,,0,0.188,0.01,-0.01,0,0.419,0.07,-0.07,0,,,,,,,,,,<a refstr=STASSUN_ET_AL__2019 href=https://ui.adsabs.harvard.edu/abs/2019AJ....158..138S/abstract target=ref>TICv8</a>,20h20m00.47s,305.001946,+04d37m56.54s,4.6323715,820.877,41.457,-41.457,13.296,0.115,-0.115,13.945,0.055,-0.055,13.2452,0.00433,-0.00433,6/10/19,2019-09,6/13/19
NY Vir c,NY Vir,1,2,2,Eclipse Timing Variations,2019,Winer Observatory,Published Confirmed,0,<a refstr=SONG_ET_AL__2019 href=https://ui.adsabs.harvard.edu/abs/2019AJ....157..184S/abstract target=ref>Song et al. 2019</a>,8799,240,-240,0,,,,,,,,,,,,,1760.7782,63.566,-63.566,0,5.54,0.2,-0.2,0,Msini,0.15,0.01,-0.01,0,,,,,,,,,0,<a refstr=STASSUN_ET_AL__2019 href=https://ui.adsabs.harvard.edu/abs/2019AJ....158..138S/abstract target=ref>TICv8</a>,,32780,200,-200,0,0.151,0.001,-0.001,0,0.459,0.01,-0.01,0,,,,,,5.74193,0.001021,-0.001021,0,<a refstr=STASSUN_ET_AL__2019 href=https://ui.adsabs.harvard.edu/abs/2019AJ....158..138S/abstract target=ref>TICv8</a>,13h38m48.14s,204.7005847,-02d01m49.39s,-2.0303873,544.024,18.8765,-18.8765,13.496,0.184,-0.184,14.635,0.095,-0.095,13.3943,0.005638,-0.005638,10/18/19,2019-05,10/24/19
OGLE-2013-BLG-0911L b,OGLE-2013-BLG-0911L,0,1,1,Microlensing,2019,OGLE,Published Confirmed,0,<a refstr=MIYAZAKI_ET_AL__2020 href=https://ui.adsabs.harvard.edu/abs/2020AJ....159...76M/abstract target=ref>Miyazaki et al. 2020</a>,,,,,,,,0,,,,,,,,,,,,,,,,,,,,,,,,,,,,,,0,<a refstr=MIYAZAKI_ET_AL__2020 href=https://ui.adsabs.harvard.edu/abs/2020AJ....159...76M/abstract target=ref>Miyazaki et al. 2020</a>,,,,,,,,,,,,,,,,,,,,,,,<a refstr=MIYAZAKI_ET_AL__2020 href=https://ui.adsabs.harvard.edu/abs/2020AJ....159...76M/abstract target=ref>Miyazaki et al. 2020</a>,17h55m31.98s,268.88325,-29d15m13.8s,-29.2538333,,,,26.42,1.15,-1.13,19.64,0.78,-0.76,,,,4/2/20,2020-02,4/2/20
OGLE-2013-BLG-0911L b,OGLE-2013-BLG-0911L,0,1,1,Microlensing,2019,OGLE,Published Confirmed,0,<a refstr=MIYAZAKI_ET_AL__2020 href=https://ui.adsabs.harvard.edu/abs/2020AJ....159...76M/abstract target=ref>Miyazaki et al. 2020</a>,,,,,,,,0,,,,,,,,,,,,,,,,,,,,,,,,,,,,,,0,<a refstr=MIYAZAKI_ET_AL__2020 href=https://ui.adsabs.harvard.edu/abs/2020AJ....159...76M/abstract target=ref>Miyazaki et al. 2020</a>,,,,,,,,,,,,,,,,,,,,,,,<a refstr=MIYAZAKI_ET_AL__2020 href=https://ui.adsabs.harvard.edu/abs/2020AJ....159...76M/abstract target=ref>Miyazaki et al. 2020</a>,17h55m31.98s,268.88325,-29d15m13.8s,-29.2538333,,,,26.42,1.15,-1.13,19.64,0.78,-0.76,,,,4/2/20,2020-02,4/2/20
OGLE-2013-BLG-0911L b,OGLE-2013-BLG-0911L,0,1,1,Microlensing,2019,OGLE,Published Confirmed,0,<a refstr=MIYAZAKI_ET_AL__2020 href=https://ui.adsabs.harvard.edu/abs/2020AJ....159...76M/abstract target=ref>Miyazaki et al. 2020</a>,,,,,17.98,3.21,-3.24,0,,,,,,,,,3150,1200,-1100,0,9.92,3.78,-3.45,0,Mass,,,,,,,,,,,,,0,<a refstr=MIYAZAKI_ET_AL__2020 href=https://ui.adsabs.harvard.edu/abs/2020AJ....159...76M/abstract target=ref>Miyazaki et al. 2020</a>,,,,,,,,,,0.28,0.1,-0.08,0,,,,,,,,,,<a refstr=MIYAZAKI_ET_AL__2020 href=https://ui.adsabs.harvard.edu/abs/2020AJ....159...76M/abstract target=ref>Miyazaki et al. 2020</a>,17h55m31.98s,268.88325,-29d15m13.8s,-29.2538333,3150,530,-420,26.42,1.15,-1.13,19.64,0.78,-0.76,,,,4/2/20,2020-02,4/2/20
OGLE-2013-BLG-0911L b,OGLE-2013-BLG-0911L,0,1,1,Microlensing,2019,OGLE,Published Confirmed,0,<a refstr=MIYAZAKI_ET_AL__2020 href=https://ui.adsabs.harvard.edu/abs/2020AJ....159...76M/abstract target=ref>Miyazaki et al. 2020</a>,,,,,,,,0,,,,,,,,,,,,,,,,,,,,,,,,,,,,,,0,<a refstr=MIYAZAKI_ET_AL__2020 href=https://ui.adsabs.harvard.edu/abs/2020AJ....159...76M/abstract target=ref>Miyazaki et al. 2020</a>,,,,,,,,,,,,,,,,,,,,,,,<a refstr=MIYAZAKI_ET_AL__2020 href=https://ui.adsabs.harvard.edu/abs/2020AJ....159...76M/abstract target=ref>Miyazaki et al. 2020</a>,17h55m31.98s,268.88325,-29d15m13.8s,-29.2538333,,,,26.42,1.15,-1.13,19.64,0.78,-0.76,,,,4/2/20,2020-02,4/2/20
OGLE-2013-BLG-0911L b,OGLE-2013-BLG-0911L,1,1,1,Microlensing,2019,OGLE,Published Confirmed,0,<a refstr=MIYAZAKI_ET_AL__2020 href=https://ui.adsabs.harvard.edu/abs/2020AJ....159...76M/abstract target=ref>Miyazaki et al. 2020</a>,,,,,0.39,0.05,-0.03,0,,,,,,,,,3020,864,-537,0,9.51,2.72,-1.69,0,Mass,,,,,,,,,,,,,0,<a refstr=MIYAZAKI_ET_AL__2020 href=https://ui.adsabs.harvard.edu/abs/2020AJ....159...76M/abstract target=ref>Miyazaki et al. 2020</a>,,,,,,,,,,0.29,0.07,-0.05,0,,,,,,,,,,<a refstr=MIYAZAKI_ET_AL__2020 href=https://ui.adsabs.harvard.edu/abs/2020AJ....159...76M/abstract target=ref>Miyazaki et al. 2020</a>,17h55m31.98s,268.88325,-29d15m13.8s,-29.2538333,3220,470,-350,26.42,1.15,-1.13,19.64,0.78,-0.76,,,,4/2/20,2020-02,3/19/20
OGLE-2013-BLG-0911L b,OGLE-2013-BLG-0911L,0,1,1,Microlensing,2019,OGLE,Published Confirmed,0,<a refstr=MIYAZAKI_ET_AL__2020 href=https://ui.adsabs.harvard.edu/abs/2020AJ....159...76M/abstract target=ref>Miyazaki et al. 2020</a>,,,,,,,,0,,,,,,,,,,,,,,,,,,,,,,,,,,,,,,0,<a refstr=MIYAZAKI_ET_AL__2020 href=https://ui.adsabs.harvard.edu/abs/2020AJ....159...76M/abstract target=ref>Miyazaki et al. 2020</a>,,,,,,,,,,,,,,,,,,,,,,,<a refstr=MIYAZAKI_ET_AL__2020 href=https://ui.adsabs.harvard.edu/abs/2020AJ....159...76M/abstract target=ref>Miyazaki et al. 2020</a>,17h55m31.98s,268.88325,-29d15m13.8s,-29.2538333,,,,26.42,1.15,-1.13,19.64,0.78,-0.76,,,,4/2/20,2020-02,4/2/20
OGLE-2015-BLG-1649L b,OGLE-2015-BLG-1649L,1,1,1,Microlensing,2019,OGLE,Published Confirmed,0,<a refstr=NAGAKANE_ET_AL__2019 href=https://ui.adsabs.harvard.edu/abs/2019AJ....158..212N/abstract target=ref>Nagakane et al. 2019</a>,,,,,2.07,0.65,-0.77,0,,,,,,,,,807,470,-442,0,2.54,1.48,-1.39,0,Mass,,,,,,,,,,,,,0,<a refstr=NAGAKANE_ET_AL__2019 href=https://ui.adsabs.harvard.edu/abs/2019AJ....158..212N/abstract target=ref>Nagakane et al. 2019</a>,,,,,,,,,,0.34,0.19,-0.19,0,,,,,,,,,,<a refstr=NAGAKANE_ET_AL__2019 href=https://ui.adsabs.harvard.edu/abs/2019AJ....158..212N/abstract target=ref>Nagakane et al. 2019</a>,18h04m49.21s,271.2050417,-32d37m58.90s,-32.6330278,4230,1510,-1640,,,,,,,,,,12/5/19,2019-11,10/24/19
OGLE-2015-BLG-1670L b,OGLE-2015-BLG-1670L,0,1,1,Microlensing,2019,OGLE,Published Confirmed,0,<a refstr=RANC_ET_AL__2019 href=https://ui.adsabs.harvard.edu/abs/2019AJ....157..232R/abstract target=ref>Ranc et al. 2019</a>,,,,,,,,,,,,,,,,,,,,,,,,,,,,,,,,,,,,,,0,<a refstr=RANC_ET_AL__2019 href=https://ui.adsabs.harvard.edu/abs/2019AJ....157..232R/abstract target=ref>Ranc et al. 2019</a>,,,,,,,,,,,,,,,,,,,,,,,<a refstr=RANC_ET_AL__2019 href=https://ui.adsabs.harvard.edu/abs/2019AJ....157..232R/abstract target=ref>Ranc et al. 2019</a>,17h52m38.11s,268.1587917,-28d33m06.9s,-28.5519167,,,,,,,,,,,,,8/30/21,2019-06,8/30/21
OGLE-2015-BLG-1670L b,OGLE-2015-BLG-1670L,0,1,1,Microlensing,2019,OGLE,Published Confirmed,0,<a refstr=RANC_ET_AL__2019 href=https://ui.adsabs.harvard.edu/abs/2019AJ....157..232R/abstract target=ref>Ranc et al. 2019</a>,,,,,,,,0,,,,,,,,,,,,,,,,,,,,,,,,,,,,,,0,<a refstr=RANC_ET_AL__2019 href=https://ui.adsabs.harvard.edu/abs/2019AJ....157..232R/abstract target=ref>Ranc et al. 2019</a>,,,,,,,,,,,,,,,,,,,,,,,<a refstr=RANC_ET_AL__2019 href=https://ui.adsabs.harvard.edu/abs/2019AJ....157..232R/abstract target=ref>Ranc et al. 2019</a>,17h52m38.11s,268.1587917,-28d33m06.9s,-28.5519167,,,,,,,,,,,,,12/5/19,2019-06,12/5/19
OGLE-2015-BLG-1670L b,OGLE-2015-BLG-1670L,1,1,1,Microlensing,2019,OGLE,Published Confirmed,0,<a refstr=RANC_ET_AL__2019 href=https://ui.adsabs.harvard.edu/abs/2019AJ....157..232R/abstract target=ref>Ranc et al. 2019</a>,,,,,2.62,0.58,-0.6,0,,,,,,,,,17.9,9.6,-8.8,0,0.0563,0.03,-0.028,0,Mass,,,,,,,,,,,,,0,<a refstr=RANC_ET_AL__2019 href=https://ui.adsabs.harvard.edu/abs/2019AJ....157..232R/abstract target=ref>Ranc et al. 2019</a>,,,,,,,,,,0.55,0.28,-0.28,0,,,,,,,,,,<a refstr=RANC_ET_AL__2019 href=https://ui.adsabs.harvard.edu/abs/2019AJ....157..232R/abstract target=ref>Ranc et al. 2019</a>,17h52m38.11s,268.1587917,-28d33m06.9s,-28.5519167,6700,1000,-1300,,,,20.3,1.3,-1.5,,,,8/30/21,2019-06,8/30/21
OGLE-2016-BLG-1067L b,OGLE-2016-BLG-1067L,1,1,1,Microlensing,2019,OGLE,Published Confirmed,0,<a refstr=CALCHI_NOVATI_ET_AL__2019 href=https://ui.adsabs.harvard.edu/abs/2019AJ....157..121C/abstract target=ref>Calchi Novati et al. 2019</a>,,,,,1.7,0.38,-0.39,0,,,,,,,,,140,67,-54,0,0.43,0.21,-0.17,0,Mass,,,,,,,,,,,,,0,<a refstr=CALCHI_NOVATI_ET_AL__2019 href=https://ui.adsabs.harvard.edu/abs/2019AJ....157..121C/abstract target=ref>Calchi Novati et al. 2019</a>,,,,,,,,,,0.3,0.15,-0.12,0,,,,,,,,,,<a refstr=CALCHI_NOVATI_ET_AL__2019 href=https://ui.adsabs.harvard.edu/abs/2019AJ....157..121C/abstract target=ref>Calchi Novati et al. 2019</a>,18h12m49.08s,273.2045,-27d00m45.5s,-27.0126389,3730,660,-670,,,,,,,,,,12/5/19,2019-03,9/12/19
OGLE-2016-BLG-1067L b,OGLE-2016-BLG-1067L,0,1,1,Microlensing,2019,OGLE,Published Confirmed,0,<a refstr=CALCHI_NOVATI_ET_AL__2019 href=https://ui.adsabs.harvard.edu/abs/2019AJ....157..121C/abstract target=ref>Calchi Novati et al. 2019</a>,,,,,1.68,0.37,-0.36,0,,,,,,,,,140,67,-51,0,0.43,0.21,-0.16,0,Mass,,,,,,,,,,,,,0,<a refstr=CALCHI_NOVATI_ET_AL__2019 href=https://ui.adsabs.harvard.edu/abs/2019AJ....157..121C/abstract target=ref>Calchi Novati et al. 2019</a>,,,,,,,,,,0.28,0.14,-0.1,0,,,,,,,,,,<a refstr=CALCHI_NOVATI_ET_AL__2019 href=https://ui.adsabs.harvard.edu/abs/2019AJ....157..121C/abstract target=ref>Calchi Novati et al. 2019</a>,18h12m49.08s,273.2045,-27d00m45.5s,-27.0126389,3680,650,-640,,,,,,,,,,12/5/19,2019-03,12/5/19
OGLE-2016-BLG-1067L b,OGLE-2016-BLG-1067L,0,1,1,Microlensing,2019,OGLE,Published Confirmed,0,<a refstr=CALCHI_NOVATI_ET_AL__2019 href=https://ui.adsabs.harvard.edu/abs/2019AJ....157..121C/abstract target=ref>Calchi Novati et al. 2019</a>,,,,,1.71,0.39,-0.42,0,,,,,,,,,140,70,-57,0,0.43,0.22,-0.18,0,Mass,,,,,,,,,,,,,0,<a refstr=CALCHI_NOVATI_ET_AL__2019 href=https://ui.adsabs.harvard.edu/abs/2019AJ....157..121C/abstract target=ref>Calchi Novati et al. 2019</a>,,,,,,,,,,0.31,0.16,-0.13,0,,,,,,,,,,<a refstr=CALCHI_NOVATI_ET_AL__2019 href=https://ui.adsabs.harvard.edu/abs/2019AJ....157..121C/abstract target=ref>Calchi Novati et al. 2019</a>,18h12m49.08s,273.2045,-27d00m45.5s,-27.0126389,3780,680,-700,,,,,,,,,,12/5/19,2019-03,12/5/19
OGLE-2018-BLG-0596L b,OGLE-2018-BLG-0596L,0,1,1,Microlensing,2019,OGLE,Published Confirmed,0,<a refstr=JUNG_ET_AL__2019 href=https://ui.adsabs.harvard.edu/abs/2019AJ....158...28J/abstract target=ref>Jung et al. 2019</a>,,,,,0.92,0.14,-0.14,0,,,,,,,,,14.69,1.72,-1.72,0,0.04622,0.00541,-0.00541,0,Mass,,,,,,,,,,,,,0,<a refstr=JUNG_ET_AL__2019 href=https://ui.adsabs.harvard.edu/abs/2019AJ....158...28J/abstract target=ref>Jung et al. 2019</a>,,,,,,,,,,0.229,0.031,-0.031,0,,,,,,,,,,<a refstr=JUNG_ET_AL__2019 href=https://ui.adsabs.harvard.edu/abs/2019AJ....158...28J/abstract target=ref>Jung et al. 2019</a>,17h56m13.33s,269.0555417,-29d11m56.7s,-29.1990833,5650,800,-800,,,,,,,,,,12/5/19,2019-07,12/5/19
OGLE-2018-BLG-0596L b,OGLE-2018-BLG-0596L,0,1,1,Microlensing,2019,OGLE,Published Confirmed,0,<a refstr=JUNG_ET_AL__2019 href=https://ui.adsabs.harvard.edu/abs/2019AJ....158...28J/abstract target=ref>Jung et al. 2019</a>,,,,,2.77,0.37,-0.37,0,,,,,,,,,1.19,0.16,-0.16,0,0.00374,0.0005,-0.0005,0,Mass,,,,,,,,,,,,,0,<a refstr=JUNG_ET_AL__2019 href=https://ui.adsabs.harvard.edu/abs/2019AJ....158...28J/abstract target=ref>Jung et al. 2019</a>,,,,,,,,,,0.154,0.019,-0.019,0,,,,,,,,,,<a refstr=JUNG_ET_AL__2019 href=https://ui.adsabs.harvard.edu/abs/2019AJ....158...28J/abstract target=ref>Jung et al. 2019</a>,17h56m13.33s,269.0555417,-29d11m56.7s,-29.1990833,5950,770,-770,,,,,,,,,,12/5/19,2019-07,12/5/19
OGLE-2018-BLG-0596L b,OGLE-2018-BLG-0596L,1,1,1,Microlensing,2019,OGLE,Published Confirmed,0,<a refstr=JUNG_ET_AL__2019 href=https://ui.adsabs.harvard.edu/abs/2019AJ....158...28J/abstract target=ref>Jung et al. 2019</a>,,,,,0.97,0.13,-0.13,0,,,,,,,,,13.93,1.56,-1.56,0,0.04383,0.00491,-0.00491,0,Mass,,,,,,,,,,,,,0,<a refstr=JUNG_ET_AL__2019 href=https://ui.adsabs.harvard.edu/abs/2019AJ....158...28J/abstract target=ref>Jung et al. 2019</a>,,,,,,,,,,0.231,0.028,-0.028,0,,,,,,,,,,<a refstr=JUNG_ET_AL__2019 href=https://ui.adsabs.harvard.edu/abs/2019AJ....158...28J/abstract target=ref>Jung et al. 2019</a>,17h56m13.33s,269.0555417,-29d11m56.7s,-29.1990833,5650,750,-750,,,,,,,,,,12/5/19,2019-07,7/11/19
OGLE-2018-BLG-0596L b,OGLE-2018-BLG-0596L,0,1,1,Microlensing,2019,OGLE,Published Confirmed,0,<a refstr=JUNG_ET_AL__2019 href=https://ui.adsabs.harvard.edu/abs/2019AJ....158...28J/abstract target=ref>Jung et al. 2019</a>,,,,,3.02,0.39,-0.39,0,,,,,,,,,1.3,0.16,-0.16,0,0.00409,0.0005,-0.0005,0,Mass,,,,,,,,,,,,,0,<a refstr=JUNG_ET_AL__2019 href=https://ui.adsabs.harvard.edu/abs/2019AJ....158...28J/abstract target=ref>Jung et al. 2019</a>,,,,,,,,,,0.196,0.021,-0.021,0,,,,,,,,,,<a refstr=JUNG_ET_AL__2019 href=https://ui.adsabs.harvard.edu/abs/2019AJ....158...28J/abstract target=ref>Jung et al. 2019</a>,17h56m13.33s,269.0555417,-29d11m56.7s,-29.1990833,6110,790,-790,,,,,,,,,,12/5/19,2019-07,12/5/19
OGLE-2018-BLG-0740L b,OGLE-2018-BLG-0740L,0,1,1,Microlensing,2019,OGLE,Published Confirmed,0,<a refstr=HAN_ET_AL__2019 href=https://ui.adsabs.harvard.edu/abs/2019AJ....158..102H/abstract target=ref>Han et al. 2019</a>,,,,,3.3,1.3,-1.3,0,,,,,,,,,1200,700,-510,0,3.9,2.2,-1.6,0,Mass,,,,,,,,,,,,,0,<a refstr=HAN_ET_AL__2019 href=https://ui.adsabs.harvard.edu/abs/2019AJ....158..102H/abstract target=ref>Han et al. 2019</a>,,5912,49,-49,0,,,,,0.83,0.47,-0.33,0,-0.24,0.05,-0.05,0,[Fe/H],4.5,0.1,-0.1,0,<a refstr=HAN_ET_AL__2019 href=https://ui.adsabs.harvard.edu/abs/2019AJ....158..102H/abstract target=ref>Han et al. 2019</a>,18h08m42.47s,272.1769583,-29d50m08.9s,-29.8358056,4200,1600,-1600,18.21,0.11,-0.11,,,,,,,12/5/19,2019-09,12/5/19
OGLE-2018-BLG-0740L b,OGLE-2018-BLG-0740L,0,1,1,Microlensing,2019,OGLE,Published Confirmed,0,<a refstr=HAN_ET_AL__2019 href=https://ui.adsabs.harvard.edu/abs/2019AJ....158..102H/abstract target=ref>Han et al. 2019</a>,,,,,2,0.2,-0.3,0,,,,,,,,,350,200,-200,0,1.1,0.7,-0.6,0,Mass,,,,,,,,,,,,,0,<a refstr=HAN_ET_AL__2019 href=https://ui.adsabs.harvard.edu/abs/2019AJ....158..102H/abstract target=ref>Han et al. 2019</a>,,5912,49,-49,0,,,,,0.47,0.31,-0.24,0,-0.24,0.05,-0.05,0,[Fe/H],4.5,0.1,-0.1,0,<a refstr=HAN_ET_AL__2019 href=https://ui.adsabs.harvard.edu/abs/2019AJ....158..102H/abstract target=ref>Han et al. 2019</a>,18h08m42.47s,272.1769583,-29d50m08.9s,-29.8358056,7200,900,-1000,18.21,0.11,-0.11,,,,,,,12/5/19,2019-09,12/5/19
OGLE-2018-BLG-0740L b,OGLE-2018-BLG-0740L,0,1,1,Microlensing,2019,OGLE,Published Confirmed,0,<a refstr=HAN_ET_AL__2019 href=https://ui.adsabs.harvard.edu/abs/2019AJ....158..102H/abstract target=ref>Han et al. 2019</a>,,,,,1.5,0.2,-0.2,0,,,,,,,,,350,200,-200,0,1.1,0.7,-0.6,0,Mass,,,,,,,,,,,,,0,<a refstr=HAN_ET_AL__2019 href=https://ui.adsabs.harvard.edu/abs/2019AJ....158..102H/abstract target=ref>Han et al. 2019</a>,,5912,49,-49,0,,,,,0.47,0.31,-0.24,0,-0.24,0.05,-0.05,0,[Fe/H],4.5,0.1,-0.1,0,<a refstr=HAN_ET_AL__2019 href=https://ui.adsabs.harvard.edu/abs/2019AJ....158..102H/abstract target=ref>Han et al. 2019</a>,18h08m42.47s,272.1769583,-29d50m08.9s,-29.8358056,7200,900,-1000,18.21,0.11,-0.11,,,,,,,12/5/19,2019-09,12/5/19
OGLE-2018-BLG-0740L b,OGLE-2018-BLG-0740L,1,1,1,Microlensing,2019,OGLE,Published Confirmed,0,<a refstr=HAN_ET_AL__2019 href=https://ui.adsabs.harvard.edu/abs/2019AJ....158..102H/abstract target=ref>Han et al. 2019</a>,5480,1200,-1200,0,5,0.3,-0.3,0,,,,,,,,,1500,200,-200,0,4.8,0.6,-0.6,0,Mass,0,,,0,,,,,,,,,0,<a refstr=HAN_ET_AL__2019 href=https://ui.adsabs.harvard.edu/abs/2019AJ....158..102H/abstract target=ref>Han et al. 2019</a>,G V,5912,49,-49,0,,,,,1,0.1,-0.1,0,-0.24,0.05,-0.05,0,[Fe/H],4.5,0.1,-0.1,0,<a refstr=HAN_ET_AL__2019 href=https://ui.adsabs.harvard.edu/abs/2019AJ....158..102H/abstract target=ref>Han et al. 2019</a>,18h08m42.47s,272.1769583,-29d50m08.9s,-29.8358056,3200,500,-500,18.21,0.11,-0.11,,,,,,,12/5/19,2019-09,9/12/19
OGLE-2018-BLG-0740L b,OGLE-2018-BLG-0740L,0,1,1,Microlensing,2019,OGLE,Published Confirmed,0,<a refstr=HAN_ET_AL__2019 href=https://ui.adsabs.harvard.edu/abs/2019AJ....158..102H/abstract target=ref>Han et al. 2019</a>,3140,690,-690,0,3.4,0.2,-0.2,0,,,,,,,,,1400,200,-200,0,4.5,0.6,-0.6,0,Mass,0,,,0,,,,,,,,,0,<a refstr=HAN_ET_AL__2019 href=https://ui.adsabs.harvard.edu/abs/2019AJ....158..102H/abstract target=ref>Han et al. 2019</a>,,5912,49,-49,0,,,,,1,0.1,-0.1,0,-0.24,0.05,-0.05,0,[Fe/H],4.5,0.1,-0.1,0,<a refstr=HAN_ET_AL__2019 href=https://ui.adsabs.harvard.edu/abs/2019AJ....158..102H/abstract target=ref>Han et al. 2019</a>,18h08m42.47s,272.1769583,-29d50m08.9s,-29.8358056,3200,500,-500,18.21,0.11,-0.11,,,,,,,6/27/22,2019-09,6/27/22
OGLE-2018-BLG-0740L b,OGLE-2018-BLG-0740L,0,1,1,Microlensing,2019,OGLE,Published Confirmed,0,<a refstr=HAN_ET_AL__2019 href=https://ui.adsabs.harvard.edu/abs/2019AJ....158..102H/abstract target=ref>Han et al. 2019</a>,,,,,4.6,1.8,-1.8,0,,,,,,,,,1200,700,-510,0,3.9,2.2,-1.6,0,Mass,,,,,,,,,,,,,0,<a refstr=HAN_ET_AL__2019 href=https://ui.adsabs.harvard.edu/abs/2019AJ....158..102H/abstract target=ref>Han et al. 2019</a>,,5912,49,-49,0,,,,,0.83,0.47,-0.33,0,-0.24,0.05,-0.05,0,[Fe/H],4.5,0.1,-0.1,0,<a refstr=HAN_ET_AL__2019 href=https://ui.adsabs.harvard.edu/abs/2019AJ....158..102H/abstract target=ref>Han et al. 2019</a>,18h08m42.47s,272.1769583,-29d50m08.9s,-29.8358056,4200,1600,-1600,18.21,0.11,-0.11,,,,,,,12/5/19,2019-09,12/5/19
OGLE-2018-BLG-1011L b,OGLE-2018-BLG-1011L,0,1,2,Microlensing,2019,OGLE,Published Confirmed,0,<a refstr=HAN_ET_AL__2019 href=https://ui.adsabs.harvard.edu/abs/2019AJ....158..114H/abstract target=ref>Han et al. 2019</a>,,,,,0.8,0.9,-0.6,0,,,,,,,,,570,1100,-350,0,1.8,3.4,-1.1,0,Mass,,,,,,,,,,,,,0,<a refstr=HAN_ET_AL__2019 href=https://ui.adsabs.harvard.edu/abs/2019AJ....158..114H/abstract target=ref>Han et al. 2019</a>,,,,,,,,,,0.18,0.33,-0.1,0,,,,,,,,,,<a refstr=HAN_ET_AL__2019 href=https://ui.adsabs.harvard.edu/abs/2019AJ....158..114H/abstract target=ref>Han et al. 2019</a>,17h56m03.36s,269.014,-29d04m58.4s,-29.0828889,7100,1100,-1500,,,,,,,,,,12/5/19,2019-09,12/5/19
OGLE-2018-BLG-1011L b,OGLE-2018-BLG-1011L,1,1,2,Microlensing,2019,OGLE,Published Confirmed,0,<a refstr=HAN_ET_AL__2019 href=https://ui.adsabs.harvard.edu/abs/2019AJ....158..114H/abstract target=ref>Han et al. 2019</a>,,,,,1.8,2.1,-1.5,0,,,,,,,,,570,1100,-350,0,1.8,3.4,-1.1,0,Mass,,,,,,,,,,,,,0,<a refstr=HAN_ET_AL__2019 href=https://ui.adsabs.harvard.edu/abs/2019AJ....158..114H/abstract target=ref>Han et al. 2019</a>,,,,,,,,,,0.18,0.33,-0.1,0,,,,,,,,,,<a refstr=HAN_ET_AL__2019 href=https://ui.adsabs.harvard.edu/abs/2019AJ....158..114H/abstract target=ref>Han et al. 2019</a>,17h56m03.36s,269.014,-29d04m58.4s,-29.0828889,7100,1100,-1500,,,,,,,,,,12/5/19,2019-09,9/12/19
OGLE-2018-BLG-1011L b,OGLE-2018-BLG-1011L,0,1,2,Microlensing,2019,OGLE,Published Confirmed,0,<a refstr=HAN_ET_AL__2019 href=https://ui.adsabs.harvard.edu/abs/2019AJ....158..114H/abstract target=ref>Han et al. 2019</a>,,,,,1.8,2.1,-1.5,0,,,,,,,,,570,1100,-350,0,1.8,3.4,-1.1,0,Mass,,,,,,,,,,,,,0,<a refstr=HAN_ET_AL__2019 href=https://ui.adsabs.harvard.edu/abs/2019AJ....158..114H/abstract target=ref>Han et al. 2019</a>,,,,,,,,,,0.18,0.33,-0.1,0,,,,,,,,,,<a refstr=HAN_ET_AL__2019 href=https://ui.adsabs.harvard.edu/abs/2019AJ....158..114H/abstract target=ref>Han et al. 2019</a>,17h56m03.36s,269.014,-29d04m58.4s,-29.0828889,7100,1100,-1500,,,,,,,,,,12/5/19,2019-09,12/5/19
OGLE-2018-BLG-1011L b,OGLE-2018-BLG-1011L,0,1,2,Microlensing,2019,OGLE,Published Confirmed,0,<a refstr=HAN_ET_AL__2019 href=https://ui.adsabs.harvard.edu/abs/2019AJ....158..114H/abstract target=ref>Han et al. 2019</a>,,,,,0.8,0.9,-0.6,0,,,,,,,,,570,1100,-350,0,1.8,3.4,-1.1,0,Mass,,,,,,,,,,,,,0,<a refstr=HAN_ET_AL__2019 href=https://ui.adsabs.harvard.edu/abs/2019AJ....158..114H/abstract target=ref>Han et al. 2019</a>,,,,,,,,,,0.18,0.33,-0.1,0,,,,,,,,,,<a refstr=HAN_ET_AL__2019 href=https://ui.adsabs.harvard.edu/abs/2019AJ....158..114H/abstract target=ref>Han et al. 2019</a>,17h56m03.36s,269.014,-29d04m58.4s,-29.0828889,7100,1100,-1500,,,,,,,,,,12/5/19,2019-09,12/5/19
OGLE-2018-BLG-1011L c,OGLE-2018-BLG-1011L,0,1,2,Microlensing,2019,OGLE,Published Confirmed,0,<a refstr=HAN_ET_AL__2019 href=https://ui.adsabs.harvard.edu/abs/2019AJ....158..114H/abstract target=ref>Han et al. 2019</a>,,,,,0.8,0.9,-0.6,0,,,,,,,,,890,1600,-540,0,2.8,5.1,-1.7,0,Mass,,,,,,,,,,,,,0,<a refstr=HAN_ET_AL__2019 href=https://ui.adsabs.harvard.edu/abs/2019AJ....158..114H/abstract target=ref>Han et al. 2019</a>,,,,,,,,,,0.18,0.33,-0.1,0,,,,,,,,,,<a refstr=HAN_ET_AL__2019 href=https://ui.adsabs.harvard.edu/abs/2019AJ....158..114H/abstract target=ref>Han et al. 2019</a>,17h56m03.36s,269.014,-29d04m58.4s,-29.0828889,7100,1100,-1500,,,,,,,,,,12/5/19,2019-09,12/5/19
OGLE-2018-BLG-1011L c,OGLE-2018-BLG-1011L,0,1,2,Microlensing,2019,OGLE,Published Confirmed,0,<a refstr=HAN_ET_AL__2019 href=https://ui.adsabs.harvard.edu/abs/2019AJ....158..114H/abstract target=ref>Han et al. 2019</a>,,,,,0.8,0.9,-0.6,0,,,,,,,,,890,1600,-540,0,2.8,5.1,-1.7,0,Mass,,,,,,,,,,,,,0,<a refstr=HAN_ET_AL__2019 href=https://ui.adsabs.harvard.edu/abs/2019AJ....158..114H/abstract target=ref>Han et al. 2019</a>,,,,,,,,,,0.18,0.33,-0.1,0,,,,,,,,,,<a refstr=HAN_ET_AL__2019 href=https://ui.adsabs.harvard.edu/abs/2019AJ....158..114H/abstract target=ref>Han et al. 2019</a>,17h56m03.36s,269.014,-29d04m58.4s,-29.0828889,7100,1100,-1500,,,,,,,,,,12/5/19,2019-09,12/5/19
OGLE-2018-BLG-1011L c,OGLE-2018-BLG-1011L,1,1,2,Microlensing,2019,OGLE,Published Confirmed,0,<a refstr=HAN_ET_AL__2019 href=https://ui.adsabs.harvard.edu/abs/2019AJ....158..114H/abstract target=ref>Han et al. 2019</a>,,,,,0.8,0.9,-0.6,0,,,,,,,,,890,1600,-540,0,2.8,5.1,-1.7,0,Mass,,,,,,,,,,,,,0,<a refstr=HAN_ET_AL__2019 href=https://ui.adsabs.harvard.edu/abs/2019AJ....158..114H/abstract target=ref>Han et al. 2019</a>,,,,,,,,,,0.18,0.33,-0.1,0,,,,,,,,,,<a refstr=HAN_ET_AL__2019 href=https://ui.adsabs.harvard.edu/abs/2019AJ....158..114H/abstract target=ref>Han et al. 2019</a>,17h56m03.36s,269.014,-29d04m58.4s,-29.0828889,7100,1100,-1500,,,,,,,,,,12/5/19,2019-09,9/12/19
OGLE-2018-BLG-1011L c,OGLE-2018-BLG-1011L,0,1,2,Microlensing,2019,OGLE,Published Confirmed,0,<a refstr=HAN_ET_AL__2019 href=https://ui.adsabs.harvard.edu/abs/2019AJ....158..114H/abstract target=ref>Han et al. 2019</a>,,,,,0.8,0.9,-0.6,0,,,,,,,,,890,1600,-540,0,2.8,5.1,-1.7,0,Mass,,,,,,,,,,,,,0,<a refstr=HAN_ET_AL__2019 href=https://ui.adsabs.harvard.edu/abs/2019AJ....158..114H/abstract target=ref>Han et al. 2019</a>,,,,,,,,,,0.18,0.33,-0.1,0,,,,,,,,,,<a refstr=HAN_ET_AL__2019 href=https://ui.adsabs.harvard.edu/abs/2019AJ....158..114H/abstract target=ref>Han et al. 2019</a>,17h56m03.36s,269.014,-29d04m58.4s,-29.0828889,7100,1100,-1500,,,,,,,,,,12/5/19,2019-09,12/5/19
PDS 70 c,PDS 70,0,1,2,Imaging,2019,European Southern Observatory,Published Confirmed,0,<a refstr=HAFFERT_ET_AL__2019 href=https://ui.adsabs.harvard.edu/abs/2019NatAs...3..749H/abstract target=ref>Haffert et al. 2019</a>,,,,,34.5,2,-2,0,,,,,,,,,3333.873849,1666.936925,-1666.936925,0,10.48948762,5.24474381,-5.24474381,0,Msin(i)/sin(i),,,,,,,,,,,,,0,<a refstr=HAFFERT_ET_AL__2019 href=https://ui.adsabs.harvard.edu/abs/2019NatAs...3..749H/abstract target=ref>Haffert et al. 2019</a>,,,,,,,,,,,,,,,,,,,,,,,<a refstr=STASSUN_ET_AL__2019 href=https://ui.adsabs.harvard.edu/abs/2019AJ....158..138S/abstract target=ref>TICv8</a>,14h08m10.11s,212.0421402,-41d23m52.95s,-41.3980405,113.064,0.523,-0.519,12.032,0.08,-0.08,8.542,0.023,-0.023,11.5848,0.002437,-0.002437,7/6/20,2019-06,6/13/19
PDS 70 c,PDS 70,1,1,2,Imaging,2019,European Southern Observatory,Published Confirmed,0,<a refstr=WANG_ET_AL__2020 href=https://ui.adsabs.harvard.edu/abs/2020AJ....159..263W/abstract target=ref>Wang et al. 2020</a>,,,,,34,6,-3,0,22.86636,6.83749,-5.04405,0,2.04,0.61,-0.45,0,635.66,317.83,-317.83,0,2,1,-1,0,Mass,0.11,0.12,-0.06,0,,,,,995,71,-49,0,0,<a refstr=WANG_ET_AL__2020 href=https://ui.adsabs.harvard.edu/abs/2020AJ....159..263W/abstract target=ref>Wang et al. 2020</a>,,3972,36,-36,0,,,,,,,,,,,,,,,,,,<a refstr=STASSUN_ET_AL__2019 href=https://ui.adsabs.harvard.edu/abs/2019AJ....158..138S/abstract target=ref>TICv8</a>,14h08m10.11s,212.0421402,-41d23m52.95s,-41.3980405,113.064,0.523,-0.519,12.032,0.08,-0.08,8.542,0.023,-0.023,11.5848,0.002437,-0.002437,7/6/20,2020-06,7/9/20
Qatar-10 b,Qatar-10,0,1,1,Transit,2019,Qatar,Published Confirmed,0,<a refstr=IVSHINA__AMP__WINN_2022 href=https://ui.adsabs.harvard.edu/abs/2022ApJS..259...62I/abstract target=ref>Ivshina &amp; Winn 2022</a>,1.64532608,0.00000045,-0.00000045,0,,,,,,,,,,,,,,,,,,,,,,,,,,,,,,,,,,0,,,,,,,,,,,,,,,,,,,,,,,,<a refstr=STASSUN_ET_AL__2019 href=https://ui.adsabs.harvard.edu/abs/2019AJ....158..138S/abstract target=ref>TICv8</a>,18h57m46.54s,284.4439052,+69d34m15.01s,69.5708373,559.068,6.085,-5.957,12.868,0.057,-0.057,11.382,0.017,-0.017,12.6978,0.000224,-0.000224,10/18/22,2022-04,10/18/22
Qatar-10 b,Qatar-10,0,1,1,Transit,2019,Qatar,Published Confirmed,0,<a refstr=PATEL__AMP__ESPINOZA_2022 href=https://ui.adsabs.harvard.edu/abs/2022AJ....163..228P/abstract target=ref>Patel &amp; Espinoza 2022</a>,1.6453196,0.0000066,-0.0000066,0,,,,,,,,,,,,,,,,,,,,,,,,,,,,,,,,,,0,<a refstr=ALSUBAI_ET_AL__2019 href=https://ui.adsabs.harvard.edu/abs/2019AJ....157..224A/abstract target=ref>Alsubai et al. 2019</a>,F7 V,6124,46,-46,0,1.254,0.026,-0.026,0,1.156,0.068,-0.068,0,0.016,0.089,-0.089,0,[Fe/H],4.303,0.027,-0.027,0,<a refstr=STASSUN_ET_AL__2019 href=https://ui.adsabs.harvard.edu/abs/2019AJ....158..138S/abstract target=ref>TICv8</a>,18h57m46.54s,284.4439052,+69d34m15.01s,69.5708373,559.068,6.085,-5.957,12.868,0.057,-0.057,11.382,0.017,-0.017,12.6978,0.000224,-0.000224,5/3/22,2022-05,5/3/22
Qatar-10 b,Qatar-10,0,1,1,Transit,2019,Qatar,TESS Project Candidate,0,<a refstr=EXOFOP_TESS_TOI href=https://exofop.ipac.caltech.edu/tess/view_toi.php target=ref>ExoFOP-TESS TOI</a>,1.6453265,0.0000003,-0.0000003,0,,,,,19.0536,0.849766,-0.849766,0,1.69985126,0.07581118,-0.07581118,0,,,,,,,,,,,,,,1816.48,,,0,1818,,,0,0,<a refstr=EXOFOP_TESS_TOI href=https://exofop.ipac.caltech.edu/tess/view_toi.php target=ref>ExoFOP-TESS TOI</a>,,6023,120.7,-120.7,0,1.32,0.06,-0.06,0,,,,,,,,,,4.25,0.08,-0.08,0,<a refstr=STASSUN_ET_AL__2019 href=https://ui.adsabs.harvard.edu/abs/2019AJ....158..138S/abstract target=ref>TICv8</a>,18h57m46.54s,284.4439052,+69d34m15.01s,69.5708373,559.068,6.085,-5.957,12.868,0.057,-0.057,11.382,0.017,-0.017,12.6978,0.000224,-0.000224,10/10/22,2017-07,10/10/22
Qatar-10 b,Qatar-10,0,1,1,Transit,2019,Qatar,Published Confirmed,0,<a refstr=KOKORI_ET_AL__2023 href=https://ui.adsabs.harvard.edu/abs/2023ApJS..265....4K/abstract target=ref>Kokori et al. 2023</a>,1.64532652,0.0000005,-0.0000005,0,,,,,,,,,,,,,,,,,,,,,,,,,,,,,,,,,,0,<a refstr=ALSUBAI_ET_AL__2019 href=https://ui.adsabs.harvard.edu/abs/2019AJ....157..224A/abstract target=ref>Alsubai et al. 2019</a>,F7 V,6124,46,-46,0,1.254,0.026,-0.026,0,1.156,0.068,-0.068,0,0.016,0.089,-0.089,0,[Fe/H],4.303,0.027,-0.027,0,<a refstr=STASSUN_ET_AL__2019 href=https://ui.adsabs.harvard.edu/abs/2019AJ....158..138S/abstract target=ref>TICv8</a>,18h57m46.54s,284.4439052,+69d34m15.01s,69.5708373,559.068,6.085,-5.957,12.868,0.057,-0.057,11.382,0.017,-0.017,12.6978,0.000224,-0.000224,3/4/24,2023-03,3/4/24
Qatar-10 b,Qatar-10,1,1,1,Transit,2019,Qatar,Published Confirmed,0,<a refstr=ALSUBAI_ET_AL__2019 href=https://ui.adsabs.harvard.edu/abs/2019AJ....157..224A/abstract target=ref>Alsubai et al. 2019</a>,1.645321,0.00001,-0.00001,0,0.0286,0.0006,-0.0006,0,17.295487,0.44836,-0.44836,0,1.543,0.04,-0.04,0,233.92288,28.6047,-28.6047,0,0.736,0.09,-0.09,0,Mass,0,,,0,,,,,1955,25,-25,0,0,<a refstr=ALSUBAI_ET_AL__2019 href=https://ui.adsabs.harvard.edu/abs/2019AJ....157..224A/abstract target=ref>Alsubai et al. 2019</a>,F7 V,6124,46,-46,0,1.254,0.026,-0.026,0,1.156,0.068,-0.068,0,0.016,0.089,-0.089,0,[Fe/H],4.303,0.027,-0.027,0,<a refstr=STASSUN_ET_AL__2019 href=https://ui.adsabs.harvard.edu/abs/2019AJ....158..138S/abstract target=ref>TICv8</a>,18h57m46.54s,284.4439052,+69d34m15.01s,69.5708373,559.068,6.085,-5.957,12.868,0.057,-0.057,11.382,0.017,-0.017,12.6978,0.000224,-0.000224,4/30/19,2019-06,5/2/19
Qatar-7 b,Qatar-7,0,1,1,Transit,2019,Qatar,Published Confirmed,0,<a refstr=IVSHINA__AMP__WINN_2022 href=https://ui.adsabs.harvard.edu/abs/2022ApJS..259...62I/abstract target=ref>Ivshina &amp; Winn 2022</a>,2.032069,0.000018,-0.000018,0,,,,,,,,,,,,,,,,,,,,,,,,,,,,,,,,,,0,,,,,,,,,,,,,,,,,,,,,,,,<a refstr=STASSUN_ET_AL__2019 href=https://ui.adsabs.harvard.edu/abs/2019AJ....158..138S/abstract target=ref>TICv8</a>,23h54m03.63s,358.5151344,+37d01m18.57s,37.0218242,705.981,26.066,-24.305,13.134,0.069,-0.069,11.561,0.02,-0.02,12.9275,0.000423,-0.000423,10/18/22,2022-04,10/18/22
Qatar-7 b,Qatar-7,1,1,1,Transit,2019,Qatar,Published Confirmed,0,<a refstr=ALSUBAI_ET_AL__2019 href=https://ui.adsabs.harvard.edu/abs/2019AJ....157...74A/abstract target=ref>Alsubai et al. 2019</a>,2.032046,0.0000097,-0.000014,0,0.0352,0.0002,-0.0002,0,19.0553,0.33627,-0.33627,0,1.7,0.03,-0.03,0,597.5204,79.4575,-79.4575,0,1.88,0.25,-0.25,0,Mass,0,,,0,,,,,2053,15,-15,0,0,<a refstr=ALSUBAI_ET_AL__2019 href=https://ui.adsabs.harvard.edu/abs/2019AJ....157...74A/abstract target=ref>Alsubai et al. 2019</a>,F4 V,6387,38,-38,0,1.564,0.021,-0.021,0,1.409,0.026,-0.026,0,0.276,0.071,-0.071,0,[Fe/H],4.196,0.029,-0.029,0,<a refstr=STASSUN_ET_AL__2019 href=https://ui.adsabs.harvard.edu/abs/2019AJ....158..138S/abstract target=ref>TICv8</a>,23h54m03.63s,358.5151344,+37d01m18.57s,37.0218242,705.981,26.066,-24.305,13.134,0.069,-0.069,11.561,0.02,-0.02,12.9275,0.000423,-0.000423,5/1/20,2019-02,5/7/20
Qatar-7 b,Qatar-7,0,1,1,Transit,2019,Qatar,TESS Project Candidate,0,<a refstr=EXOFOP_TESS_TOI href=https://exofop.ipac.caltech.edu/tess/view_toi.php target=ref>ExoFOP-TESS TOI</a>,2.031988345,9.39064E-05,-9.39064E-05,0,,,,,17.71639788,1.0699655,-1.0699655,0,1.58055387,0.09545609,-0.09545609,0,,,,,,,,,,,,,,2886.2922,,,0,1869.41,,,0,0,<a refstr=EXOFOP_TESS_TOI href=https://exofop.ipac.caltech.edu/tess/view_toi.php target=ref>ExoFOP-TESS TOI</a>,,6161,134.74,-134.74,0,1.56523,0.091457,-0.091457,0,,,,,,,,,,4.1171,0.092199,-0.092199,0,<a refstr=STASSUN_ET_AL__2019 href=https://ui.adsabs.harvard.edu/abs/2019AJ....158..138S/abstract target=ref>TICv8</a>,23h54m03.63s,358.5151344,+37d01m18.57s,37.0218242,705.981,26.066,-24.305,13.134,0.069,-0.069,11.561,0.02,-0.02,12.9275,0.000423,-0.000423,1/4/23,2017-07,1/4/23
Qatar-7 b,Qatar-7,0,1,1,Transit,2019,Qatar,Published Confirmed,0,<a refstr=KOKORI_ET_AL__2023 href=https://ui.adsabs.harvard.edu/abs/2023ApJS..265....4K/abstract target=ref>Kokori et al. 2023</a>,2.03202332,0.00000033,-0.00000033,0,,,,,,,,,,,,,,,,,,,,,,,,,,,,,,,,,,0,<a refstr=ALSUBAI_ET_AL__2019 href=https://ui.adsabs.harvard.edu/abs/2019AJ....157...74A/abstract target=ref>Alsubai et al. 2019</a>,F4 V,6387,38,-38,0,1.564,0.021,-0.021,0,1.409,0.026,-0.026,0,0.276,0.071,-0.071,0,[Fe/H],4.196,0.029,-0.029,0,<a refstr=STASSUN_ET_AL__2019 href=https://ui.adsabs.harvard.edu/abs/2019AJ....158..138S/abstract target=ref>TICv8</a>,23h54m03.63s,358.5151344,+37d01m18.57s,37.0218242,705.981,26.066,-24.305,13.134,0.069,-0.069,11.561,0.02,-0.02,12.9275,0.000423,-0.000423,3/4/24,2023-03,3/4/24
Qatar-8 b,Qatar-8,0,1,1,Transit,2019,Qatar,Published Confirmed,0,<a refstr=IVSHINA__AMP__WINN_2022 href=https://ui.adsabs.harvard.edu/abs/2022ApJS..259...62I/abstract target=ref>Ivshina &amp; Winn 2022</a>,3.7146467,0.0000015,-0.0000015,0,,,,,,,,,,,,,,,,,,,,,,,,,,,,,,,,,,0,,,,,,,,,,,,,,,,,,,,,,,,<a refstr=STASSUN_ET_AL__2019 href=https://ui.adsabs.harvard.edu/abs/2019AJ....158..138S/abstract target=ref>TICv8</a>,10h29m38.96s,157.4123405,+70d31m37.50s,70.5270835,281.498,2.588,-2.543,11.71,0.016,-0.016,9.937,0.015,-0.015,11.3494,0.000525,-0.000525,10/18/22,2022-04,10/18/22
Qatar-8 b,Qatar-8,1,1,1,Transit,2019,Qatar,Published Confirmed,0,<a refstr=ALSUBAI_ET_AL__2019 href=https://ui.adsabs.harvard.edu/abs/2019AJ....157..224A/abstract target=ref>Alsubai et al. 2019</a>,3.71495,0.001,-0.001,0,0.0474,0.0008,-0.0008,0,14.403565,0.246598,-0.246598,0,1.285,0.022,-0.022,0,117.91493,19.70546,-19.70546,0,0.371,0.062,-0.062,0,Mass,0,,,0,,,,,1457,14,-14,0,0,<a refstr=ALSUBAI_ET_AL__2019 href=https://ui.adsabs.harvard.edu/abs/2019AJ....157..224A/abstract target=ref>Alsubai et al. 2019</a>,G0 V,5738,51,-51,0,1.315,0.02,-0.02,0,1.029,0.051,-0.051,0,0.025,0.071,-0.071,0,[Fe/H],4.214,0.016,-0.016,0,<a refstr=STASSUN_ET_AL__2019 href=https://ui.adsabs.harvard.edu/abs/2019AJ....158..138S/abstract target=ref>TICv8</a>,10h29m38.96s,157.4123405,+70d31m37.50s,70.5270835,281.498,2.588,-2.543,11.71,0.016,-0.016,9.937,0.015,-0.015,11.3494,0.000525,-0.000525,4/30/19,2019-06,5/2/19
Qatar-8 b,Qatar-8,0,1,1,Transit,2019,Qatar,Published Confirmed,0,<a refstr=KOKORI_ET_AL__2023 href=https://ui.adsabs.harvard.edu/abs/2023ApJS..265....4K/abstract target=ref>Kokori et al. 2023</a>,3.7146458,0.0000029,-0.0000029,0,,,,,,,,,,,,,,,,,,,,,,,,,,,,,,,,,,0,<a refstr=ALSUBAI_ET_AL__2019 href=https://ui.adsabs.harvard.edu/abs/2019AJ....157..224A/abstract target=ref>Alsubai et al. 2019</a>,G0 V,5738,51,-51,0,1.315,0.02,-0.02,0,1.029,0.051,-0.051,0,0.025,0.071,-0.071,0,[Fe/H],4.214,0.016,-0.016,0,<a refstr=STASSUN_ET_AL__2019 href=https://ui.adsabs.harvard.edu/abs/2019AJ....158..138S/abstract target=ref>TICv8</a>,10h29m38.96s,157.4123405,+70d31m37.50s,70.5270835,281.498,2.588,-2.543,11.71,0.016,-0.016,9.937,0.015,-0.015,11.3494,0.000525,-0.000525,3/4/24,2023-03,3/4/24
Qatar-8 b,Qatar-8,0,1,1,Transit,2019,Qatar,TESS Project Candidate,0,<a refstr=EXOFOP_TESS_TOI href=https://exofop.ipac.caltech.edu/tess/view_toi.php target=ref>ExoFOP-TESS TOI</a>,3.7146478,0.0000015,-0.0000015,0,,,,,15.2308,0.759299,-0.759299,0,1.3588033,0.06774024,-0.06774024,0,,,,,,,,,,,,,,698.148,,,0,1432,,,0,0,<a refstr=EXOFOP_TESS_TOI href=https://exofop.ipac.caltech.edu/tess/view_toi.php target=ref>ExoFOP-TESS TOI</a>,,5783,125.2,-125.2,0,1.32,0.07,-0.07,0,,,,,,,,,,4.21,0.07,-0.07,0,<a refstr=STASSUN_ET_AL__2019 href=https://ui.adsabs.harvard.edu/abs/2019AJ....158..138S/abstract target=ref>TICv8</a>,10h29m38.96s,157.4123405,+70d31m37.50s,70.5270835,281.498,2.588,-2.543,11.71,0.016,-0.016,9.937,0.015,-0.015,11.3494,0.000525,-0.000525,8/9/22,2017-07,8/9/22
Qatar-8 b,Qatar-8,0,1,1,Transit,2019,Qatar,Published Confirmed,0,<a refstr=MACIEJEWSKI_2020 href=https://ui.adsabs.harvard.edu/abs/2020AcA....70..181M/abstract target=ref>Maciejewski 2020</a>,3.7146428,0.000006,-0.000006,0,,,,,,,,,,,,,,,,,,,,,,,,,,,,,,,,,,0,<a refstr=STASSUN_ET_AL__2019 href=https://ui.adsabs.harvard.edu/abs/2019AJ....158..138S/abstract target=ref>TICv8</a>,,5783,98.77,-151.64,0,1.32425,0.064572,-0.067157,0,1.04,0.115854,-0.142586,0,,,,,,4.21116,0.065699,-0.081394,0,<a refstr=STASSUN_ET_AL__2019 href=https://ui.adsabs.harvard.edu/abs/2019AJ....158..138S/abstract target=ref>TICv8</a>,10h29m38.96s,157.4123405,+70d31m37.50s,70.5270835,281.498,2.588,-2.543,11.71,0.016,-0.016,9.937,0.015,-0.015,11.3494,0.000525,-0.000525,11/13/20,2020-09,11/19/20
Qatar-9 b,Qatar-9,1,1,1,Transit,2019,Qatar,Published Confirmed,0,<a refstr=ALSUBAI_ET_AL__2019 href=https://ui.adsabs.harvard.edu/abs/2019AJ....157..224A/abstract target=ref>Alsubai et al. 2019</a>,1.540731,0.000038,-0.000038,0,0.0234,0.0003,-0.0003,0,11.309881,0.156926,-0.156926,0,1.009,0.014,-0.014,0,378.2177,50.8528,-50.8528,0,1.19,0.16,-0.16,0,Mass,0,,,0,,,,,1134,9,-9,0,0,<a refstr=ALSUBAI_ET_AL__2019 href=https://ui.adsabs.harvard.edu/abs/2019AJ....157..224A/abstract target=ref>Alsubai et al. 2019</a>,K5 V,4309,31,-31,0,0.696,0.008,-0.008,0,0.719,0.024,-0.024,0,0.252,0.076,-0.076,0,[Fe/H],4.61,0.01,-0.01,0,<a refstr=STASSUN_ET_AL__2019 href=https://ui.adsabs.harvard.edu/abs/2019AJ....158..138S/abstract target=ref>TICv8</a>,10h42m59.54s,160.748095,+60d57m50.83s,60.9641194,213.771,0.84,-0.834,14.023,0.092,-0.092,11.104,0.023,-0.023,13.6871,0.000261,-0.000261,4/30/19,2019-06,5/2/19
Qatar-9 b,Qatar-9,0,1,1,Transit,2019,Qatar,TESS Project Candidate,0,<a refstr=EXOFOP_TESS_TOI href=https://exofop.ipac.caltech.edu/tess/view_toi.php target=ref>ExoFOP-TESS TOI</a>,1.540776,0.0000007,-0.0000007,0,,,,,13.3674,1.1963,-1.1963,0,1.1925616,0.10672692,-0.10672692,0,,,,,,,,,,,,,,210.669,,,0,1061,,,0,0,<a refstr=EXOFOP_TESS_TOI href=https://exofop.ipac.caltech.edu/tess/view_toi.php target=ref>ExoFOP-TESS TOI</a>,,4234,120.1,-120.1,0,0.77,0.07,-0.07,0,,,,,,,,,,4.49,0.1,-0.1,0,<a refstr=STASSUN_ET_AL__2019 href=https://ui.adsabs.harvard.edu/abs/2019AJ....158..138S/abstract target=ref>TICv8</a>,10h42m59.54s,160.748095,+60d57m50.83s,60.9641194,213.771,0.84,-0.834,14.023,0.092,-0.092,11.104,0.023,-0.023,13.6871,0.000261,-0.000261,8/30/24,2017-07,8/30/24
Qatar-9 b,Qatar-9,0,1,1,Transit,2019,Qatar,Published Confirmed,0,<a refstr=IVSHINA__AMP__WINN_2022 href=https://ui.adsabs.harvard.edu/abs/2022ApJS..259...62I/abstract target=ref>Ivshina &amp; Winn 2022</a>,1.54077534,0.00000046,-0.00000046,0,,,,,,,,,,,,,,,,,,,,,,,,,,,,,,,,,,0,,,,,,,,,,,,,,,,,,,,,,,,<a refstr=STASSUN_ET_AL__2019 href=https://ui.adsabs.harvard.edu/abs/2019AJ....158..138S/abstract target=ref>TICv8</a>,10h42m59.54s,160.748095,+60d57m50.83s,60.9641194,213.771,0.84,-0.834,14.023,0.092,-0.092,11.104,0.023,-0.023,13.6871,0.000261,-0.000261,10/18/22,2022-04,10/18/22
Qatar-9 b,Qatar-9,0,1,1,Transit,2019,Qatar,Published Confirmed,0,<a refstr=KOKORI_ET_AL__2023 href=https://ui.adsabs.harvard.edu/abs/2023ApJS..265....4K/abstract target=ref>Kokori et al. 2023</a>,1.54077512,0.00000045,-0.00000045,0,,,,,,,,,,,,,,,,,,,,,,,,,,,,,,,,,,0,<a refstr=ALSUBAI_ET_AL__2019 href=https://ui.adsabs.harvard.edu/abs/2019AJ....157..224A/abstract target=ref>Alsubai et al. 2019</a>,K5 V,4309,31,-31,0,0.696,0.008,-0.008,0,0.719,0.024,-0.024,0,0.252,0.076,-0.076,0,[Fe/H],4.61,0.01,-0.01,0,<a refstr=STASSUN_ET_AL__2019 href=https://ui.adsabs.harvard.edu/abs/2019AJ....158..138S/abstract target=ref>TICv8</a>,10h42m59.54s,160.748095,+60d57m50.83s,60.9641194,213.771,0.84,-0.834,14.023,0.092,-0.092,11.104,0.023,-0.023,13.6871,0.000261,-0.000261,3/4/24,2023-03,3/4/24
TOI-125 b,TOI-125,0,1,3,Transit,2019,Transiting Exoplanet Survey Satellite (TESS),Published Confirmed,0,<a refstr=KOKORI_ET_AL__2023 href=https://ui.adsabs.harvard.edu/abs/2023ApJS..265....4K/abstract target=ref>Kokori et al. 2023</a>,4.651853,0.000019,-0.000019,0,,,,,,,,,,,,,,,,,,,,,,0.194,0.041,-0.036,0,,,,,,,,,0,<a refstr=QUINN_ET_AL__2019 href=https://ui.adsabs.harvard.edu/abs/2019AJ....158..177Q/abstract target=ref>Quinn et al. 2019</a>,K0 V,5282,67,-75,0,0.852,0.017,-0.016,0,0.871,0.046,-0.04,0,0.069,0.083,-0.081,0,[Fe/H],4.518,0.027,-0.027,0,<a refstr=STASSUN_ET_AL__2019 href=https://ui.adsabs.harvard.edu/abs/2019AJ....158..138S/abstract target=ref>TICv8</a>,01h34m22.42s,23.5934253,-66d40m34.86s,-66.6763495,111.059,0.444,-0.44,11.023,0.008,-0.008,8.995,0.021,-0.021,10.718,0.000411,-0.000411,3/4/24,2023-03,3/4/24
TOI-125 b,TOI-125,0,1,3,Transit,2019,Transiting Exoplanet Survey Satellite (TESS),TESS Project Candidate,0,<a refstr=EXOFOP_TESS_TOI href=https://exofop.ipac.caltech.edu/tess/view_toi.php target=ref>ExoFOP-TESS TOI</a>,4.6517186,0.0000083,-0.0000083,0,,,,,2.66889,0.203698,-0.203698,0,0.23810283,0.01817275,-0.01817275,0,,,,,,,,,,,,,,540.772,,,0,1343,,,0,0,<a refstr=EXOFOP_TESS_TOI href=https://exofop.ipac.caltech.edu/tess/view_toi.php target=ref>ExoFOP-TESS TOI</a>,,5154,182,-182,0,0.85,0.05,-0.05,0,,,,,,,,,,4.47072,0.28501,-0.28501,0,<a refstr=STASSUN_ET_AL__2019 href=https://ui.adsabs.harvard.edu/abs/2019AJ....158..138S/abstract target=ref>TICv8</a>,01h34m22.42s,23.5934253,-66d40m34.86s,-66.6763495,111.059,0.444,-0.44,11.023,0.008,-0.008,8.995,0.021,-0.021,10.718,0.000411,-0.000411,12/4/23,2017-07,12/4/23
TOI-125 b,TOI-125,0,1,3,Transit,2019,Transiting Exoplanet Survey Satellite (TESS),Published Confirmed,0,<a refstr=QUINN_ET_AL__2019 href=https://ui.adsabs.harvard.edu/abs/2019AJ....158..177Q/abstract target=ref>Quinn et al. 2019</a>,4.65382,0.00032,-0.00031,0,0.0521,0.0009,-0.00082,0,2.755,0.091,-0.079,0,0.24578464,0.00811848,-0.00704791,0,,,,,,,,,,0.183,0.14,-0.098,0,179,12,-14,0,1029,14,-14,0,0,<a refstr=QUINN_ET_AL__2019 href=https://ui.adsabs.harvard.edu/abs/2019AJ....158..177Q/abstract target=ref>Quinn et al. 2019</a>,K0 V,5282,67,-75,0,0.852,0.017,-0.016,0,0.871,0.046,-0.04,0,0.069,0.083,-0.081,0,[Fe/H],4.518,0.027,-0.027,0,<a refstr=STASSUN_ET_AL__2019 href=https://ui.adsabs.harvard.edu/abs/2019AJ....158..138S/abstract target=ref>TICv8</a>,01h34m22.42s,23.5934253,-66d40m34.86s,-66.6763495,111.059,0.444,-0.44,11.023,0.008,-0.008,8.995,0.021,-0.021,10.718,0.000411,-0.000411,2/6/20,2019-11,11/7/19
TOI-125 b,TOI-125,1,1,3,Transit,2019,Transiting Exoplanet Survey Satellite (TESS),Published Confirmed,0,<a refstr=NIELSEN_ET_AL__2020 href=https://ui.adsabs.harvard.edu/abs/2020MNRAS.492.5399N/abstract target=ref>Nielsen et al. 2020</a>,4.65382,0.00033,-0.00031,0,0.05186,0.00086,-0.00077,0,2.726,0.075,-0.075,0,0.24319743,0.00669105,-0.00669105,0,9.5,0.88,-0.88,0,0.02989019,0.00276878,-0.00276878,0,Mass,0.194,0.041,-0.036,0,185,9,-9,0,1037,11,-11,0,0,<a refstr=NIELSEN_ET_AL__2020 href=https://ui.adsabs.harvard.edu/abs/2020MNRAS.492.5399N/abstract target=ref>Nielsen et al. 2020</a>,K0 V,5320,39,-39,0,0.848,0.011,-0.011,0,0.859,0.044,-0.038,0,-0.02,0.03,-0.03,0,[Fe/H],4.516,0.024,-0.024,0,<a refstr=STASSUN_ET_AL__2019 href=https://ui.adsabs.harvard.edu/abs/2019AJ....158..138S/abstract target=ref>TICv8</a>,01h34m22.42s,23.5934253,-66d40m34.86s,-66.6763495,111.059,0.444,-0.44,11.023,0.008,-0.008,8.995,0.021,-0.021,10.718,0.000411,-0.000411,2/6/20,2020-03,2/13/20
TOI-125 c,TOI-125,1,1,3,Transit,2019,Transiting Exoplanet Survey Satellite (TESS),Published Confirmed,0,<a refstr=NIELSEN_ET_AL__2020 href=https://ui.adsabs.harvard.edu/abs/2020MNRAS.492.5399N/abstract target=ref>Nielsen et al. 2020</a>,9.15059,0.0007,-0.00082,0,0.0814,0.0013,-0.0013,0,2.759,0.1,-0.1,0,0.24614149,0.0089214,-0.0089214,0,6.63,0.99,-0.99,0,0.02086021,0.00311487,-0.00311487,0,Mass,0.066,0.07,-0.047,0,77.59,3.31,-3.31,0,827.8,8.6,-8.6,0,0,<a refstr=NIELSEN_ET_AL__2020 href=https://ui.adsabs.harvard.edu/abs/2020MNRAS.492.5399N/abstract target=ref>Nielsen et al. 2020</a>,K0 V,5320,39,-39,0,0.848,0.011,-0.011,0,0.859,0.044,-0.038,0,-0.02,0.03,-0.03,0,[Fe/H],4.516,0.024,-0.024,0,<a refstr=STASSUN_ET_AL__2019 href=https://ui.adsabs.harvard.edu/abs/2019AJ....158..138S/abstract target=ref>TICv8</a>,01h34m22.42s,23.5934253,-66d40m34.86s,-66.6763495,111.059,0.444,-0.44,11.023,0.008,-0.008,8.995,0.021,-0.021,10.718,0.000411,-0.000411,2/6/20,2020-03,2/13/20
TOI-125 c,TOI-125,0,1,3,Transit,2019,Transiting Exoplanet Survey Satellite (TESS),Published Confirmed,0,<a refstr=QUINN_ET_AL__2019 href=https://ui.adsabs.harvard.edu/abs/2019AJ....158..177Q/abstract target=ref>Quinn et al. 2019</a>,9.15067,0.00062,-0.00069,0,0.0818,0.0014,-0.0013,0,2.79,0.1,-0.1,0,0.24890713,0.0089214,-0.0089214,0,,,,,,,,,,0.065,0.067,-0.046,0,75.39,4.11,-4.04,0,821,11,-11,0,0,<a refstr=QUINN_ET_AL__2019 href=https://ui.adsabs.harvard.edu/abs/2019AJ....158..177Q/abstract target=ref>Quinn et al. 2019</a>,K0 V,5282,67,-75,0,0.852,0.017,-0.016,0,0.871,0.046,-0.04,0,0.069,0.083,-0.081,0,[Fe/H],4.518,0.027,-0.027,0,<a refstr=STASSUN_ET_AL__2019 href=https://ui.adsabs.harvard.edu/abs/2019AJ....158..138S/abstract target=ref>TICv8</a>,01h34m22.42s,23.5934253,-66d40m34.86s,-66.6763495,111.059,0.444,-0.44,11.023,0.008,-0.008,8.995,0.021,-0.021,10.718,0.000411,-0.000411,2/6/20,2019-11,11/7/19
TOI-125 c,TOI-125,0,1,3,Transit,2019,Transiting Exoplanet Survey Satellite (TESS),TESS Project Candidate,0,<a refstr=EXOFOP_TESS_TOI href=https://exofop.ipac.caltech.edu/tess/view_toi.php target=ref>ExoFOP-TESS TOI</a>,9.1549418,0.0000249,-0.0000249,0,,,,,2.62011,0.183373,-0.183373,0,0.23375096,0.01635947,-0.01635947,0,,,,,,,,,,,,,,42.2592,,,0,710,,,0,0,<a refstr=EXOFOP_TESS_TOI href=https://exofop.ipac.caltech.edu/tess/view_toi.php target=ref>ExoFOP-TESS TOI</a>,,5154,182,-182,0,0.85,0.05,-0.05,0,,,,,,,,,,4.47072,0.28501,-0.28501,0,<a refstr=STASSUN_ET_AL__2019 href=https://ui.adsabs.harvard.edu/abs/2019AJ....158..138S/abstract target=ref>TICv8</a>,01h34m22.42s,23.5934253,-66d40m34.86s,-66.6763495,111.059,0.444,-0.44,11.023,0.008,-0.008,8.995,0.021,-0.021,10.718,0.000411,-0.000411,10/14/24,2017-07,10/14/24
TOI-125 c,TOI-125,0,1,3,Transit,2019,Transiting Exoplanet Survey Satellite (TESS),Published Confirmed,0,<a refstr=KOKORI_ET_AL__2023 href=https://ui.adsabs.harvard.edu/abs/2023ApJS..265....4K/abstract target=ref>Kokori et al. 2023</a>,9.154545,0.000047,-0.000047,0,,,,,,,,,,,,,,,,,,,,,,0.066,0.07,-0.047,0,,,,,,,,,0,<a refstr=QUINN_ET_AL__2019 href=https://ui.adsabs.harvard.edu/abs/2019AJ....158..177Q/abstract target=ref>Quinn et al. 2019</a>,K0 V,5282,67,-75,0,0.852,0.017,-0.016,0,0.871,0.046,-0.04,0,0.069,0.083,-0.081,0,[Fe/H],4.518,0.027,-0.027,0,<a refstr=STASSUN_ET_AL__2019 href=https://ui.adsabs.harvard.edu/abs/2019AJ....158..138S/abstract target=ref>TICv8</a>,01h34m22.42s,23.5934253,-66d40m34.86s,-66.6763495,111.059,0.444,-0.44,11.023,0.008,-0.008,8.995,0.021,-0.021,10.718,0.000411,-0.000411,3/4/24,2023-03,3/4/24
TOI-150.01,TOI-150,1,1,1,Transit,2019,Transiting Exoplanet Survey Satellite (TESS),Published Confirmed,0,<a refstr=KOSSAKOWSKI_ET_AL__2019 href=https://ui.adsabs.harvard.edu/abs/2019MNRAS.490.1094K/abstract target=ref>Kossakowski et al. 2019</a>,5.857487,0.000089,-0.000097,0,0.07037,0.00087,-0.00088,0,14.067295,0.235389,-0.212971,0,1.255,0.021,-0.019,0,797.7533,38.1396,-38.1396,0,2.51,0.12,-0.12,0,Mass,0.262,0.045,-0.037,0,,,,,1404.5,7.1,-6.5,0,0,<a refstr=KOSSAKOWSKI_ET_AL__2019 href=https://ui.adsabs.harvard.edu/abs/2019MNRAS.490.1094K/abstract target=ref>Kossakowski et al. 2019</a>,F,6255,90,-90,0,1.526,0.012,-0.012,0,1.351,0.038,-0.026,0,0.28,0.036,-0.036,0,[Fe/H],4.13,0.009,-0.009,0,<a refstr=STASSUN_ET_AL__2019 href=https://ui.adsabs.harvard.edu/abs/2019AJ....158..138S/abstract target=ref>TICv8</a>,07h31m51.70s,112.965421,-73d36m21.73s,-73.6060358,336.267,1.927,-1.905,11.39,0.015,-0.015,9.94,0.019,-0.019,11.3408,0.000316,-0.000316,11/1/19,2019-11,11/7/19
TOI-150.01,TOI-150,0,1,1,Transit,2019,Transiting Exoplanet Survey Satellite (TESS),Published Confirmed,0,<a refstr=CA_NTILDE_AS_ET_AL__2019 href=https://ui.adsabs.harvard.edu/abs/2019ApJ...877L..29C/abstract target=ref>Ca&ntilde;as et al. 2019</a>,5.857342,0.000065,-0.000066,0,0.0583,0.0013,-0.0018,0,15.46842,0.44836,-0.44836,0,1.38,0.04,-0.04,0,556.2025,44.4962,-54.0311,0,1.75,0.14,-0.17,0,Mass,0,,,0,,,,,1493,29,-32,0,0,<a refstr=CA_NTILDE_AS_ET_AL__2019 href=https://ui.adsabs.harvard.edu/abs/2019ApJ...877L..29C/abstract target=ref>Ca&ntilde;as et al. 2019</a>,,6003,104,-98,0,1.551,0.024,-0.025,0,1.249,0.069,-0.115,0,0.235,0.083,-0.084,0,[Fe/H],4.152,0.03,-0.043,0,<a refstr=STASSUN_ET_AL__2019 href=https://ui.adsabs.harvard.edu/abs/2019AJ....158..138S/abstract target=ref>TICv8</a>,07h31m51.70s,112.965421,-73d36m21.73s,-73.6060358,336.267,1.927,-1.905,11.39,0.015,-0.015,9.94,0.019,-0.019,11.3408,0.000316,-0.000316,11/1/19,2019-06,6/13/19
TOI-150.01,TOI-150,0,1,1,Transit,2019,Transiting Exoplanet Survey Satellite (TESS),TESS Project Candidate,0,<a refstr=EXOFOP_TESS_TOI href=https://exofop.ipac.caltech.edu/tess/view_toi.php target=ref>ExoFOP-TESS TOI</a>,5.857407538,3.09407E-06,-3.09407E-06,0,,,,,13.88927615,0.61632216,-0.61632216,0,1.23912036,0.05498467,-0.05498467,0,,,,,,,,,,,,,,750.922,,,0,1335.11,,,0,0,<a refstr=EXOFOP_TESS_TOI href=https://exofop.ipac.caltech.edu/tess/view_toi.php target=ref>ExoFOP-TESS TOI</a>,,5982.9,108.8,-108.8,0,1.67987,0.074126,-0.074126,0,,,,,,,,,,4.03,0.08,-0.08,0,<a refstr=STASSUN_ET_AL__2019 href=https://ui.adsabs.harvard.edu/abs/2019AJ....158..138S/abstract target=ref>TICv8</a>,07h31m51.70s,112.965421,-73d36m21.73s,-73.6060358,336.267,1.927,-1.905,11.39,0.015,-0.015,9.94,0.019,-0.019,11.3408,0.000316,-0.000316,10/9/23,2017-07,10/9/23
TOI-150.01,TOI-150,0,1,1,Transit,2019,Transiting Exoplanet Survey Satellite (TESS),Published Confirmed,0,<a refstr=KOKORI_ET_AL__2023 href=https://ui.adsabs.harvard.edu/abs/2023ApJS..265....4K/abstract target=ref>Kokori et al. 2023</a>,5.8574204,0.0000033,-0.0000033,0,,,,,,,,,,,,,,,,,,,,,,,,,,,,,,,,,,0,<a refstr=CA_NTILDE_AS_ET_AL__2019 href=https://ui.adsabs.harvard.edu/abs/2019ApJ...877L..29C/abstract target=ref>Ca&ntilde;as et al. 2019</a>,,6003,104,-98,0,1.551,0.024,-0.025,0,1.249,0.069,-0.115,0,0.235,0.083,-0.084,0,[Fe/H],4.152,0.03,-0.043,0,<a refstr=STASSUN_ET_AL__2019 href=https://ui.adsabs.harvard.edu/abs/2019AJ....158..138S/abstract target=ref>TICv8</a>,07h31m51.70s,112.965421,-73d36m21.73s,-73.6060358,336.267,1.927,-1.905,11.39,0.015,-0.015,9.94,0.019,-0.019,11.3408,0.000316,-0.000316,3/4/24,2023-03,3/4/24
TOI-163 b,TOI-163,0,1,1,Transit,2019,Transiting Exoplanet Survey Satellite (TESS),TESS Project Candidate,0,<a refstr=EXOFOP_TESS_TOI href=https://exofop.ipac.caltech.edu/tess/view_toi.php target=ref>ExoFOP-TESS TOI</a>,4.231117262,6.3453E-07,-6.3453E-07,0,,,,,14.62607111,0.68786657,-0.68786657,0,1.30485291,0.06136745,-0.06136745,0,,,,,,,,,,,,,,1489.1126,,,0,1584.35,,,0,0,<a refstr=EXOFOP_TESS_TOI href=https://exofop.ipac.caltech.edu/tess/view_toi.php target=ref>ExoFOP-TESS TOI</a>,,6671,130.6,-130.6,0,1.66402,0.078105,-0.078105,0,,,,,,,,,,4.14,0.09,-0.09,0,<a refstr=STASSUN_ET_AL__2019 href=https://ui.adsabs.harvard.edu/abs/2019AJ....158..138S/abstract target=ref>TICv8</a>,05h19m04.38s,79.7682532,-71d53m43.90s,-71.8955269,411.719,8.163,-7.857,11.467,0.014,-0.014,10.124,0.023,-0.023,11.2193,0.000527,-0.000527,2/16/24,2017-07,2/16/24
TOI-163 b,TOI-163,0,1,1,Transit,2019,Transiting Exoplanet Survey Satellite (TESS),Published Confirmed,0,<a refstr=KOKORI_ET_AL__2023 href=https://ui.adsabs.harvard.edu/abs/2023ApJS..265....4K/abstract target=ref>Kokori et al. 2023</a>,4.2311144,0.0000015,-0.0000015,0,,,,,,,,,,,,,,,,,,,,,,,,,,,,,,,,,,0,<a refstr=KOSSAKOWSKI_ET_AL__2019 href=https://ui.adsabs.harvard.edu/abs/2019MNRAS.490.1094K/abstract target=ref>Kossakowski et al. 2019</a>,F,6495,90,-90,0,1.648,0.023,-0.025,0,1.4352,0.029,-0.028,0,0.22,0.041,-0.041,0,[Fe/H],4.187,0.011,-0.011,0,<a refstr=STASSUN_ET_AL__2019 href=https://ui.adsabs.harvard.edu/abs/2019AJ....158..138S/abstract target=ref>TICv8</a>,05h19m04.38s,79.7682532,-71d53m43.90s,-71.8955269,411.719,8.163,-7.857,11.467,0.014,-0.014,10.124,0.023,-0.023,11.2193,0.000527,-0.000527,3/4/24,2023-03,3/4/24
TOI-163 b,TOI-163,1,1,1,Transit,2019,Transiting Exoplanet Survey Satellite (TESS),Published Confirmed,0,<a refstr=KOSSAKOWSKI_ET_AL__2019 href=https://ui.adsabs.harvard.edu/abs/2019MNRAS.490.1094K/abstract target=ref>Kossakowski et al. 2019</a>,4.231306,0.000063,-0.000057,0,0.058,0.0014,-0.0014,0,16.690201,0.381106,-0.381106,0,1.489,0.034,-0.034,0,387.7526,38.1396,-38.1396,0,1.22,0.12,-0.12,0,Mass,0,,,0,,,,,1669,16,-14,0,0,<a refstr=KOSSAKOWSKI_ET_AL__2019 href=https://ui.adsabs.harvard.edu/abs/2019MNRAS.490.1094K/abstract target=ref>Kossakowski et al. 2019</a>,F,6495,90,-90,0,1.648,0.023,-0.025,0,1.4352,0.029,-0.028,0,0.22,0.041,-0.041,0,[Fe/H],4.187,0.011,-0.011,0,<a refstr=STASSUN_ET_AL__2019 href=https://ui.adsabs.harvard.edu/abs/2019AJ....158..138S/abstract target=ref>TICv8</a>,05h19m04.38s,79.7682532,-71d53m43.90s,-71.8955269,411.719,8.163,-7.857,11.467,0.014,-0.014,10.124,0.023,-0.023,11.2193,0.000527,-0.000527,11/1/19,2019-11,11/7/19
TOI-172 b,TOI-172,1,1,1,Transit,2019,Transiting Exoplanet Survey Satellite (TESS),Published Confirmed,0,<a refstr=RODRIGUEZ_ET_AL__2019 href=https://ui.adsabs.harvard.edu/abs/2019AJ....157..191R/abstract target=ref>Rodriguez et al. 2019</a>,9.47725,0.00064,-0.00079,0,0.0914,0.0017,-0.0017,0,10.816685,0.358688,-0.325061,0,0.965,0.032,-0.029,0,1722.6386,69.9226,-63.566,0,5.42,0.22,-0.2,0,Mass,0.3806,0.0093,-0.009,0,299,19,-16,0,1198,18,-17,0,0,<a refstr=RODRIGUEZ_ET_AL__2019 href=https://ui.adsabs.harvard.edu/abs/2019AJ....157..191R/abstract target=ref>Rodriguez et al. 2019</a>,,5645,50,-50,0,1.777,0.047,-0.044,0,1.128,0.065,-0.061,0,0.148,0.079,-0.08,0,[Fe/H],3.993,0.027,-0.028,0,<a refstr=STASSUN_ET_AL__2019 href=https://ui.adsabs.harvard.edu/abs/2019AJ....158..138S/abstract target=ref>TICv8</a>,21h06m31.65s,316.6318791,-26d41m34.32s,-26.6928654,342.831,7.371,-7.071,11.299,0.02,-0.02,9.722,0.021,-0.021,11.1927,0.000623,-0.000623,3/29/19,2019-05,3/28/19
TOI-172 b,TOI-172,0,1,1,Transit,2019,Transiting Exoplanet Survey Satellite (TESS),TESS Project Candidate,0,<a refstr=EXOFOP_TESS_TOI href=https://exofop.ipac.caltech.edu/tess/view_toi.php target=ref>ExoFOP-TESS TOI</a>,9.47686,0.00004,-0.00004,0,,,,,9.80856,0.54867,-0.54867,0,0.87506262,0.04894914,-0.04894914,0,,,,,,,,,,,,,,161.969,,,0,993,,,0,0,<a refstr=EXOFOP_TESS_TOI href=https://exofop.ipac.caltech.edu/tess/view_toi.php target=ref>ExoFOP-TESS TOI</a>,,5801.8,235.6,-235.6,0,1.79,0.09,-0.09,0,,,,,,,,,,4.32,2,-2,0,<a refstr=STASSUN_ET_AL__2019 href=https://ui.adsabs.harvard.edu/abs/2019AJ....158..138S/abstract target=ref>TICv8</a>,21h06m31.65s,316.6318791,-26d41m34.32s,-26.6928654,342.831,7.371,-7.071,11.299,0.02,-0.02,9.722,0.021,-0.021,11.1927,0.000623,-0.000623,11/1/22,2017-07,11/1/22
TOI-172 b,TOI-172,0,1,1,Transit,2019,Transiting Exoplanet Survey Satellite (TESS),Published Confirmed,0,<a refstr=KOKORI_ET_AL__2023 href=https://ui.adsabs.harvard.edu/abs/2023ApJS..265....4K/abstract target=ref>Kokori et al. 2023</a>,9.476936,0.000026,-0.000026,0,,,,,,,,,,,,,,,,,,,,,,0.3806,0.0093,-0.009,0,,,,,,,,,0,<a refstr=RODRIGUEZ_ET_AL__2019 href=https://ui.adsabs.harvard.edu/abs/2019AJ....157..191R/abstract target=ref>Rodriguez et al. 2019</a>,,5645,50,-50,0,1.777,0.047,-0.044,0,1.128,0.065,-0.061,0,0.148,0.079,-0.08,0,[Fe/H],3.993,0.027,-0.028,0,<a refstr=STASSUN_ET_AL__2019 href=https://ui.adsabs.harvard.edu/abs/2019AJ....158..138S/abstract target=ref>TICv8</a>,21h06m31.65s,316.6318791,-26d41m34.32s,-26.6928654,342.831,7.371,-7.071,11.299,0.02,-0.02,9.722,0.021,-0.021,11.1927,0.000623,-0.000623,3/4/24,2023-03,3/4/24
TOI-216.01,TOI-216,0,1,2,Transit,2019,Transiting Exoplanet Survey Satellite (TESS),Published Confirmed,0,<a refstr=KIPPING_ET_AL__2019 href=https://ui.adsabs.harvard.edu/abs/2019MNRAS.486.4980K/abstract target=ref>Kipping et al. 2019</a>,34.556,0.014,-0.01,0,0.2069,0.0107,-0.0082,0,11.29,0.58,-0.42,0,1.00722634,0.05174413,-0.03746989,0,200,170,-100,0,0.62926722,0.53487714,-0.31463361,0,Mass,0.029,0.037,-0.02,0,10.1,0.85,-0.66,0,497,10,-8,0,1,<a refstr=KIPPING_ET_AL__2019 href=https://ui.adsabs.harvard.edu/abs/2019MNRAS.486.4980K/abstract target=ref>Kipping et al. 2019</a>,,5026,125,-125,0,0.838,0.043,-0.03,0,0.874,0.035,-0.034,0,0.32,0.1,-0.1,0,[M/H],4.66,0.2,-0.2,0,<a refstr=STASSUN_ET_AL__2019 href=https://ui.adsabs.harvard.edu/abs/2019AJ....158..138S/abstract target=ref>TICv8</a>,04h55m55.20s,73.9800129,-63d15m37.19s,-63.2603301,177.945,0.883,-0.875,12.324,0.069,-0.069,10.218,0.021,-0.021,12.1631,0.000583,-0.000583,5/7/19,2019-07,5/9/19
TOI-216.01,TOI-216,0,1,2,Transit,2019,Transiting Exoplanet Survey Satellite (TESS),TESS Project Candidate,0,<a refstr=EXOFOP_TESS_TOI href=https://exofop.ipac.caltech.edu/tess/view_toi.php target=ref>ExoFOP-TESS TOI</a>,34.50593183,9.23839E-06,-9.23839E-06,0,,,,,10.46251622,0.6855942,-0.6855942,0,0.93340478,0.06116472,-0.06116472,0,,,,,,,,,,,,,,9.5815,,,0,448.72,,,0,1,<a refstr=EXOFOP_TESS_TOI href=https://exofop.ipac.caltech.edu/tess/view_toi.php target=ref>ExoFOP-TESS TOI</a>,,5025.77,125,-125,0,0.801736,0.052186,-0.052186,0,,,,,,,,,,4.66348,0.2,-0.2,0,<a refstr=STASSUN_ET_AL__2019 href=https://ui.adsabs.harvard.edu/abs/2019AJ....158..138S/abstract target=ref>TICv8</a>,04h55m55.20s,73.9800129,-63d15m37.19s,-63.2603301,177.945,0.883,-0.875,12.324,0.069,-0.069,10.218,0.021,-0.021,12.1631,0.000583,-0.000583,9/16/24,2017-07,9/16/24
TOI-216.01,TOI-216,1,1,2,Transit,2019,Transiting Exoplanet Survey Satellite (TESS),Published Confirmed,0,<a refstr=DAWSON_ET_AL__2021 href=https://ui.adsabs.harvard.edu/abs/2021AJ....161..161D/abstract target=ref>Dawson et al. 2021</a>,34.525528,,,0,,,,,10.1,0.2,-0.2,0,0.9010632,0.01784284,-0.01784284,0,177.9839079,6.35656814,-6.35656814,0,0.56,0.02,-0.02,0,Mass,0.0046,0.0027,-0.0012,0,,,,,,,,,1,<a refstr=DAWSON_ET_AL__2021 href=https://ui.adsabs.harvard.edu/abs/2021AJ....161..161D/abstract target=ref>Dawson et al. 2021</a>,,,,,,0.748,0.015,-0.015,0,0.77,0.03,-0.03,0,,,,,,,,,,<a refstr=STASSUN_ET_AL__2019 href=https://ui.adsabs.harvard.edu/abs/2019AJ....158..138S/abstract target=ref>TICv8</a>,04h55m55.20s,73.9800129,-63d15m37.19s,-63.2603301,177.945,0.883,-0.875,12.324,0.069,-0.069,10.218,0.021,-0.021,12.1631,0.000583,-0.000583,4/12/22,2021-04,4/12/22
TOI-216.01,TOI-216,0,1,2,Transit,2019,Transiting Exoplanet Survey Satellite (TESS),Published Confirmed,0,<a refstr=KOKORI_ET_AL__2023 href=https://ui.adsabs.harvard.edu/abs/2023ApJS..265....4K/abstract target=ref>Kokori et al. 2023</a>,34.5073,0.0042,-0.0042,0,,,,,,,,,,,,,,,,,,,,,,,,,,,,,,,,,,1,<a refstr=KIPPING_ET_AL__2019 href=https://ui.adsabs.harvard.edu/abs/2019MNRAS.486.4980K/abstract target=ref>Kipping et al. 2019</a>,,5026,125,-125,0,0.838,0.043,-0.03,0,0.874,0.035,-0.034,0,0.32,0.1,-0.1,0,[M/H],4.66,0.2,-0.2,0,<a refstr=STASSUN_ET_AL__2019 href=https://ui.adsabs.harvard.edu/abs/2019AJ....158..138S/abstract target=ref>TICv8</a>,04h55m55.20s,73.9800129,-63d15m37.19s,-63.2603301,177.945,0.883,-0.875,12.324,0.069,-0.069,10.218,0.021,-0.021,12.1631,0.000583,-0.000583,3/4/24,2023-03,3/4/24
TOI-216.02,TOI-216,1,1,2,Transit,2019,Transiting Exoplanet Survey Satellite (TESS),Published Confirmed,0,<a refstr=DAWSON_ET_AL__2021 href=https://ui.adsabs.harvard.edu/abs/2021AJ....161..161D/abstract target=ref>Dawson et al. 2021</a>,17.16073,,,0,,,,,8,3,-2,0,0.71371342,0.26764253,-0.17842836,0,18.75187601,0.63565681,-0.63565681,0,0.059,0.002,-0.002,0,Mass,0.16,0.003,-0.002,0,,,,,,,,,1,<a refstr=DAWSON_ET_AL__2021 href=https://ui.adsabs.harvard.edu/abs/2021AJ....161..161D/abstract target=ref>Dawson et al. 2021</a>,,,,,,0.748,0.015,-0.015,0,0.77,0.03,-0.03,0,,,,,,,,,,<a refstr=STASSUN_ET_AL__2019 href=https://ui.adsabs.harvard.edu/abs/2019AJ....158..138S/abstract target=ref>TICv8</a>,04h55m55.20s,73.9800129,-63d15m37.19s,-63.2603301,177.945,0.883,-0.875,12.324,0.069,-0.069,10.218,0.021,-0.021,12.1631,0.000583,-0.000583,4/12/22,2021-04,4/12/22
TOI-216.02,TOI-216,0,1,2,Transit,2019,Transiting Exoplanet Survey Satellite (TESS),Published Confirmed,0,<a refstr=KOKORI_ET_AL__2023 href=https://ui.adsabs.harvard.edu/abs/2023ApJS..265....4K/abstract target=ref>Kokori et al. 2023</a>,17.203,0.013,-0.013,0,,,,,,,,,,,,,,,,,,,,,,,,,,,,,,,,,,1,<a refstr=KIPPING_ET_AL__2019 href=https://ui.adsabs.harvard.edu/abs/2019MNRAS.486.4980K/abstract target=ref>Kipping et al. 2019</a>,,5026,125,-125,0,0.838,0.043,-0.03,0,0.874,0.035,-0.034,0,0.32,0.1,-0.1,0,[M/H],4.66,0.2,-0.2,0,<a refstr=STASSUN_ET_AL__2019 href=https://ui.adsabs.harvard.edu/abs/2019AJ....158..138S/abstract target=ref>TICv8</a>,04h55m55.20s,73.9800129,-63d15m37.19s,-63.2603301,177.945,0.883,-0.875,12.324,0.069,-0.069,10.218,0.021,-0.021,12.1631,0.000583,-0.000583,3/4/24,2023-03,3/4/24
TOI-216.02,TOI-216,0,1,2,Transit,2019,Transiting Exoplanet Survey Satellite (TESS),Published Confirmed,0,<a refstr=KIPPING_ET_AL__2019 href=https://ui.adsabs.harvard.edu/abs/2019MNRAS.486.4980K/abstract target=ref>Kipping et al. 2019</a>,17.089,0.011,-0.015,0,0.1293,0.0067,-0.0051,0,7.69,1.62,-0.83,0,0.68605585,0.14452672,-0.07404764,0,30,20,-14,0,0.09439008,0.06292672,-0.04404871,0,Mass,0.132,0.059,-0.023,0,25.9,2.2,-1.7,0,628,13,-11,0,1,<a refstr=KIPPING_ET_AL__2019 href=https://ui.adsabs.harvard.edu/abs/2019MNRAS.486.4980K/abstract target=ref>Kipping et al. 2019</a>,,5026,125,-125,0,0.838,0.043,-0.03,0,0.874,0.035,-0.034,0,0.32,0.1,-0.1,0,[M/H],4.66,0.2,-0.2,0,<a refstr=STASSUN_ET_AL__2019 href=https://ui.adsabs.harvard.edu/abs/2019AJ....158..138S/abstract target=ref>TICv8</a>,04h55m55.20s,73.9800129,-63d15m37.19s,-63.2603301,177.945,0.883,-0.875,12.324,0.069,-0.069,10.218,0.021,-0.021,12.1631,0.000583,-0.000583,5/7/19,2019-07,5/9/19
TOI-216.02,TOI-216,0,1,2,Transit,2019,Transiting Exoplanet Survey Satellite (TESS),TESS Project Candidate,0,<a refstr=EXOFOP_TESS_TOI href=https://exofop.ipac.caltech.edu/tess/view_toi.php target=ref>ExoFOP-TESS TOI</a>,17.38904539,4.79484E-05,-4.79484E-05,0,,,,,6.48401246,3.0092702,-3.0092702,0,0.57846584,0.26846957,-0.26846957,0,,,,,,,,,,,,,,23.8922,,,0,563.88,,,0,1,<a refstr=EXOFOP_TESS_TOI href=https://exofop.ipac.caltech.edu/tess/view_toi.php target=ref>ExoFOP-TESS TOI</a>,,5025.77,125,-125,0,0.801736,0.052186,-0.052186,0,,,,,,,,,,4.66348,0.2,-0.2,0,<a refstr=STASSUN_ET_AL__2019 href=https://ui.adsabs.harvard.edu/abs/2019AJ....158..138S/abstract target=ref>TICv8</a>,04h55m55.20s,73.9800129,-63d15m37.19s,-63.2603301,177.945,0.883,-0.875,12.324,0.069,-0.069,10.218,0.021,-0.021,12.1631,0.000583,-0.000583,12/4/23,2017-07,12/4/23
TOI-270 b,TOI-270,0,1,3,Transit,2019,Transiting Exoplanet Survey Satellite (TESS),Published Confirmed,0,<a refstr=VAN_EYLEN_ET_AL__2021 href=https://ui.adsabs.harvard.edu/abs/2021MNRAS.507.2154V/abstract target=ref>Van Eylen et al. 2021</a>,3.3601538,0.0000048,-0.0000048,0,0.03197,0.00022,-0.00022,0,1.206,0.039,-0.039,0,0.1075923,0.00347935,-0.00347935,0,1.58,0.26,-0.26,0,0.00497124,0.00081805,-0.00081805,0,Mass,0.034,0.025,-0.025,0,,,,,581,14,-14,0,0,<a refstr=VAN_EYLEN_ET_AL__2021 href=https://ui.adsabs.harvard.edu/abs/2021MNRAS.507.2154V/abstract target=ref>Van Eylen et al. 2021</a>,M,3506,70,-70,0,0.378,0.011,-0.011,0,0.386,0.008,-0.008,0,-0.2,0.12,-0.12,0,[Fe/H],4.872,0.026,-0.026,0,<a refstr=STASSUN_ET_AL__2019 href=https://ui.adsabs.harvard.edu/abs/2019AJ....158..138S/abstract target=ref>TICv8</a>,04h33m39.86s,68.4160804,-51d57m26.62s,-51.9573937,22.4793,0.01355,-0.01355,12.603,0.039,-0.039,8.251,0.029,-0.029,11.6306,0.000476,-0.000476,8/3/21,2021-10,8/3/21
TOI-270 b,TOI-270,0,1,3,Transit,2019,Transiting Exoplanet Survey Satellite (TESS),Published Confirmed,0,<a refstr=KOKORI_ET_AL__2023 href=https://ui.adsabs.harvard.edu/abs/2023ApJS..265....4K/abstract target=ref>Kokori et al. 2023</a>,3.360156,0.000012,-0.000012,0,,,,,,,,,,,,,,,,,,,,,,,,,,,,,,,,,,0,<a refstr=G_UUML_NTHER_ET_AL__2019 href=https://ui.adsabs.harvard.edu/abs/2019NatAs...3.1099G/abstract target=ref>G&uuml;nther et al. 2019</a>,M3.0 V,3386,137,-131,0,0.38,0.02,-0.02,0,0.4,0.02,-0.02,0,-0.17,0.1,-0.1,0,[Fe/H],,,,,<a refstr=STASSUN_ET_AL__2019 href=https://ui.adsabs.harvard.edu/abs/2019AJ....158..138S/abstract target=ref>TICv8</a>,04h33m39.86s,68.4160804,-51d57m26.62s,-51.9573937,22.4793,0.01355,-0.01355,12.603,0.039,-0.039,8.251,0.029,-0.029,11.6306,0.000476,-0.000476,3/4/24,2023-03,3/4/24
TOI-270 b,TOI-270,0,1,3,Transit,2019,Transiting Exoplanet Survey Satellite (TESS),Published Confirmed,0,<a refstr=COULOMBE_ET_AL__2025 href=https://ui.adsabs.harvard.edu/abs/2025AJ....170..226C/abstract target=ref>Coulombe et al. 2025</a>,,,,,0.03362,0.00099,-0.00128,0,1.306,0.028,-0.028,0,0.11651372,0.002498,-0.002498,0,1.48,0.18,-0.18,0,0.0046566,0.00056634,-0.00056634,0,Mass,,,,,,,,,569,14,-13,0,0,<a refstr=COULOMBE_ET_AL__2025 href=https://ui.adsabs.harvard.edu/abs/2025AJ....170..226C/abstract target=ref>Coulombe et al. 2025</a>,,3506,70,-70,0,0.38,0.008,-0.008,0,,,,,,,,,,,,,,<a refstr=STASSUN_ET_AL__2019 href=https://ui.adsabs.harvard.edu/abs/2019AJ....158..138S/abstract target=ref>TICv8</a>,04h33m39.86s,68.4160804,-51d57m26.62s,-51.9573937,22.4793,0.01355,-0.01355,12.603,0.039,-0.039,8.251,0.029,-0.029,11.6306,0.000476,-0.000476,10/9/25,2025-10,10/9/25
TOI-270 b,TOI-270,1,1,3,Transit,2019,Transiting Exoplanet Survey Satellite (TESS),Published Confirmed,0,<a refstr=KAYE_ET_AL__2022 href=https://ui.adsabs.harvard.edu/abs/2022MNRAS.510.5464K/abstract target=ref>Kaye et al. 2022</a>,3.35992,0.00005,-0.00005,0,,,,,1.28,0.05,-0.04,0,0.11419415,0.00446071,-0.00356857,0,1.48,0.18,-0.18,0,0.0046566,0.00056634,-0.00056634,0,Mass,0.0167,0.0084,-0.0089,0,,,,,600,16,-16,0,0,<a refstr=KAYE_ET_AL__2022 href=https://ui.adsabs.harvard.edu/abs/2022MNRAS.510.5464K/abstract target=ref>Kaye et al. 2022</a>,,3506,70,-70,0,0.38,0.008,-0.008,0,0.386,0.008,-0.008,0,,,,,,4.872,0.026,-0.026,0,<a refstr=STASSUN_ET_AL__2019 href=https://ui.adsabs.harvard.edu/abs/2019AJ....158..138S/abstract target=ref>TICv8</a>,04h33m39.86s,68.4160804,-51d57m26.62s,-51.9573937,22.4793,0.01355,-0.01355,12.603,0.039,-0.039,8.251,0.029,-0.029,11.6306,0.000476,-0.000476,10/9/25,2022-03,10/9/25
TOI-270 b,TOI-270,0,1,3,Transit,2019,Transiting Exoplanet Survey Satellite (TESS),Published Confirmed,0,<a refstr=G_UUML_NTHER_ET_AL__2019 href=https://ui.adsabs.harvard.edu/abs/2019NatAs...3.1099G/abstract target=ref>G&uuml;nther et al. 2019</a>,3.36008,0.000065,-0.00007,0,0.0306,0.0033,-0.0057,0,1.247,0.089,-0.083,0,0.11124989,0.00794005,-0.00740476,0,,,,,,,,,,0,,,0,,,,,528,56,-32,0,0,<a refstr=G_UUML_NTHER_ET_AL__2019 href=https://ui.adsabs.harvard.edu/abs/2019NatAs...3.1099G/abstract target=ref>G&uuml;nther et al. 2019</a>,M3.0 V,3386,137,-131,0,0.38,0.02,-0.02,0,0.4,0.02,-0.02,0,-0.17,0.1,-0.1,0,[Fe/H],,,,,<a refstr=STASSUN_ET_AL__2019 href=https://ui.adsabs.harvard.edu/abs/2019AJ....158..138S/abstract target=ref>TICv8</a>,04h33m39.86s,68.4160804,-51d57m26.62s,-51.9573937,22.4793,0.01355,-0.01355,12.603,0.039,-0.039,8.251,0.029,-0.029,11.6306,0.000476,-0.000476,7/29/19,2019-07,8/1/19
TOI-270 b,TOI-270,0,1,3,Transit,2019,Transiting Exoplanet Survey Satellite (TESS),TESS Project Candidate,0,<a refstr=EXOFOP_TESS_TOI href=https://exofop.ipac.caltech.edu/tess/view_toi.php target=ref>ExoFOP-TESS TOI</a>,3.360137707,8.60668E-06,-8.60668E-06,0,,,,,1.18437183,0.737667,-0.737667,0,0.10566276,0.06581036,-0.06581036,0,,,,,,,,,,,,,,19.9261,,,0,538.86,,,0,0,<a refstr=EXOFOP_TESS_TOI href=https://exofop.ipac.caltech.edu/tess/view_toi.php target=ref>ExoFOP-TESS TOI</a>,,3551,74,-74,0,0.374358,0.011496,-0.011496,0,,,,,,,,,,4.83982,0.382963,-0.382963,0,<a refstr=STASSUN_ET_AL__2019 href=https://ui.adsabs.harvard.edu/abs/2019AJ....158..138S/abstract target=ref>TICv8</a>,04h33m39.86s,68.4160804,-51d57m26.62s,-51.9573937,22.4793,0.01355,-0.01355,12.603,0.039,-0.039,8.251,0.029,-0.029,11.6306,0.000476,-0.000476,8/8/22,2017-07,8/8/22
TOI-270 c,TOI-270,1,1,3,Transit,2019,Transiting Exoplanet Survey Satellite (TESS),Published Confirmed,0,<a refstr=KAYE_ET_AL__2022 href=https://ui.adsabs.harvard.edu/abs/2022MNRAS.510.5464K/abstract target=ref>Kaye et al. 2022</a>,5.66051,0.00004,-0.00004,0,,,,,2.33,0.01,-0.01,0,0.20786903,0.00089214,-0.00089214,0,6.2,0.31,-0.31,0,0.01950738,0.00097537,-0.00097537,0,Mass,0.0044,0.0005,-0.0006,0,,,,,489,11,-11,0,1,<a refstr=KAYE_ET_AL__2022 href=https://ui.adsabs.harvard.edu/abs/2022MNRAS.510.5464K/abstract target=ref>Kaye et al. 2022</a>,,3506,70,-70,0,0.38,0.008,-0.008,0,0.386,0.008,-0.008,0,,,,,,4.872,0.026,-0.026,0,<a refstr=STASSUN_ET_AL__2019 href=https://ui.adsabs.harvard.edu/abs/2019AJ....158..138S/abstract target=ref>TICv8</a>,04h33m39.86s,68.4160804,-51d57m26.62s,-51.9573937,22.4793,0.01355,-0.01355,12.603,0.039,-0.039,8.251,0.029,-0.029,11.6306,0.000476,-0.000476,10/9/25,2022-03,10/9/25
TOI-270 c,TOI-270,0,1,3,Transit,2019,Transiting Exoplanet Survey Satellite (TESS),Published Confirmed,0,<a refstr=KOKORI_ET_AL__2023 href=https://ui.adsabs.harvard.edu/abs/2023ApJS..265....4K/abstract target=ref>Kokori et al. 2023</a>,5.6605746,0.0000046,-0.0000046,0,,,,,,,,,,,,,,,,,,,,,,,,,,,,,,,,,,1,<a refstr=G_UUML_NTHER_ET_AL__2019 href=https://ui.adsabs.harvard.edu/abs/2019NatAs...3.1099G/abstract target=ref>G&uuml;nther et al. 2019</a>,M3.0 V,3386,137,-131,0,0.38,0.02,-0.02,0,0.4,0.02,-0.02,0,-0.17,0.1,-0.1,0,[Fe/H],,,,,<a refstr=STASSUN_ET_AL__2019 href=https://ui.adsabs.harvard.edu/abs/2019AJ....158..138S/abstract target=ref>TICv8</a>,04h33m39.86s,68.4160804,-51d57m26.62s,-51.9573937,22.4793,0.01355,-0.01355,12.603,0.039,-0.039,8.251,0.029,-0.029,11.6306,0.000476,-0.000476,3/4/24,2023-03,3/4/24
TOI-270 c,TOI-270,0,1,3,Transit,2019,Transiting Exoplanet Survey Satellite (TESS),Published Confirmed,0,<a refstr=VAN_EYLEN_ET_AL__2021 href=https://ui.adsabs.harvard.edu/abs/2021MNRAS.507.2154V/abstract target=ref>Van Eylen et al. 2021</a>,5.6605731,0.0000031,-0.0000031,0,0.04526,0.00031,-0.00031,0,2.355,0.064,-0.064,0,0.21009939,0.00570971,-0.00570971,0,6.15,0.37,-0.37,0,0.01935006,0.00116415,-0.00116415,0,Mass,0.027,0.021,-0.021,0,,,,,488,12,-12,0,1,<a refstr=VAN_EYLEN_ET_AL__2021 href=https://ui.adsabs.harvard.edu/abs/2021MNRAS.507.2154V/abstract target=ref>Van Eylen et al. 2021</a>,M,3506,70,-70,0,0.378,0.011,-0.011,0,0.386,0.008,-0.008,0,-0.2,0.12,-0.12,0,[Fe/H],4.872,0.026,-0.026,0,<a refstr=STASSUN_ET_AL__2019 href=https://ui.adsabs.harvard.edu/abs/2019AJ....158..138S/abstract target=ref>TICv8</a>,04h33m39.86s,68.4160804,-51d57m26.62s,-51.9573937,22.4793,0.01355,-0.01355,12.603,0.039,-0.039,8.251,0.029,-0.029,11.6306,0.000476,-0.000476,8/3/21,2021-10,8/3/21
TOI-270 c,TOI-270,0,1,3,Transit,2019,Transiting Exoplanet Survey Satellite (TESS),Published Confirmed,0,<a refstr=G_UUML_NTHER_ET_AL__2019 href=https://ui.adsabs.harvard.edu/abs/2019NatAs...3.1099G/abstract target=ref>G&uuml;nther et al. 2019</a>,5.660172,0.000035,-0.000035,0,0.0472,0.003,-0.0033,0,2.42,0.13,-0.13,0,0.21589794,0.01159782,-0.01159782,0,,,,,,,,,,0,,,0,,,,,424,20,-19,0,1,<a refstr=G_UUML_NTHER_ET_AL__2019 href=https://ui.adsabs.harvard.edu/abs/2019NatAs...3.1099G/abstract target=ref>G&uuml;nther et al. 2019</a>,M3.0 V,3386,137,-131,0,0.38,0.02,-0.02,0,0.4,0.02,-0.02,0,-0.17,0.1,-0.1,0,[Fe/H],,,,,<a refstr=STASSUN_ET_AL__2019 href=https://ui.adsabs.harvard.edu/abs/2019AJ....158..138S/abstract target=ref>TICv8</a>,04h33m39.86s,68.4160804,-51d57m26.62s,-51.9573937,22.4793,0.01355,-0.01355,12.603,0.039,-0.039,8.251,0.029,-0.029,11.6306,0.000476,-0.000476,7/29/19,2019-07,8/1/19
TOI-270 c,TOI-270,0,1,3,Transit,2019,Transiting Exoplanet Survey Satellite (TESS),TESS Project Candidate,0,<a refstr=EXOFOP_TESS_TOI href=https://exofop.ipac.caltech.edu/tess/view_toi.php target=ref>ExoFOP-TESS TOI</a>,5.660569316,3.85838E-06,-3.85838E-06,0,,,,,2.40708723,0.11973171,-0.11973171,0,0.21474631,0.01068177,-0.01068177,0,,,,,,,,,,,,,,9.9407,,,0,452.87,,,0,1,<a refstr=EXOFOP_TESS_TOI href=https://exofop.ipac.caltech.edu/tess/view_toi.php target=ref>ExoFOP-TESS TOI</a>,,3551,74,-74,0,0.374358,0.011496,-0.011496,0,,,,,,,,,,4.83982,0.382963,-0.382963,0,<a refstr=STASSUN_ET_AL__2019 href=https://ui.adsabs.harvard.edu/abs/2019AJ....158..138S/abstract target=ref>TICv8</a>,04h33m39.86s,68.4160804,-51d57m26.62s,-51.9573937,22.4793,0.01355,-0.01355,12.603,0.039,-0.039,8.251,0.029,-0.029,11.6306,0.000476,-0.000476,9/16/24,2017-07,9/16/24
TOI-270 d,TOI-270,0,1,3,Transit,2019,Transiting Exoplanet Survey Satellite (TESS),Published Confirmed,0,<a refstr=G_UUML_NTHER_ET_AL__2019 href=https://ui.adsabs.harvard.edu/abs/2019NatAs...3.1099G/abstract target=ref>G&uuml;nther et al. 2019</a>,11.38014,0.00011,-0.0001,0,0.0733,0.0042,-0.0042,0,2.13,0.12,-0.12,0,0.19002587,0.01070568,-0.01070568,0,,,,,,,,,,0,,,0,,,,,340,14,-14,0,1,<a refstr=G_UUML_NTHER_ET_AL__2019 href=https://ui.adsabs.harvard.edu/abs/2019NatAs...3.1099G/abstract target=ref>G&uuml;nther et al. 2019</a>,M3.0 V,3386,137,-131,0,0.38,0.02,-0.02,0,0.4,0.02,-0.02,0,-0.17,0.1,-0.1,0,[Fe/H],,,,,<a refstr=STASSUN_ET_AL__2019 href=https://ui.adsabs.harvard.edu/abs/2019AJ....158..138S/abstract target=ref>TICv8</a>,04h33m39.86s,68.4160804,-51d57m26.62s,-51.9573937,22.4793,0.01355,-0.01355,12.603,0.039,-0.039,8.251,0.029,-0.029,11.6306,0.000476,-0.000476,7/29/19,2019-07,8/1/19
TOI-270 d,TOI-270,0,1,3,Transit,2019,Transiting Exoplanet Survey Satellite (TESS),TESS Project Candidate,0,<a refstr=EXOFOP_TESS_TOI href=https://exofop.ipac.caltech.edu/tess/view_toi.php target=ref>ExoFOP-TESS TOI</a>,11.37956534,1.51484E-05,-1.51484E-05,0,,,,,2.25394645,0.10260336,-0.10260336,0,0.20108398,0.00915367,-0.00915367,0,,,,,,,,,,,,,,3.918,,,0,358.83,,,0,1,<a refstr=EXOFOP_TESS_TOI href=https://exofop.ipac.caltech.edu/tess/view_toi.php target=ref>ExoFOP-TESS TOI</a>,,3551,74,-74,0,0.374358,0.011496,-0.011496,0,,,,,,,,,,4.83982,0.382963,-0.382963,0,<a refstr=STASSUN_ET_AL__2019 href=https://ui.adsabs.harvard.edu/abs/2019AJ....158..138S/abstract target=ref>TICv8</a>,04h33m39.86s,68.4160804,-51d57m26.62s,-51.9573937,22.4793,0.01355,-0.01355,12.603,0.039,-0.039,8.251,0.029,-0.029,11.6306,0.000476,-0.000476,8/8/22,2017-07,8/8/22
TOI-270 d,TOI-270,0,1,3,Transit,2019,Transiting Exoplanet Survey Satellite (TESS),Published Confirmed,0,<a refstr=VAN_EYLEN_ET_AL__2021 href=https://ui.adsabs.harvard.edu/abs/2021MNRAS.507.2154V/abstract target=ref>Van Eylen et al. 2021</a>,11.379573,0.000013,-0.000013,0,0.0721,0.0005,-0.0005,0,2.133,0.058,-0.058,0,0.19029384,0.00517442,-0.00517442,0,4.78,0.43,-0.43,0,0.01503956,0.00135293,-0.00135293,0,Mass,0.032,0.023,-0.023,0,,,,,387,10,-10,0,1,<a refstr=VAN_EYLEN_ET_AL__2021 href=https://ui.adsabs.harvard.edu/abs/2021MNRAS.507.2154V/abstract target=ref>Van Eylen et al. 2021</a>,M,3506,70,-70,0,0.378,0.011,-0.011,0,0.386,0.008,-0.008,0,-0.2,0.12,-0.12,0,[Fe/H],4.872,0.026,-0.026,0,<a refstr=STASSUN_ET_AL__2019 href=https://ui.adsabs.harvard.edu/abs/2019AJ....158..138S/abstract target=ref>TICv8</a>,04h33m39.86s,68.4160804,-51d57m26.62s,-51.9573937,22.4793,0.01355,-0.01355,12.603,0.039,-0.039,8.251,0.029,-0.029,11.6306,0.000476,-0.000476,8/3/21,2021-10,8/3/21
TOI-270 d,TOI-270,1,1,3,Transit,2019,Transiting Exoplanet Survey Satellite (TESS),Published Confirmed,0,<a refstr=KAYE_ET_AL__2022 href=https://ui.adsabs.harvard.edu/abs/2022MNRAS.510.5464K/abstract target=ref>Kaye et al. 2022</a>,11.38194,0.00011,-0.00011,0,,,,,2,0.05,-0.05,0,0.17842836,0.00446071,-0.00446071,0,4.2,0.16,-0.16,0,0.01321468,0.00050342,-0.00050342,0,Mass,0.0066,0.002,-0.002,0,,,,,383,9,-9,0,1,<a refstr=KAYE_ET_AL__2022 href=https://ui.adsabs.harvard.edu/abs/2022MNRAS.510.5464K/abstract target=ref>Kaye et al. 2022</a>,,3506,70,-70,0,0.38,0.008,-0.008,0,0.386,0.008,-0.008,0,,,,,,4.872,0.026,-0.026,0,<a refstr=STASSUN_ET_AL__2019 href=https://ui.adsabs.harvard.edu/abs/2019AJ....158..138S/abstract target=ref>TICv8</a>,04h33m39.86s,68.4160804,-51d57m26.62s,-51.9573937,22.4793,0.01355,-0.01355,12.603,0.039,-0.039,8.251,0.029,-0.029,11.6306,0.000476,-0.000476,10/9/25,2022-03,10/9/25
TOI-270 d,TOI-270,0,1,3,Transit,2019,Transiting Exoplanet Survey Satellite (TESS),Published Confirmed,0,<a refstr=KOKORI_ET_AL__2023 href=https://ui.adsabs.harvard.edu/abs/2023ApJS..265....4K/abstract target=ref>Kokori et al. 2023</a>,11.379568,0.000012,-0.000012,0,,,,,,,,,,,,,,,,,,,,,,,,,,,,,,,,,,1,<a refstr=G_UUML_NTHER_ET_AL__2019 href=https://ui.adsabs.harvard.edu/abs/2019NatAs...3.1099G/abstract target=ref>G&uuml;nther et al. 2019</a>,M3.0 V,3386,137,-131,0,0.38,0.02,-0.02,0,0.4,0.02,-0.02,0,-0.17,0.1,-0.1,0,[Fe/H],,,,,<a refstr=STASSUN_ET_AL__2019 href=https://ui.adsabs.harvard.edu/abs/2019AJ....158..138S/abstract target=ref>TICv8</a>,04h33m39.86s,68.4160804,-51d57m26.62s,-51.9573937,22.4793,0.01355,-0.01355,12.603,0.039,-0.039,8.251,0.029,-0.029,11.6306,0.000476,-0.000476,3/4/24,2023-03,3/4/24
TOI-270 d,TOI-270,0,1,3,Transit,2019,Transiting Exoplanet Survey Satellite (TESS),Published Confirmed,0,<a refstr=MIKAL_EVANS_ET_AL__2023 href=https://ui.adsabs.harvard.edu/abs/2023AJ....165...84M/abstract target=ref>Mikal-Evans et al. 2023</a>,11.38014,,,0,,,,,2.19,0.07,-0.07,0,0.19537905,0.00624499,-0.00624499,0,,,,,,,,,,0,,,0,,,,,,,,,1,<a refstr=MIKAL_EVANS_ET_AL__2023 href=https://ui.adsabs.harvard.edu/abs/2023AJ....165...84M/abstract target=ref>Mikal-Evans et al. 2023</a>,M3 V,,,,,0.38,,,0,,,,,,,,,,,,,,<a refstr=STASSUN_ET_AL__2019 href=https://ui.adsabs.harvard.edu/abs/2019AJ....158..138S/abstract target=ref>TICv8</a>,04h33m39.86s,68.4160804,-51d57m26.62s,-51.9573937,22.4793,0.01355,-0.01355,12.603,0.039,-0.039,8.251,0.029,-0.029,11.6306,0.000476,-0.000476,8/22/23,2023-03,8/22/23
Teegarden's Star b,Teegarden's Star,0,1,3,Radial Velocity,2019,Calar Alto Observatory,Published Confirmed,0,<a refstr=ZECHMEISTER_ET_AL__2019 href=https://ui.adsabs.harvard.edu/abs/2019A&A...627A..49Z/abstract target=ref>Zechmeister et al. 2019</a>,4.91,0.0014,-0.0014,0,0.0252,0.0008,-0.0009,0,,,,,,,,,1.05,0.13,-0.12,0,0.00330365,0.00040902,-0.00037756,0,Msini,0,0.16,0,0,1.15,0.08,-0.08,0,,,,,0,<a refstr=ZECHMEISTER_ET_AL__2019 href=https://ui.adsabs.harvard.edu/abs/2019A&A...627A..49Z/abstract target=ref>Zechmeister et al. 2019</a>,M7.0 V,2904,51,-51,0,0.107,0.004,-0.004,0,0.089,0.009,-0.009,0,-0.19,0.16,-0.16,0,[Fe/H],,,,,<a refstr=STASSUN_ET_AL__2019 href=https://ui.adsabs.harvard.edu/abs/2019AJ....158..138S/abstract target=ref>TICv8</a>,02h53m04.59s,43.2691449,+16d51m53.65s,16.8649024,3.83078,0.00398,-0.00397,15.13,0.2,-0.2,7.585,0.046,-0.046,12.2746,0.000992,-0.000992,6/24/19,2019-07,6/27/19
Teegarden's Star b,Teegarden's Star,1,1,3,Radial Velocity,2019,Calar Alto Observatory,Published Confirmed,0,<a refstr=DREIZLER_ET_AL__2024 href=https://ui.adsabs.harvard.edu/abs/2024arXiv240200923D/abstract target=ref>Dreizler et al. 2024</a>,4.90634,0.00041,-0.00041,0,0.0259,0.0008,-0.0009,0,,,,,,,,,1.16,0.12,-0.11,0,0.00364977,0.00037756,-0.0003461,0,Msini,0.03,0.04,-0.02,0,1.08,0.08,-0.08,0,277,5,-5,0,0,<a refstr=DREIZLER_ET_AL__2024 href=https://ui.adsabs.harvard.edu/abs/2024arXiv240200923D/abstract target=ref>Dreizler et al. 2024</a>,,3034,45,-45,0,0.12,0.012,-0.012,0,0.097,0.01,-0.01,0,-0.11,0.28,-0.28,0,[Fe/H],5.19,0.2,-0.2,0,<a refstr=STASSUN_ET_AL__2019 href=https://ui.adsabs.harvard.edu/abs/2019AJ....158..138S/abstract target=ref>TICv8</a>,02h53m04.59s,43.2691449,+16d51m53.65s,16.8649024,3.83078,0.00398,-0.00397,15.13,0.2,-0.2,7.585,0.046,-0.046,12.2746,0.000992,-0.000992,3/5/24,2024-02,3/5/24
Teegarden's Star c,Teegarden's Star,0,1,3,Radial Velocity,2019,Calar Alto Observatory,Published Confirmed,0,<a refstr=ZECHMEISTER_ET_AL__2019 href=https://ui.adsabs.harvard.edu/abs/2019A&A...627A..49Z/abstract target=ref>Zechmeister et al. 2019</a>,11.409,0.009,-0.009,0,0.0443,0.0014,-0.0015,0,,,,,,,,,1.11,0.16,-0.15,0,0.00349243,0.00050341,-0.00047195,0,Msini,0,0.16,0,0,0.37,0.03,-0.03,0,,,,,0,<a refstr=ZECHMEISTER_ET_AL__2019 href=https://ui.adsabs.harvard.edu/abs/2019A&A...627A..49Z/abstract target=ref>Zechmeister et al. 2019</a>,M7.0 V,2904,51,-51,0,0.107,0.004,-0.004,0,0.089,0.009,-0.009,0,-0.19,0.16,-0.16,0,[Fe/H],,,,,<a refstr=STASSUN_ET_AL__2019 href=https://ui.adsabs.harvard.edu/abs/2019AJ....158..138S/abstract target=ref>TICv8</a>,02h53m04.59s,43.2691449,+16d51m53.65s,16.8649024,3.83078,0.00398,-0.00397,15.13,0.2,-0.2,7.585,0.046,-0.046,12.2746,0.000992,-0.000992,6/24/19,2019-07,6/27/19
Teegarden's Star c,Teegarden's Star,1,1,3,Radial Velocity,2019,Calar Alto Observatory,Published Confirmed,0,<a refstr=DREIZLER_ET_AL__2024 href=https://ui.adsabs.harvard.edu/abs/2024arXiv240200923D/abstract target=ref>Dreizler et al. 2024</a>,11.416,0.003,-0.003,0,0.0455,0.0015,-0.0016,0,,,,,,,,,1.05,0.14,-0.13,0,0.00330367,0.00044049,-0.00040903,0,Msini,0.04,0.07,-0.03,0,0.35,0.02,-0.02,0,209,4,-4,0,0,<a refstr=DREIZLER_ET_AL__2024 href=https://ui.adsabs.harvard.edu/abs/2024arXiv240200923D/abstract target=ref>Dreizler et al. 2024</a>,,3034,45,-45,0,0.12,0.012,-0.012,0,0.097,0.01,-0.01,0,-0.11,0.28,-0.28,0,[Fe/H],5.19,0.2,-0.2,0,<a refstr=STASSUN_ET_AL__2019 href=https://ui.adsabs.harvard.edu/abs/2019AJ....158..138S/abstract target=ref>TICv8</a>,02h53m04.59s,43.2691449,+16d51m53.65s,16.8649024,3.83078,0.00398,-0.00397,15.13,0.2,-0.2,7.585,0.046,-0.046,12.2746,0.000992,-0.000992,3/5/24,2024-02,3/5/24
USco1556 b,USco1556 A,1,1,1,Imaging,2019,Multiple Observatories,Published Confirmed,0,<a refstr=CHINCHILLA_ET_AL__2020 href=https://ui.adsabs.harvard.edu/abs/2020A&A...633A.152C/abstract target=ref>Chinchilla et al. 2020</a>,,,,,3500,40,-40,0,,,,,,,,,4767.45,635.66,-635.66,0,15,2,-2,0,Mass,,,,,,,,,2240,100,-100,0,0,<a refstr=CHINCHILLA_ET_AL__2020 href=https://ui.adsabs.harvard.edu/abs/2020A&A...633A.152C/abstract target=ref>Chinchilla et al. 2020</a>,M3.0 V,3410,100,-100,0,,,,,0.33,0.07,-0.07,0,,,,,,,,,,<a refstr=STASSUN_ET_AL__2019 href=https://ui.adsabs.harvard.edu/abs/2019AJ....158..138S/abstract target=ref>TICv8</a>,15h56m24.89s,239.1037198,-25d41m20.57s,-25.6890476,140.635,1.667,-1.629,15.36,0.121,-0.121,10.441,0.023,-0.023,14.3099,0.002884,-0.002884,1/13/20,2020-01,1/16/20
USco1621 b,USco1621 A,1,1,1,Imaging,2019,Multiple Observatories,Published Confirmed,0,<a refstr=CHINCHILLA_ET_AL__2020 href=https://ui.adsabs.harvard.edu/abs/2020A&A...633A.152C/abstract target=ref>Chinchilla et al. 2020</a>,,,,,2880,20,-20,0,,,,,,,,,5085.28,635.66,-635.66,0,16,2,-2,0,Mass,,,,,,,,,2270,90,-90,0,0,<a refstr=CHINCHILLA_ET_AL__2020 href=https://ui.adsabs.harvard.edu/abs/2020A&A...633A.152C/abstract target=ref>Chinchilla et al. 2020</a>,M2.5 V,3460,100,-100,0,,,,,0.36,0.08,-0.08,0,,,,,,,,,,<a refstr=STASSUN_ET_AL__2019 href=https://ui.adsabs.harvard.edu/abs/2019AJ....158..138S/abstract target=ref>TICv8</a>,16h21m29.54s,245.3730855,-25d29m43.54s,-25.4954265,137.901,0.973,-0.96,15.543,0.183,-0.183,10.193,0.021,-0.021,14.1769,0.000768,-0.000768,1/13/20,2020-01,1/16/20
V1298 Tau b,V1298 Tau,0,3,4,Transit,2019,K2,Published Confirmed,0,<a refstr=FEINSTEIN_ET_AL__2022 href=https://ui.adsabs.harvard.edu/abs/2022ApJ...925L...2F/abstract target=ref>Feinstein et al. 2022</a>,24.1315,0.0033,-0.0034,0,,,,,9.53,0.32,-0.32,0,0.85,0.03,-0.03,0,,,,,,,,,,,,,,,,,,,,,,1,<a refstr=FEINSTEIN_ET_AL__2022 href=https://ui.adsabs.harvard.edu/abs/2022ApJ...925L...2F/abstract target=ref>Feinstein et al. 2022</a>,,,,,,1.33,0.04,-0.03,0,1.095,0.049,-0.047,0,,,,,,,,,,<a refstr=STASSUN_ET_AL__2019 href=https://ui.adsabs.harvard.edu/abs/2019AJ....158..138S/abstract target=ref>TICv8</a>,04h05m19.60s,61.331654,+20d09m25.31s,20.1570318,108.199,0.704,-0.696,10.115,0.009,-0.009,8.094,0.021,-0.021,10.0702,0.000682,-0.000682,3/15/23,2022-01,3/15/23
V1298 Tau b,V1298 Tau,0,3,4,Transit,2019,K2,Published Confirmed,0,<a refstr=SU_AACUTE_REZ_MASCARE_NTILDE_O_ET_AL__2022 href=https://ui.adsabs.harvard.edu/abs/2022NatAs...6..232S/abstract target=ref>Su&aacute;rez Mascare&ntilde;o et al. 2022</a>,24.1399,0.0015,-0.0015,0,0.1719,0.0027,-0.0027,0,9.72939525,0.62770292,-0.62770292,0,0.868,0.056,-0.056,0,203.4101805,60.38739733,-60.38739733,0,0.64,0.19,-0.19,0,Mass,0.134,0.075,-0.075,0,,,,,,,,,1,<a refstr=SU_AACUTE_REZ_MASCARE_NTILDE_O_ET_AL__2022 href=https://ui.adsabs.harvard.edu/abs/2022NatAs...6..232S/abstract target=ref>Su&aacute;rez Mascare&ntilde;o et al. 2022</a>,K1,5050,100,-100,0,1.278,0.07,-0.07,0,1.17,0.06,-0.06,0,0.1,0.15,-0.15,0,[Fe/H],,,,,<a refstr=STASSUN_ET_AL__2019 href=https://ui.adsabs.harvard.edu/abs/2019AJ....158..138S/abstract target=ref>TICv8</a>,04h05m19.60s,61.331654,+20d09m25.31s,20.1570318,108.199,0.704,-0.696,10.115,0.009,-0.009,8.094,0.021,-0.021,10.0702,0.000682,-0.000682,4/10/23,2021-12,4/10/23
V1298 Tau b,V1298 Tau,0,3,4,Transit,2019,K2,Published Confirmed,0,<a refstr=JOHNSON_ET_AL__2022 href=https://ui.adsabs.harvard.edu/abs/2022AJ....163..247J/abstract target=ref>Johnson et al. 2022</a>,24.141341,0.000023,-0.000023,0,,,,,,,,,,,,,,,,,,,,,,,,,,,,,,,,,,1,<a refstr=JOHNSON_ET_AL__2022 href=https://ui.adsabs.harvard.edu/abs/2022AJ....163..247J/abstract target=ref>Johnson et al. 2022</a>,,,,,,1.407,0.018,-0.018,0,1.135,0.047,-0.047,0,,,,,,,,,,<a refstr=STASSUN_ET_AL__2019 href=https://ui.adsabs.harvard.edu/abs/2019AJ....158..138S/abstract target=ref>TICv8</a>,04h05m19.60s,61.331654,+20d09m25.31s,20.1570318,108.199,0.704,-0.696,10.115,0.009,-0.009,8.094,0.021,-0.021,10.0702,0.000682,-0.000682,5/3/23,2022-06,5/3/23
V1298 Tau b,V1298 Tau,1,3,4,Transit,2019,K2,Published Confirmed,0,<a refstr=DAVID_ET_AL__2019 href=https://ui.adsabs.harvard.edu/abs/2019ApJ...885L..12D/abstract target=ref>David et al. 2019</a>,24.1396,0.0018,-0.0018,0,0.1688,0.0026,-0.0026,0,10.27,0.58,-0.53,0,0.916,0.052,-0.047,0,,,,,,,,,,0.29,,,1,35,5,-5,0,677,22,-22,0,1,<a refstr=DAVID_ET_AL__2019 href=https://ui.adsabs.harvard.edu/abs/2019ApJ...885L..12D/abstract target=ref>David et al. 2019</a>,,,,,,1.345,0.056,-0.051,0,1.101,0.049,-0.051,0,,,,,,,,,,<a refstr=STASSUN_ET_AL__2019 href=https://ui.adsabs.harvard.edu/abs/2019AJ....158..138S/abstract target=ref>TICv8</a>,04h05m19.60s,61.331654,+20d09m25.31s,20.1570318,108.199,0.704,-0.696,10.115,0.009,-0.009,8.094,0.021,-0.021,10.0702,0.000682,-0.000682,10/18/19,2019-11,10/24/19
V1298 Tau b,V1298 Tau,0,3,4,Transit,2019,K2,Published Confirmed,0,<a refstr=DAVID_ET_AL__2019 href=https://ui.adsabs.harvard.edu/abs/2019AJ....158...79D/abstract target=ref>David et al. 2019</a>,24.13861,0.00102,-0.0009,0,0.1687,0.0025,-0.0026,0,10.22,0.55,-0.59,0,0.911,0.049,-0.053,0,,,,,,,,,,0.112,0.133,-0.083,0,33.2,4.5,-4.2,0,668,22,-22,0,1,<a refstr=DAVID_ET_AL__2019 href=https://ui.adsabs.harvard.edu/abs/2019AJ....158...79D/abstract target=ref>David et al. 2019</a>,K0,4970,120,-120,0,1.314,0.052,-0.064,0,1.099,0.049,-0.049,0,,,,,,4.246,0.034,-0.034,0,<a refstr=STASSUN_ET_AL__2019 href=https://ui.adsabs.harvard.edu/abs/2019AJ....158..138S/abstract target=ref>TICv8</a>,04h05m19.60s,61.331654,+20d09m25.31s,20.1570318,108.199,0.704,-0.696,10.115,0.009,-0.009,8.094,0.021,-0.021,10.0702,0.000682,-0.000682,10/18/19,2019-08,6/27/19
V1298 Tau c,V1298 Tau,1,3,4,Transit,2019,K2,Published Confirmed,0,<a refstr=DAVID_ET_AL__2019 href=https://ui.adsabs.harvard.edu/abs/2019ApJ...885L..12D/abstract target=ref>David et al. 2019</a>,8.24958,0.00072,-0.00072,0,0.0825,0.0013,-0.0013,0,5.59,0.36,-0.32,0,0.499,0.032,-0.029,0,,,,,,,,,,0.43,,,1,146,20,-20,0,968,31,-31,0,1,<a refstr=DAVID_ET_AL__2019 href=https://ui.adsabs.harvard.edu/abs/2019ApJ...885L..12D/abstract target=ref>David et al. 2019</a>,,,,,,1.345,0.056,-0.051,0,1.101,0.049,-0.051,0,,,,,,,,,,<a refstr=STASSUN_ET_AL__2019 href=https://ui.adsabs.harvard.edu/abs/2019AJ....158..138S/abstract target=ref>TICv8</a>,04h05m19.60s,61.331654,+20d09m25.31s,20.1570318,108.199,0.704,-0.696,10.115,0.009,-0.009,8.094,0.021,-0.021,10.0702,0.000682,-0.000682,10/18/19,2019-11,10/24/19
V1298 Tau c,V1298 Tau,0,3,4,Transit,2019,K2,Published Confirmed,0,<a refstr=FEINSTEIN_ET_AL__2021 href=https://ui.adsabs.harvard.edu/abs/2021AJ....162..213F/abstract target=ref>Feinstein et al. 2021</a>,8.24959,0.00022,-0.00018,0,,,,,,,,,,,,,,,,,,,,,,0.1,0.03,-0.04,0,,,,,,,,,1,<a refstr=FEINSTEIN_ET_AL__2021 href=https://ui.adsabs.harvard.edu/abs/2021AJ....162..213F/abstract target=ref>Feinstein et al. 2021</a>,,,,,,,,,,,,,,,,,,,,,,,<a refstr=STASSUN_ET_AL__2019 href=https://ui.adsabs.harvard.edu/abs/2019AJ....158..138S/abstract target=ref>TICv8</a>,04h05m19.60s,61.331654,+20d09m25.31s,20.1570318,108.199,0.704,-0.696,10.115,0.009,-0.009,8.094,0.021,-0.021,10.0702,0.000682,-0.000682,8/7/23,2021-11,8/7/23
V1298 Tau c,V1298 Tau,0,3,4,Transit,2019,K2,Published Confirmed,0,<a refstr=FEINSTEIN_ET_AL__2022 href=https://ui.adsabs.harvard.edu/abs/2022ApJ...925L...2F/abstract target=ref>Feinstein et al. 2022</a>,8.2438,0.0024,-0.002,0,,,,,5.05,0.14,-0.14,0,0.45,0.01,-0.01,0,,,,,,,,,,,,,,,,,,,,,,1,<a refstr=FEINSTEIN_ET_AL__2022 href=https://ui.adsabs.harvard.edu/abs/2022ApJ...925L...2F/abstract target=ref>Feinstein et al. 2022</a>,,,,,,1.33,0.04,-0.03,0,1.095,0.049,-0.047,0,,,,,,,,,,<a refstr=STASSUN_ET_AL__2019 href=https://ui.adsabs.harvard.edu/abs/2019AJ....158..138S/abstract target=ref>TICv8</a>,04h05m19.60s,61.331654,+20d09m25.31s,20.1570318,108.199,0.704,-0.696,10.115,0.009,-0.009,8.094,0.021,-0.021,10.0702,0.000682,-0.000682,3/15/23,2022-01,3/15/23
V1298 Tau c,V1298 Tau,0,3,4,Transit,2019,K2,Published Confirmed,0,<a refstr=SU_AACUTE_REZ_MASCARE_NTILDE_O_ET_AL__2022 href=https://ui.adsabs.harvard.edu/abs/2022NatAs...6..232S/abstract target=ref>Su&aacute;rez Mascare&ntilde;o et al. 2022</a>,8.24892,0.00083,-0.00083,0,0.0841,0.0013,-0.0013,0,5.15613112,0.38110534,-0.38110534,0,0.46,0.034,-0.034,0,76.27881768,,,1,0.24,,,1,Mass,0.3,,,1,,,,,,,,,1,<a refstr=SU_AACUTE_REZ_MASCARE_NTILDE_O_ET_AL__2022 href=https://ui.adsabs.harvard.edu/abs/2022NatAs...6..232S/abstract target=ref>Su&aacute;rez Mascare&ntilde;o et al. 2022</a>,K1,5050,100,-100,0,1.278,0.07,-0.07,0,1.17,0.06,-0.06,0,0.1,0.15,-0.15,0,[Fe/H],,,,,<a refstr=STASSUN_ET_AL__2019 href=https://ui.adsabs.harvard.edu/abs/2019AJ....158..138S/abstract target=ref>TICv8</a>,04h05m19.60s,61.331654,+20d09m25.31s,20.1570318,108.199,0.704,-0.696,10.115,0.009,-0.009,8.094,0.021,-0.021,10.0702,0.000682,-0.000682,4/10/23,2021-12,4/10/23
V1298 Tau d,V1298 Tau,0,3,4,Transit,2019,K2,Published Confirmed,0,<a refstr=SU_AACUTE_REZ_MASCARE_NTILDE_O_ET_AL__2022 href=https://ui.adsabs.harvard.edu/abs/2022NatAs...6..232S/abstract target=ref>Su&aacute;rez Mascare&ntilde;o et al. 2022</a>,12.4058,0.0018,-0.0018,0,0.1103,0.0017,-0.0017,0,6.43395492,0.45956821,-0.45956821,0,0.574,0.041,-0.041,0,98.52680617,,,1,0.31,,,1,Mass,0.2,,,1,,,,,,,,,1,<a refstr=SU_AACUTE_REZ_MASCARE_NTILDE_O_ET_AL__2022 href=https://ui.adsabs.harvard.edu/abs/2022NatAs...6..232S/abstract target=ref>Su&aacute;rez Mascare&ntilde;o et al. 2022</a>,K1,5050,100,-100,0,1.278,0.07,-0.07,0,1.17,0.06,-0.06,0,0.1,0.15,-0.15,0,[Fe/H],,,,,<a refstr=STASSUN_ET_AL__2019 href=https://ui.adsabs.harvard.edu/abs/2019AJ....158..138S/abstract target=ref>TICv8</a>,04h05m19.60s,61.331654,+20d09m25.31s,20.1570318,108.199,0.704,-0.696,10.115,0.009,-0.009,8.094,0.021,-0.021,10.0702,0.000682,-0.000682,4/10/23,2021-12,4/10/23
V1298 Tau d,V1298 Tau,1,3,4,Transit,2019,K2,Published Confirmed,0,<a refstr=DAVID_ET_AL__2019 href=https://ui.adsabs.harvard.edu/abs/2019ApJ...885L..12D/abstract target=ref>David et al. 2019</a>,12.4032,0.0015,-0.0015,0,0.1083,0.0017,-0.0017,0,6.41,0.45,-0.4,0,0.572,0.04,-0.035,0,,,,,,,,,,0.21,,,1,85,11,-11,0,845,27,-27,0,1,<a refstr=DAVID_ET_AL__2019 href=https://ui.adsabs.harvard.edu/abs/2019ApJ...885L..12D/abstract target=ref>David et al. 2019</a>,,,,,,1.345,0.056,-0.051,0,1.101,0.049,-0.051,0,,,,,,,,,,<a refstr=STASSUN_ET_AL__2019 href=https://ui.adsabs.harvard.edu/abs/2019AJ....158..138S/abstract target=ref>TICv8</a>,04h05m19.60s,61.331654,+20d09m25.31s,20.1570318,108.199,0.704,-0.696,10.115,0.009,-0.009,8.094,0.021,-0.021,10.0702,0.000682,-0.000682,10/18/19,2019-11,10/24/19
V1298 Tau d,V1298 Tau,0,3,4,Transit,2019,K2,Published Confirmed,0,<a refstr=FEINSTEIN_ET_AL__2022 href=https://ui.adsabs.harvard.edu/abs/2022ApJ...925L...2F/abstract target=ref>Feinstein et al. 2022</a>,12.396,0.0019,-0.002,0,,,,,6.13,0.28,-0.28,0,0.55,0.03,-0.03,0,,,,,,,,,,,,,,,,,,,,,,1,<a refstr=FEINSTEIN_ET_AL__2022 href=https://ui.adsabs.harvard.edu/abs/2022ApJ...925L...2F/abstract target=ref>Feinstein et al. 2022</a>,,,,,,1.33,0.04,-0.03,0,1.095,0.049,-0.047,0,,,,,,,,,,<a refstr=STASSUN_ET_AL__2019 href=https://ui.adsabs.harvard.edu/abs/2019AJ....158..138S/abstract target=ref>TICv8</a>,04h05m19.60s,61.331654,+20d09m25.31s,20.1570318,108.199,0.704,-0.696,10.115,0.009,-0.009,8.094,0.021,-0.021,10.0702,0.000682,-0.000682,3/15/23,2022-01,3/15/23
V1298 Tau e,V1298 Tau,1,3,4,Transit,2019,K2,Published Confirmed,0,<a refstr=FINOCIETY_ET_AL__2023 href=https://ui.adsabs.harvard.edu/abs/2023MNRAS.526.4627F/abstract target=ref>Finociety et al. 2023</a>,53.5,0.4,-0.4,0,,,,,9.97599282,,,0,0.89,,,0,321.0066911,111.2399425,-82.63538582,0,1.01,0.35,-0.26,0,Mass,,,,,,,,,,,,,0,<a refstr=FINOCIETY_ET_AL__2023 href=https://ui.adsabs.harvard.edu/abs/2023MNRAS.526.4627F/abstract target=ref>Finociety et al. 2023</a>,,4941,31,-16,0,1.43,0.03,-0.03,0,1.26,0.06,-0.06,0,,,,,,4.227,0.01,-0.008,0,<a refstr=STASSUN_ET_AL__2019 href=https://ui.adsabs.harvard.edu/abs/2019AJ....158..138S/abstract target=ref>TICv8</a>,04h05m19.60s,61.331654,+20d09m25.31s,20.1570318,108.199,0.704,-0.696,10.115,0.009,-0.009,8.094,0.021,-0.021,10.0702,0.000682,-0.000682,3/25/24,2023-12,3/25/24
V1298 Tau e,V1298 Tau,0,3,4,Transit,2019,K2,Published Confirmed,0,<a refstr=DAVID_ET_AL__2019 href=https://ui.adsabs.harvard.edu/abs/2019ApJ...885L..12D/abstract target=ref>David et al. 2019</a>,60,60,-18,0,0.308,0.182,-0.066,0,8.74,0.84,-0.72,0,0.78,0.075,-0.064,0,,,,,,,,,,0.57,,,1,10,6,-6,0,492,66,-104,0,0,<a refstr=DAVID_ET_AL__2019 href=https://ui.adsabs.harvard.edu/abs/2019ApJ...885L..12D/abstract target=ref>David et al. 2019</a>,,,,,,1.345,0.056,-0.051,0,1.101,0.049,-0.051,0,,,,,,,,,,<a refstr=STASSUN_ET_AL__2019 href=https://ui.adsabs.harvard.edu/abs/2019AJ....158..138S/abstract target=ref>TICv8</a>,04h05m19.60s,61.331654,+20d09m25.31s,20.1570318,108.199,0.704,-0.696,10.115,0.009,-0.009,8.094,0.021,-0.021,10.0702,0.000682,-0.000682,10/18/19,2019-11,10/24/19
V1298 Tau e,V1298 Tau,0,3,4,Transit,2019,K2,Published Confirmed,0,<a refstr=FEINSTEIN_ET_AL__2022 href=https://ui.adsabs.harvard.edu/abs/2022ApJ...925L...2F/abstract target=ref>Feinstein et al. 2022</a>,44.1699,,,0,,,,,9.94,0.39,-0.39,0,0.89,0.04,-0.04,0,,,,,,,,,,,,,,,,,,,,,,0,<a refstr=FEINSTEIN_ET_AL__2022 href=https://ui.adsabs.harvard.edu/abs/2022ApJ...925L...2F/abstract target=ref>Feinstein et al. 2022</a>,,,,,,1.33,0.04,-0.03,0,1.095,0.049,-0.047,0,,,,,,,,,,<a refstr=STASSUN_ET_AL__2019 href=https://ui.adsabs.harvard.edu/abs/2019AJ....158..138S/abstract target=ref>TICv8</a>,04h05m19.60s,61.331654,+20d09m25.31s,20.1570318,108.199,0.704,-0.696,10.115,0.009,-0.009,8.094,0.021,-0.021,10.0702,0.000682,-0.000682,3/15/23,2022-01,3/15/23
V1298 Tau e,V1298 Tau,0,3,4,Transit,2019,K2,Published Confirmed,0,<a refstr=SU_AACUTE_REZ_MASCARE_NTILDE_O_ET_AL__2022 href=https://ui.adsabs.harvard.edu/abs/2022NatAs...6..232S/abstract target=ref>Su&aacute;rez Mascare&ntilde;o et al. 2022</a>,40.2,1,-1,0,0.2409,0.0083,-0.0083,0,8.23860081,0.80704661,-0.80704661,0,0.735,0.072,-0.072,0,368.6809521,95.3485221,-95.3485221,0,1.16,0.3,-0.3,0,Mass,0.1,0.091,-0.091,0,,,,,,,,,0,<a refstr=SU_AACUTE_REZ_MASCARE_NTILDE_O_ET_AL__2022 href=https://ui.adsabs.harvard.edu/abs/2022NatAs...6..232S/abstract target=ref>Su&aacute;rez Mascare&ntilde;o et al. 2022</a>,K1,5050,100,-100,0,1.278,0.07,-0.07,0,1.17,0.06,-0.06,0,0.1,0.15,-0.15,0,[Fe/H],,,,,<a refstr=STASSUN_ET_AL__2019 href=https://ui.adsabs.harvard.edu/abs/2019AJ....158..138S/abstract target=ref>TICv8</a>,04h05m19.60s,61.331654,+20d09m25.31s,20.1570318,108.199,0.704,-0.696,10.115,0.009,-0.009,8.094,0.021,-0.021,10.0702,0.000682,-0.000682,4/10/23,2021-12,4/10/23
WASP-126 c,WASP-126,1,1,2,Transit Timing Variations,2019,Transiting Exoplanet Survey Satellite (TESS),Published Confirmed,0,<a refstr=PEARSON_2019 href=https://ui.adsabs.harvard.edu/abs/2019AJ....158..243P/abstract target=ref>Pearson 2019</a>,7.63,0.17,-0.17,0,,,,,,,,,,,,,64.2,24.6,-24.6,0,0.20199478,0.07739987,-0.07739987,0,Mass,0.05,,,1,,,,,,,,,0,<a refstr=PEARSON_2019 href=https://ui.adsabs.harvard.edu/abs/2019AJ....158..243P/abstract target=ref>Pearson 2019</a>,,5800,,,0,1.27,,,0,1.12,,,0,,,,,,,,,,<a refstr=STASSUN_ET_AL__2019 href=https://ui.adsabs.harvard.edu/abs/2019AJ....158..138S/abstract target=ref>TICv8</a>,04h13m29.93s,63.374706,-69d13m35.73s,-69.2265926,216.526,0.936,-0.928,10.994,0.012,-0.012,9.598,0.021,-0.021,11.0665,0.000306,-0.000306,12/2/19,2019-12,12/5/19
WASP-166 b,WASP-166,0,1,1,Transit,2019,WASP-South,Published Confirmed,0,<a refstr=BOURRIER_ET_AL__2023 href=https://ui.adsabs.harvard.edu/abs/2023A&A...669A..63B/abstract target=ref>Bourrier et al. 2023</a>,5.4435402,0.0000027,-0.000003,0,,,,,,,,,,,,,,,,,,,,,,0,,,0,,,,,,,,,0,<a refstr=BOURRIER_ET_AL__2023 href=https://ui.adsabs.harvard.edu/abs/2023A&A...669A..63B/abstract target=ref>Bourrier et al. 2023</a>,F9,6050,50,-50,0,1.22,0.06,-0.06,0,,,,,,,,,,,,,,<a refstr=STASSUN_ET_AL__2019 href=https://ui.adsabs.harvard.edu/abs/2019AJ....158..138S/abstract target=ref>TICv8</a>,09h39m30.03s,144.8751047,-20d58m56.71s,-20.9824191,114.173,0.591,-0.586,9.351,0.002,-0.002,8.032,0.023,-0.023,9.257,0.00031,-0.00031,12/10/24,2023-01,12/10/24
WASP-166 b,WASP-166,0,1,1,Transit,2019,WASP-South,Published Confirmed,0,<a refstr=KOKORI_ET_AL__2023 href=https://ui.adsabs.harvard.edu/abs/2023ApJS..265....4K/abstract target=ref>Kokori et al. 2023</a>,5.4435423,0.0000031,-0.0000031,0,,,,,,,,,,,,,,,,,,,,,,,,,,,,,,,,,,0,<a refstr=HELLIER_ET_AL__2019 href=https://ui.adsabs.harvard.edu/abs/2019MNRAS.488.3067H/abstract target=ref>Hellier et al. 2019</a>,F9 V,6050,50,-50,0,1.22,0.06,-0.06,0,1.19,0.06,-0.06,0,0.19,0.05,-0.05,0,[Fe/H],4.34,0.05,-0.05,0,<a refstr=STASSUN_ET_AL__2019 href=https://ui.adsabs.harvard.edu/abs/2019AJ....158..138S/abstract target=ref>TICv8</a>,09h39m30.03s,144.8751047,-20d58m56.71s,-20.9824191,114.173,0.591,-0.586,9.351,0.002,-0.002,8.032,0.023,-0.023,9.257,0.00031,-0.00031,3/4/24,2023-03,3/4/24
WASP-166 b,WASP-166,0,1,1,Transit,2019,WASP-South,Published Confirmed,0,<a refstr=PATEL__AMP__ESPINOZA_2022 href=https://ui.adsabs.harvard.edu/abs/2022AJ....163..228P/abstract target=ref>Patel &amp; Espinoza 2022</a>,5.4435397,0.0000031,-0.000003,0,,,,,,,,,,,,,,,,,,,,,,,,,,,,,,,,,,0,<a refstr=HELLIER_ET_AL__2019 href=https://ui.adsabs.harvard.edu/abs/2019MNRAS.488.3067H/abstract target=ref>Hellier et al. 2019</a>,F9 V,6050,50,-50,0,1.22,0.06,-0.06,0,1.19,0.06,-0.06,0,0.19,0.05,-0.05,0,[Fe/H],4.34,0.05,-0.05,0,<a refstr=STASSUN_ET_AL__2019 href=https://ui.adsabs.harvard.edu/abs/2019AJ....158..138S/abstract target=ref>TICv8</a>,09h39m30.03s,144.8751047,-20d58m56.71s,-20.9824191,114.173,0.591,-0.586,9.351,0.002,-0.002,8.032,0.023,-0.023,9.257,0.00031,-0.00031,5/3/22,2022-05,5/3/22
WASP-166 b,WASP-166,1,1,1,Transit,2019,WASP-South,Published Confirmed,0,<a refstr=HELLIER_ET_AL__2019 href=https://ui.adsabs.harvard.edu/abs/2019MNRAS.488.3067H/abstract target=ref>Hellier et al. 2019</a>,5.44354,0.000004,-0.000004,0,0.0641,0.0011,-0.0011,0,7.06167,0.33627,-0.33627,0,0.63,0.03,-0.03,0,32.10083,1.58915,-1.58915,0,0.101,0.005,-0.005,0,Mass,0,,,0,440,40,-40,0,1270,30,-30,0,0,<a refstr=HELLIER_ET_AL__2019 href=https://ui.adsabs.harvard.edu/abs/2019MNRAS.488.3067H/abstract target=ref>Hellier et al. 2019</a>,F9 V,6050,50,-50,0,1.22,0.06,-0.06,0,1.19,0.06,-0.06,0,0.19,0.05,-0.05,0,[Fe/H],4.34,0.05,-0.05,0,<a refstr=STASSUN_ET_AL__2019 href=https://ui.adsabs.harvard.edu/abs/2019AJ....158..138S/abstract target=ref>TICv8</a>,09h39m30.03s,144.8751047,-20d58m56.71s,-20.9824191,114.173,0.591,-0.586,9.351,0.002,-0.002,8.032,0.023,-0.023,9.257,0.00031,-0.00031,7/19/19,2019-09,7/25/19
WASP-166 b,WASP-166,0,1,1,Transit,2019,WASP-South,TESS Project Candidate,0,<a refstr=EXOFOP_TESS_TOI href=https://exofop.ipac.caltech.edu/tess/view_toi.php target=ref>ExoFOP-TESS TOI</a>,5.4435354,0.000003,-0.000003,0,,,,,7.30242,0.327956,-0.327956,0,0.6514794,0.02925832,-0.02925832,0,,,,,,,,,,,,,,402.866,,,0,1248,,,0,0,<a refstr=EXOFOP_TESS_TOI href=https://exofop.ipac.caltech.edu/tess/view_toi.php target=ref>ExoFOP-TESS TOI</a>,,6313,196,-196,0,1.25,0.06,-0.06,0,,,,,,,,,,4.32632,0.289026,-0.289026,0,<a refstr=STASSUN_ET_AL__2019 href=https://ui.adsabs.harvard.edu/abs/2019AJ....158..138S/abstract target=ref>TICv8</a>,09h39m30.03s,144.8751047,-20d58m56.71s,-20.9824191,114.173,0.591,-0.586,9.351,0.002,-0.002,8.032,0.023,-0.023,9.257,0.00031,-0.00031,4/17/23,2017-07,4/17/23
WASP-169 b,WASP-169,0,1,1,Transit,2019,WASP-South,Published Confirmed,0,<a refstr=IVSHINA__AMP__WINN_2022 href=https://ui.adsabs.harvard.edu/abs/2022ApJS..259...62I/abstract target=ref>Ivshina &amp; Winn 2022</a>,5.6114237,0.0000057,-0.0000057,0,,,,,,,,,,,,,,,,,,,,,,,,,,,,,,,,,,0,,,,,,,,,,,,,,,,,,,,,,,,<a refstr=STASSUN_ET_AL__2019 href=https://ui.adsabs.harvard.edu/abs/2019AJ....158..138S/abstract target=ref>TICv8</a>,08h29m32.94s,127.3872297,-12d56m41.17s,-12.9447683,627.066,14.159,-13.559,12.167,0.034,-0.034,10.483,0.025,-0.025,11.7206,0.000266,-0.000266,10/18/22,2022-04,10/18/22
WASP-169 b,WASP-169,1,1,1,Transit,2019,WASP-South,Published Confirmed,0,<a refstr=NIELSEN_ET_AL__2019 href=https://ui.adsabs.harvard.edu/abs/2019MNRAS.489.2478N/abstract target=ref>Nielsen et al. 2019</a>,5.6114118,0.0000092,-0.0000092,0,0.0681,0.0014,-0.0014,0,14.616536,1.68135,-0.818257,0,1.304,0.15,-0.073,0,178.30263,19.38763,-19.38763,0,0.561,0.061,-0.061,0,Mass,0,,,0,,,,,1604,74,-42,0,0,<a refstr=NIELSEN_ET_AL__2019 href=https://ui.adsabs.harvard.edu/abs/2019MNRAS.489.2478N/abstract target=ref>Nielsen et al. 2019</a>,F8,6110,101,-101,0,2.011,0.188,-0.089,0,1.337,0.083,-0.083,0,0.06,0.07,-0.07,0,[Fe/H],3.958,0.033,-0.076,0,<a refstr=STASSUN_ET_AL__2019 href=https://ui.adsabs.harvard.edu/abs/2019AJ....158..138S/abstract target=ref>TICv8</a>,08h29m32.94s,127.3872297,-12d56m41.17s,-12.9447683,627.066,14.159,-13.559,12.167,0.034,-0.034,10.483,0.025,-0.025,11.7206,0.000266,-0.000266,9/4/19,2019-10,9/12/19
WASP-169 b,WASP-169,0,1,1,Transit,2019,WASP-South,TESS Project Candidate,0,<a refstr=EXOFOP_TESS_TOI href=https://exofop.ipac.caltech.edu/tess/view_toi.php target=ref>ExoFOP-TESS TOI</a>,5.610773709,0.000892512,-0.000892512,0,,,,,18.37017356,1.0335122,-1.0335122,0,1.63887993,0.09220394,-0.09220394,0,,,,,,,,,,,,,,1486.8579,,,0,1583.75,,,0,0,<a refstr=EXOFOP_TESS_TOI href=https://exofop.ipac.caltech.edu/tess/view_toi.php target=ref>ExoFOP-TESS TOI</a>,,6013.5,210.8,-210.8,0,2.21327,0.111191,-0.111191,0,,,,,,,,,,4.17,1.75,-1.75,0,<a refstr=STASSUN_ET_AL__2019 href=https://ui.adsabs.harvard.edu/abs/2019AJ....158..138S/abstract target=ref>TICv8</a>,08h29m32.94s,127.3872297,-12d56m41.17s,-12.9447683,627.066,14.159,-13.559,12.167,0.034,-0.034,10.483,0.025,-0.025,11.7206,0.000266,-0.000266,8/8/22,2017-07,8/8/22
WASP-169 b,WASP-169,0,1,1,Transit,2019,WASP-South,Published Confirmed,0,<a refstr=PATEL__AMP__ESPINOZA_2022 href=https://ui.adsabs.harvard.edu/abs/2022AJ....163..228P/abstract target=ref>Patel &amp; Espinoza 2022</a>,5.6114118,0.0000082,-0.0000083,0,,,,,,,,,,,,,,,,,,,,,,,,,,,,,,,,,,0,<a refstr=NIELSEN_ET_AL__2019 href=https://ui.adsabs.harvard.edu/abs/2019MNRAS.489.2478N/abstract target=ref>Nielsen et al. 2019</a>,F8,6110,101,-101,0,2.011,0.188,-0.089,0,1.337,0.083,-0.083,0,0.06,0.07,-0.07,0,[Fe/H],3.958,0.033,-0.076,0,<a refstr=STASSUN_ET_AL__2019 href=https://ui.adsabs.harvard.edu/abs/2019AJ....158..138S/abstract target=ref>TICv8</a>,08h29m32.94s,127.3872297,-12d56m41.17s,-12.9447683,627.066,14.159,-13.559,12.167,0.034,-0.034,10.483,0.025,-0.025,11.7206,0.000266,-0.000266,5/3/22,2022-05,5/3/22
WASP-169 b,WASP-169,0,1,1,Transit,2019,WASP-South,Published Confirmed,0,<a refstr=KOKORI_ET_AL__2023 href=https://ui.adsabs.harvard.edu/abs/2023ApJS..265....4K/abstract target=ref>Kokori et al. 2023</a>,5.6114206,0.0000045,-0.0000045,0,,,,,,,,,,,,,,,,,,,,,,,,,,,,,,,,,,0,<a refstr=NIELSEN_ET_AL__2019 href=https://ui.adsabs.harvard.edu/abs/2019MNRAS.489.2478N/abstract target=ref>Nielsen et al. 2019</a>,F8,6110,101,-101,0,2.011,0.188,-0.089,0,1.337,0.083,-0.083,0,0.06,0.07,-0.07,0,[Fe/H],3.958,0.033,-0.076,0,<a refstr=STASSUN_ET_AL__2019 href=https://ui.adsabs.harvard.edu/abs/2019AJ....158..138S/abstract target=ref>TICv8</a>,08h29m32.94s,127.3872297,-12d56m41.17s,-12.9447683,627.066,14.159,-13.559,12.167,0.034,-0.034,10.483,0.025,-0.025,11.7206,0.000266,-0.000266,3/4/24,2023-03,3/4/24
WASP-171 b,WASP-171,0,1,1,Transit,2019,WASP-South,TESS Project Candidate,0,<a refstr=EXOFOP_TESS_TOI href=https://exofop.ipac.caltech.edu/tess/view_toi.php target=ref>ExoFOP-TESS TOI</a>,3.8186276,0.000017,-0.000017,0,,,,,11.3749,0.650895,-0.650895,0,1.01480235,0.05806906,-0.05806906,0,,,,,,,,,,,,,,1200.24,,,0,1639,,,0,0,<a refstr=EXOFOP_TESS_TOI href=https://exofop.ipac.caltech.edu/tess/view_toi.php target=ref>ExoFOP-TESS TOI</a>,,6090,126.9,-126.9,0,2.03,0.1,-0.1,0,,,,,,,,,,3.88,0.08,-0.08,0,<a refstr=STASSUN_ET_AL__2019 href=https://ui.adsabs.harvard.edu/abs/2019AJ....158..138S/abstract target=ref>TICv8</a>,11h27m22.81s,171.8450533,-44d05m19.33s,-44.0887035,757.84,19.761,-18.798,12.612,0.08,-0.08,11.104,0.021,-0.021,12.4407,0.000201,-0.000201,8/8/22,2017-07,8/8/22
WASP-171 b,WASP-171,0,1,1,Transit,2019,WASP-South,Published Confirmed,0,<a refstr=IVSHINA__AMP__WINN_2022 href=https://ui.adsabs.harvard.edu/abs/2022ApJS..259...62I/abstract target=ref>Ivshina &amp; Winn 2022</a>,3.8186258,0.0000059,-0.0000059,0,,,,,,,,,,,,,,,,,,,,,,,,,,,,,,,,,,0,,,,,,,,,,,,,,,,,,,,,,,,<a refstr=STASSUN_ET_AL__2019 href=https://ui.adsabs.harvard.edu/abs/2019AJ....158..138S/abstract target=ref>TICv8</a>,11h27m22.81s,171.8450533,-44d05m19.33s,-44.0887035,757.84,19.761,-18.798,12.612,0.08,-0.08,11.104,0.021,-0.021,12.4407,0.000201,-0.000201,10/18/22,2022-04,10/18/22
WASP-171 b,WASP-171,1,1,1,Transit,2019,WASP-South,Published Confirmed,0,<a refstr=NIELSEN_ET_AL__2019 href=https://ui.adsabs.harvard.edu/abs/2019MNRAS.489.2478N/abstract target=ref>Nielsen et al. 2019</a>,3.8186244,0.0000038,-0.0000038,0,0.0504,0.00083,-0.00083,0,10.98482,0.78463,-0.44836,0,0.98,0.07,-0.04,0,344.52772,29.87602,-29.87602,0,1.084,0.094,-0.094,0,Mass,0,,,0,,,,,1642,51,-35,0,0,<a refstr=NIELSEN_ET_AL__2019 href=https://ui.adsabs.harvard.edu/abs/2019MNRAS.489.2478N/abstract target=ref>Nielsen et al. 2019</a>,G0,5965,100,-100,0,1.637,0.091,-0.046,0,1.171,0.058,-0.058,0,0.04,0.07,-0.07,0,[Fe/H],4.08,0.02,-0.049,0,<a refstr=STASSUN_ET_AL__2019 href=https://ui.adsabs.harvard.edu/abs/2019AJ....158..138S/abstract target=ref>TICv8</a>,11h27m22.81s,171.8450533,-44d05m19.33s,-44.0887035,757.84,19.761,-18.798,12.612,0.08,-0.08,11.104,0.021,-0.021,12.4407,0.000201,-0.000201,9/4/19,2019-10,9/12/19
WASP-175 b,WASP-175,1,1,1,Transit,2019,WASP-South,Published Confirmed,0,<a refstr=NIELSEN_ET_AL__2019 href=https://ui.adsabs.harvard.edu/abs/2019MNRAS.489.2478N/abstract target=ref>Nielsen et al. 2019</a>,3.0652907,0.0000011,-0.0000016,0,0.04403,0.00055,-0.00055,0,13.540472,0.907929,-0.907929,0,1.208,0.081,-0.081,0,314.6517,41.3179,-41.3179,0,0.99,0.13,-0.13,0,Mass,0,,,0,,,,,1571,49,-49,0,0,<a refstr=NIELSEN_ET_AL__2019 href=https://ui.adsabs.harvard.edu/abs/2019MNRAS.489.2478N/abstract target=ref>Nielsen et al. 2019</a>,F7,6229,100,-100,0,1.204,0.064,-0.064,0,1.212,0.045,-0.045,0,0.15,0.069,-0.069,0,[Fe/H],4.359,0.045,-0.045,0,<a refstr=STASSUN_ET_AL__2019 href=https://ui.adsabs.harvard.edu/abs/2019AJ....158..138S/abstract target=ref>TICv8</a>,11h05m16.51s,166.3187996,-34d07m21.88s,-34.1227453,539.36,11.942,-11.444,12.959,0.16,-0.16,11.471,0.027,-0.027,12.7065,0.000234,-0.000234,9/4/19,2019-10,9/12/19
WASP-175 b,WASP-175,0,1,1,Transit,2019,WASP-South,Published Confirmed,0,<a refstr=KOKORI_ET_AL__2023 href=https://ui.adsabs.harvard.edu/abs/2023ApJS..265....4K/abstract target=ref>Kokori et al. 2023</a>,3.06529495,0.00000087,-0.00000087,0,,,,,,,,,,,,,,,,,,,,,,,,,,,,,,,,,,0,<a refstr=NIELSEN_ET_AL__2019 href=https://ui.adsabs.harvard.edu/abs/2019MNRAS.489.2478N/abstract target=ref>Nielsen et al. 2019</a>,F7,6229,100,-100,0,1.204,0.064,-0.064,0,1.212,0.045,-0.045,0,0.15,0.069,-0.069,0,[Fe/H],4.359,0.045,-0.045,0,<a refstr=STASSUN_ET_AL__2019 href=https://ui.adsabs.harvard.edu/abs/2019AJ....158..138S/abstract target=ref>TICv8</a>,11h05m16.51s,166.3187996,-34d07m21.88s,-34.1227453,539.36,11.942,-11.444,12.959,0.16,-0.16,11.471,0.027,-0.027,12.7065,0.000234,-0.000234,3/4/24,2023-03,3/4/24
WASP-175 b,WASP-175,0,1,1,Transit,2019,WASP-South,TESS Project Candidate,0,<a refstr=EXOFOP_TESS_TOI href=https://exofop.ipac.caltech.edu/tess/view_toi.php target=ref>ExoFOP-TESS TOI</a>,3.0652926,0.0000044,-0.0000044,0,,,,,13.3524,0.703704,-0.703704,0,1.19122339,0.06278037,-0.06278037,0,,,,,,,,,,,,,,649.429,,,0,1406,,,0,0,<a refstr=EXOFOP_TESS_TOI href=https://exofop.ipac.caltech.edu/tess/view_toi.php target=ref>ExoFOP-TESS TOI</a>,,6229,130.09,-130.09,0,1.22,0.06,-0.06,0,,,,,,,,,,4.34122,0.088153,-0.088153,0,<a refstr=STASSUN_ET_AL__2019 href=https://ui.adsabs.harvard.edu/abs/2019AJ....158..138S/abstract target=ref>TICv8</a>,11h05m16.51s,166.3187996,-34d07m21.88s,-34.1227453,539.36,11.942,-11.444,12.959,0.16,-0.16,11.471,0.027,-0.027,12.7065,0.000234,-0.000234,8/9/22,2017-07,8/9/22
WASP-175 b,WASP-175,0,1,1,Transit,2019,WASP-South,Published Confirmed,0,<a refstr=IVSHINA__AMP__WINN_2022 href=https://ui.adsabs.harvard.edu/abs/2022ApJS..259...62I/abstract target=ref>Ivshina &amp; Winn 2022</a>,3.0652961,0.0000018,-0.0000018,0,,,,,,,,,,,,,,,,,,,,,,,,,,,,,,,,,,0,,,,,,,,,,,,,,,,,,,,,,,,<a refstr=STASSUN_ET_AL__2019 href=https://ui.adsabs.harvard.edu/abs/2019AJ....158..138S/abstract target=ref>TICv8</a>,11h05m16.51s,166.3187996,-34d07m21.88s,-34.1227453,539.36,11.942,-11.444,12.959,0.16,-0.16,11.471,0.027,-0.027,12.7065,0.000234,-0.000234,10/18/22,2022-04,10/18/22
WASP-177 b,WASP-177,0,1,1,Transit,2019,SuperWASP,Published Confirmed,0,<a refstr=KOKORI_ET_AL__2023 href=https://ui.adsabs.harvard.edu/abs/2023ApJS..265....4K/abstract target=ref>Kokori et al. 2023</a>,3.07172019,0.00000069,-0.00000069,0,,,,,,,,,,,,,,,,,,,,,,,,,,,,,,,,,,0,<a refstr=TURNER_ET_AL__2019 href=https://ui.adsabs.harvard.edu/abs/2019MNRAS.485.5790T/abstract target=ref>Turner et al. 2019</a>,K2,5017,70,-70,0,0.885,0.046,-0.046,0,0.876,0.038,-0.038,0,0.25,0.04,-0.04,0,[Fe/H],4.486,0.049,-0.037,0,<a refstr=STASSUN_ET_AL__2019 href=https://ui.adsabs.harvard.edu/abs/2019AJ....158..138S/abstract target=ref>TICv8</a>,22h19m11.28s,334.7969885,-01d50m03.95s,-1.8344301,176.818,2.428,-2.364,12.312,0.08,-0.08,10.163,0.023,-0.023,12.0715,0.000856,-0.000856,3/4/24,2023-03,3/4/24
WASP-177 b,WASP-177,1,1,1,Transit,2019,SuperWASP,Published Confirmed,0,<a refstr=TURNER_ET_AL__2019 href=https://ui.adsabs.harvard.edu/abs/2019MNRAS.485.5790T/abstract target=ref>Turner et al. 2019</a>,3.071722,0.000001,-0.000001,0,0.03957,0.00058,-0.00058,0,17.71022,7.39794,-4.03524,0,1.58,0.66,-0.36,0,161.45764,12.07754,-12.07754,0,0.508,0.038,-0.038,0,Mass,,,,,,,,,1142,32,-32,0,0,<a refstr=TURNER_ET_AL__2019 href=https://ui.adsabs.harvard.edu/abs/2019MNRAS.485.5790T/abstract target=ref>Turner et al. 2019</a>,K2,5017,70,-70,0,0.885,0.046,-0.046,0,0.876,0.038,-0.038,0,0.25,0.04,-0.04,0,[Fe/H],4.486,0.049,-0.037,0,<a refstr=STASSUN_ET_AL__2019 href=https://ui.adsabs.harvard.edu/abs/2019AJ....158..138S/abstract target=ref>TICv8</a>,22h19m11.28s,334.7969885,-01d50m03.95s,-1.8344301,176.818,2.428,-2.364,12.312,0.08,-0.08,10.163,0.023,-0.023,12.0715,0.000856,-0.000856,4/16/19,2019-06,4/18/19
WASP-177 b,WASP-177,0,1,1,Transit,2019,SuperWASP,Published Confirmed,0,<a refstr=IVSHINA__AMP__WINN_2022 href=https://ui.adsabs.harvard.edu/abs/2022ApJS..259...62I/abstract target=ref>Ivshina &amp; Winn 2022</a>,3.07172156,0.00000094,-0.00000094,0,,,,,,,,,,,,,,,,,,,,,,,,,,,,,,,,,,0,,,,,,,,,,,,,,,,,,,,,,,,<a refstr=STASSUN_ET_AL__2019 href=https://ui.adsabs.harvard.edu/abs/2019AJ....158..138S/abstract target=ref>TICv8</a>,22h19m11.28s,334.7969885,-01d50m03.95s,-1.8344301,176.818,2.428,-2.364,12.312,0.08,-0.08,10.163,0.023,-0.023,12.0715,0.000856,-0.000856,10/18/22,2022-04,10/18/22
WASP-177 b,WASP-177,0,1,1,Transit,2019,SuperWASP,TESS Project Candidate,0,<a refstr=EXOFOP_TESS_TOI href=https://exofop.ipac.caltech.edu/tess/view_toi.php target=ref>ExoFOP-TESS TOI</a>,3.071718164,4.27194E-06,-4.27194E-06,0,,,,,12.00549486,0.9131838,-0.9131838,0,1.07106036,0.08146894,-0.08146894,0,,,,,,,,,,,,,,279.7736,,,0,1043.09,,,0,0,<a refstr=EXOFOP_TESS_TOI href=https://exofop.ipac.caltech.edu/tess/view_toi.php target=ref>ExoFOP-TESS TOI</a>,,5082,130.02,-130.02,0,0.848394,0.055201,-0.055201,0,,,,,,,,,,4.5108,0.086146,-0.086146,0,<a refstr=STASSUN_ET_AL__2019 href=https://ui.adsabs.harvard.edu/abs/2019AJ....158..138S/abstract target=ref>TICv8</a>,22h19m11.28s,334.7969885,-01d50m03.95s,-1.8344301,176.818,2.428,-2.364,12.312,0.08,-0.08,10.163,0.023,-0.023,12.0715,0.000856,-0.000856,3/28/23,2017-07,3/28/23
WASP-178 b,WASP-178,1,1,1,Transit,2019,WASP-South,Published Confirmed,0,<a refstr=HELLIER_ET_AL__2019 href=https://ui.adsabs.harvard.edu/abs/2019MNRAS.490.1479H/abstract target=ref>Hellier et al. 2019</a>,3.3448285,0.0000012,-0.0000012,0,0.0558,0.001,-0.001,0,20.28829,1.00881,-1.00881,0,1.81,0.09,-0.09,0,527.5978,38.1396,-38.1396,0,1.66,0.12,-0.12,0,Mass,0,,,0,,,,,2470,60,-60,0,0,<a refstr=HELLIER_ET_AL__2019 href=https://ui.adsabs.harvard.edu/abs/2019MNRAS.490.1479H/abstract target=ref>Hellier et al. 2019</a>,A1 IV-V,9360,150,-150,0,1.67,0.07,-0.07,0,2.07,0.11,-0.11,0,0.21,0.16,-0.16,0,[Fe/H],4.31,0.04,-0.04,0,<a refstr=STASSUN_ET_AL__2019 href=https://ui.adsabs.harvard.edu/abs/2019AJ....158..138S/abstract target=ref>TICv8</a>,15h09m04.88s,227.270329,-42d42m17.88s,-42.7049658,427.678,11.35,-10.786,9.946,0.005,-0.005,9.703,0.021,-0.021,9.91226,0.000426,-0.000426,10/2/19,2019-11,10/10/19
WASP-178 b,WASP-178,0,1,1,Transit,2019,WASP-South,TESS Project Candidate,0,<a refstr=EXOFOP_TESS_TOI href=https://exofop.ipac.caltech.edu/tess/view_toi.php target=ref>ExoFOP-TESS TOI</a>,3.3448312,0.0000023,-0.0000023,0,,,,,21.2012,0.815526,-0.815526,0,1.89144763,0.07275648,-0.07275648,0,,,,,,,,,,,,,,4468.21,,,0,2277,,,0,0,<a refstr=EXOFOP_TESS_TOI href=https://exofop.ipac.caltech.edu/tess/view_toi.php target=ref>ExoFOP-TESS TOI</a>,,9364,179.1,-179.1,0,1.76,0.07,-0.07,0,,,,,,,,,,4.32,0.07,-0.07,0,<a refstr=STASSUN_ET_AL__2019 href=https://ui.adsabs.harvard.edu/abs/2019AJ....158..138S/abstract target=ref>TICv8</a>,15h09m04.88s,227.270329,-42d42m17.88s,-42.7049658,427.678,11.35,-10.786,9.946,0.005,-0.005,9.703,0.021,-0.021,9.91226,0.000426,-0.000426,9/17/25,2017-07,10/10/22
WASP-178 b,WASP-178,0,1,1,Transit,2019,WASP-South,Published Confirmed,0,<a refstr=RODR_IACUTE_GUEZ_MART_IACUTE_NEZ_ET_AL__2020 href=https://ui.adsabs.harvard.edu/abs/2020AJ....160..111M/abstract target=ref>Rodr&iacute;guez Mart&iacute;nez et al. 2020</a>,3.3448412,0.0000033,-0.0000033,0,0.0545,0.0013,-0.0015,0,21.74546,0.67254,-0.650122,0,1.94,0.06,-0.058,0,448.1403,136.6669,-162.0933,0,1.41,0.43,-0.51,0,Mass,0,,,0,5550,1250,-630,0,2402,130,-71,0,0,<a refstr=RODR_IACUTE_GUEZ_MART_IACUTE_NEZ_ET_AL__2020 href=https://ui.adsabs.harvard.edu/abs/2020AJ....160..111M/abstract target=ref>Rodr&iacute;guez Mart&iacute;nez et al. 2020</a>,,8640,500,-240,0,1.801,0.049,-0.048,0,1.93,0.14,-0.16,0,-0.06,0.3,-0.34,0,[Fe/H],4.211,0.03,-0.033,0,<a refstr=STASSUN_ET_AL__2019 href=https://ui.adsabs.harvard.edu/abs/2019AJ....158..138S/abstract target=ref>TICv8</a>,15h09m04.88s,227.270329,-42d42m17.88s,-42.7049658,427.678,11.35,-10.786,9.946,0.005,-0.005,9.703,0.021,-0.021,9.91226,0.000426,-0.000426,11/13/20,2020-09,11/19/20
WASP-178 b,WASP-178,0,1,1,Transit,2019,WASP-South,Published Confirmed,0,<a refstr=IVSHINA__AMP__WINN_2022 href=https://ui.adsabs.harvard.edu/abs/2022ApJS..259...62I/abstract target=ref>Ivshina &amp; Winn 2022</a>,3.3448369,0.0000062,-0.0000062,0,,,,,,,,,,,,,,,,,,,,,,,,,,,,,,,,,,0,,,,,,,,,,,,,,,,,,,,,,,,<a refstr=STASSUN_ET_AL__2019 href=https://ui.adsabs.harvard.edu/abs/2019AJ....158..138S/abstract target=ref>TICv8</a>,15h09m04.88s,227.270329,-42d42m17.88s,-42.7049658,427.678,11.35,-10.786,9.946,0.005,-0.005,9.703,0.021,-0.021,9.91226,0.000426,-0.000426,10/18/22,2022-04,10/18/22
WASP-18 c,WASP-18,1,2,2,Transit Timing Variations,2019,Transiting Exoplanet Survey Satellite (TESS),Published Confirmed,1,<a refstr=PEARSON_2019 href=https://ui.adsabs.harvard.edu/abs/2019AJ....158..243P/abstract target=ref>Pearson 2019</a>,2.1558,0.0064,-0.0064,0,0.035,,,0,,,,,,,,,55.2,12.3,-12.3,0,0.17367775,0.03869993,-0.03869993,0,Mass,0.015,,,1,,,,,,,,,0,<a refstr=PEARSON_2019 href=https://ui.adsabs.harvard.edu/abs/2019AJ....158..243P/abstract target=ref>Pearson 2019</a>,,6400,,,0,1.23,,,0,1.22,,,0,,,,,,,,,,<a refstr=STASSUN_ET_AL__2019 href=https://ui.adsabs.harvard.edu/abs/2019AJ....158..138S/abstract target=ref>TICv8</a>,01h37m25.07s,24.3544618,-45d40m40.06s,-45.6777937,123.483,0.371,-0.369,9.28,0.03,-0.03,8.131,0.027,-0.027,9.16617,0.000236,-0.000236,12/2/19,2019-12,12/5/19
WASP-180 A b,WASP-180 A,0,2,1,Transit,2019,SuperWASP,Published Confirmed,0,<a refstr=KOKORI_ET_AL__2023 href=https://ui.adsabs.harvard.edu/abs/2023ApJS..265....4K/abstract target=ref>Kokori et al. 2023</a>,3.4092646,0.00000025,-0.00000025,0,,,,,,,,,,,,,,,,,,,,,,,,,,,,,,,,,,0,<a refstr=TEMPLE_ET_AL__2019 href=https://ui.adsabs.harvard.edu/abs/2019MNRAS.490.2467T/abstract target=ref>Temple et al. 2019</a>,F7 V,6600,200,-200,0,1.19,0.06,-0.06,0,1.3,0.1,-0.1,0,0.1,0.2,-0.2,0,[Fe/H],4.42,0.01,-0.01,0,<a refstr=STASSUN_ET_AL__2019 href=https://ui.adsabs.harvard.edu/abs/2019AJ....158..138S/abstract target=ref>TICv8</a>,08h13m34.14s,123.3922465,-01d58m58.03s,-1.9827874,253.985,3.404,-3.316,10.655,0.009,-0.009,9.812,0.052,-0.052,10.9134,0.000651,-0.000651,3/4/24,2023-03,3/4/24
WASP-180 A b,WASP-180 A,0,2,1,Transit,2019,SuperWASP,Published Confirmed,0,<a refstr=IVSHINA__AMP__WINN_2022 href=https://ui.adsabs.harvard.edu/abs/2022ApJS..259...62I/abstract target=ref>Ivshina &amp; Winn 2022</a>,3.40926463,0.00000072,-0.00000072,0,,,,,,,,,,,,,,,,,,,,,,,,,,,,,,,,,,0,,,,,,,,,,,,,,,,,,,,,,,,<a refstr=STASSUN_ET_AL__2019 href=https://ui.adsabs.harvard.edu/abs/2019AJ....158..138S/abstract target=ref>TICv8</a>,08h13m34.14s,123.3922465,-01d58m58.03s,-1.9827874,253.985,3.404,-3.316,10.655,0.009,-0.009,9.812,0.052,-0.052,10.9134,0.000651,-0.000651,10/18/22,2022-04,10/18/22
WASP-180 A b,WASP-180 A,1,2,1,Transit,2019,SuperWASP,Published Confirmed,0,<a refstr=TEMPLE_ET_AL__2019 href=https://ui.adsabs.harvard.edu/abs/2019MNRAS.490.2467T/abstract target=ref>Temple et al. 2019</a>,3.409264,0.000001,-0.000001,0,0.048,0.001,-0.001,0,13.89916,0.44836,-0.44836,0,1.24,0.04,-0.04,0,286.047,31.783,-31.783,0,0.9,0.1,-0.1,0,Mass,0,,,0,,,,,1540,40,-40,0,0,<a refstr=TEMPLE_ET_AL__2019 href=https://ui.adsabs.harvard.edu/abs/2019MNRAS.490.2467T/abstract target=ref>Temple et al. 2019</a>,F7 V,6600,200,-200,0,1.19,0.06,-0.06,0,1.3,0.1,-0.1,0,0.1,0.2,-0.2,0,[Fe/H],4.42,0.01,-0.01,0,<a refstr=STASSUN_ET_AL__2019 href=https://ui.adsabs.harvard.edu/abs/2019AJ....158..138S/abstract target=ref>TICv8</a>,08h13m34.14s,123.3922465,-01d58m58.03s,-1.9827874,253.985,3.404,-3.316,10.655,0.009,-0.009,9.812,0.052,-0.052,10.9134,0.000651,-0.000651,9/20/19,2019-12,9/26/19
WASP-180 A b,WASP-180 A,0,2,1,Transit,2019,SuperWASP,TESS Project Candidate,0,<a refstr=EXOFOP_TESS_TOI href=https://exofop.ipac.caltech.edu/tess/view_toi.php target=ref>ExoFOP-TESS TOI</a>,3.409156792,8.96594E-05,-8.96594E-05,0,,,,,15.91629987,0.73173845,-0.73173845,0,1.41995961,0.06528144,-0.06528144,0,,,,,,,,,,,,,,918.3877,,,0,1404.03,,,0,0,<a refstr=EXOFOP_TESS_TOI href=https://exofop.ipac.caltech.edu/tess/view_toi.php target=ref>ExoFOP-TESS TOI</a>,,6316,120.3,-120.3,0,1.21069,0.054834,-0.054834,0,,,,,,,,,,4.37,0.08,-0.08,0,<a refstr=STASSUN_ET_AL__2019 href=https://ui.adsabs.harvard.edu/abs/2019AJ....158..138S/abstract target=ref>TICv8</a>,08h13m34.14s,123.3922465,-01d58m58.03s,-1.9827874,253.985,3.404,-3.316,10.655,0.009,-0.009,9.812,0.052,-0.052,10.9134,0.000651,-0.000651,8/22/23,2017-07,8/22/23
WASP-181 b,WASP-181,0,1,1,Transit,2019,SuperWASP,TESS Project Candidate,0,<a refstr=EXOFOP_TESS_TOI href=https://exofop.ipac.caltech.edu/tess/view_toi.php target=ref>ExoFOP-TESS TOI</a>,4.519508949,4.10822E-06,-4.10822E-06,0,,,,,14.30491762,0.70206517,-0.70206517,0,1.27620147,0.06263417,-0.06263417,0,,,,,,,,,,,,,,382.4492,,,0,1127.88,,,0,0,<a refstr=EXOFOP_TESS_TOI href=https://exofop.ipac.caltech.edu/tess/view_toi.php target=ref>ExoFOP-TESS TOI</a>,,5887,126.91,-126.91,0,1.0321,0.049553,-0.049553,0,,,,,,,,,,4.44001,0.078817,-0.078817,0,<a refstr=STASSUN_ET_AL__2019 href=https://ui.adsabs.harvard.edu/abs/2019AJ....158..138S/abstract target=ref>TICv8</a>,01h47m10.37s,26.7932253,+03d07m58.56s,3.1329325,437.495,7.964,-7.689,12.924,0.092,-0.092,11.443,0.023,-0.023,12.783,0.000339,-0.000339,12/10/24,2017-07,12/10/24
WASP-181 b,WASP-181,1,1,1,Transit,2019,SuperWASP,Published Confirmed,0,<a refstr=TURNER_ET_AL__2019 href=https://ui.adsabs.harvard.edu/abs/2019MNRAS.485.5790T/abstract target=ref>Turner et al. 2019</a>,4.5195064,0.0000034,-0.0000034,0,0.05427,0.00069,-0.00069,0,13.271456,0.795839,-0.661331,0,1.184,0.071,-0.059,0,95.03117,10.80622,-10.80622,0,0.299,0.034,-0.034,0,Mass,,,,,,,,,1186,32,-26,0,0,<a refstr=TURNER_ET_AL__2019 href=https://ui.adsabs.harvard.edu/abs/2019MNRAS.485.5790T/abstract target=ref>Turner et al. 2019</a>,G2,5839,70,-70,0,0.965,0.043,-0.043,0,1.04,0.04,-0.04,0,0.09,0.04,-0.04,0,[Fe/H],4.487,0.039,-0.039,0,<a refstr=STASSUN_ET_AL__2019 href=https://ui.adsabs.harvard.edu/abs/2019AJ....158..138S/abstract target=ref>TICv8</a>,01h47m10.37s,26.7932253,+03d07m58.56s,3.1329325,437.495,7.964,-7.689,12.924,0.092,-0.092,11.443,0.023,-0.023,12.783,0.000339,-0.000339,4/16/19,2019-06,4/18/19
WASP-181 b,WASP-181,0,1,1,Transit,2019,SuperWASP,Published Confirmed,0,<a refstr=IVSHINA__AMP__WINN_2022 href=https://ui.adsabs.harvard.edu/abs/2022ApJS..259...62I/abstract target=ref>Ivshina &amp; Winn 2022</a>,4.5195085,0.0000013,-0.0000013,0,,,,,,,,,,,,,,,,,,,,,,,,,,,,,,,,,,0,,,,,,,,,,,,,,,,,,,,,,,,<a refstr=STASSUN_ET_AL__2019 href=https://ui.adsabs.harvard.edu/abs/2019AJ....158..138S/abstract target=ref>TICv8</a>,01h47m10.37s,26.7932253,+03d07m58.56s,3.1329325,437.495,7.964,-7.689,12.924,0.092,-0.092,11.443,0.023,-0.023,12.783,0.000339,-0.000339,10/18/22,2022-04,10/18/22
WASP-181 b,WASP-181,0,1,1,Transit,2019,SuperWASP,Published Confirmed,0,<a refstr=KOKORI_ET_AL__2023 href=https://ui.adsabs.harvard.edu/abs/2023ApJS..265....4K/abstract target=ref>Kokori et al. 2023</a>,4.51949982,0.0000006,-0.0000006,0,,,,,,,,,,,,,,,,,,,,,,,,,,,,,,,,,,0,<a refstr=TURNER_ET_AL__2019 href=https://ui.adsabs.harvard.edu/abs/2019MNRAS.485.5790T/abstract target=ref>Turner et al. 2019</a>,G2,5839,70,-70,0,0.965,0.043,-0.043,0,1.04,0.04,-0.04,0,0.09,0.04,-0.04,0,[Fe/H],4.487,0.039,-0.039,0,<a refstr=STASSUN_ET_AL__2019 href=https://ui.adsabs.harvard.edu/abs/2019AJ....158..138S/abstract target=ref>TICv8</a>,01h47m10.37s,26.7932253,+03d07m58.56s,3.1329325,437.495,7.964,-7.689,12.924,0.092,-0.092,11.443,0.023,-0.023,12.783,0.000339,-0.000339,3/4/24,2023-03,3/4/24
WASP-182 b,WASP-182,0,1,1,Transit,2019,WASP-South,TESS Project Candidate,0,<a refstr=EXOFOP_TESS_TOI href=https://exofop.ipac.caltech.edu/tess/view_toi.php target=ref>ExoFOP-TESS TOI</a>,3.377111372,0.000325716,-0.000325716,0,,,,,8.61101065,1.0350502,-1.0350502,0,0.76822424,0.09234115,-0.09234115,0,,,,,,,,,,,,,,756.261,,,0,1337.48,,,0,0,<a refstr=EXOFOP_TESS_TOI href=https://exofop.ipac.caltech.edu/tess/view_toi.php target=ref>ExoFOP-TESS TOI</a>,,5614.86,109.56,-109.56,0,1.28017,0.063618,-0.063618,0,,,,,,,,,,4.21917,0.076733,-0.076733,0,<a refstr=STASSUN_ET_AL__2019 href=https://ui.adsabs.harvard.edu/abs/2019AJ....158..138S/abstract target=ref>TICv8</a>,20h46m41.60s,311.673345,-41d49m15.54s,-41.8209828,327.602,4.598,-4.474,11.98,0.037,-0.037,10.431,0.019,-0.019,11.917,0.000243,-0.000243,8/9/22,2017-07,8/9/22
WASP-182 b,WASP-182,1,1,1,Transit,2019,WASP-South,Published Confirmed,0,<a refstr=NIELSEN_ET_AL__2019 href=https://ui.adsabs.harvard.edu/abs/2019MNRAS.489.2478N/abstract target=ref>Nielsen et al. 2019</a>,3.3769848,0.0000024,-0.0000024,0,0.0451,0.0009,-0.0009,0,9.52765,0.33627,-0.33627,0,0.85,0.03,-0.03,0,47.03884,3.49613,-3.49613,0,0.148,0.011,-0.011,0,Mass,0,,,0,,,,,1479,34,-34,0,0,<a refstr=NIELSEN_ET_AL__2019 href=https://ui.adsabs.harvard.edu/abs/2019MNRAS.489.2478N/abstract target=ref>Nielsen et al. 2019</a>,G5,5638,100,-100,0,1.34,0.03,-0.03,0,1.076,0.064,-0.064,0,0.27,0.11,-0.11,0,[Fe/H],4.218,0.033,-0.033,0,<a refstr=STASSUN_ET_AL__2019 href=https://ui.adsabs.harvard.edu/abs/2019AJ....158..138S/abstract target=ref>TICv8</a>,20h46m41.60s,311.673345,-41d49m15.54s,-41.8209828,327.602,4.598,-4.474,11.98,0.037,-0.037,10.431,0.019,-0.019,11.917,0.000243,-0.000243,9/4/19,2019-10,9/12/19
WASP-182 b,WASP-182,0,1,1,Transit,2019,WASP-South,Published Confirmed,0,<a refstr=IVSHINA__AMP__WINN_2022 href=https://ui.adsabs.harvard.edu/abs/2022ApJS..259...62I/abstract target=ref>Ivshina &amp; Winn 2022</a>,3.3769895,0.0000071,-0.0000071,0,,,,,,,,,,,,,,,,,,,,,,,,,,,,,,,,,,0,,,,,,,,,,,,,,,,,,,,,,,,<a refstr=STASSUN_ET_AL__2019 href=https://ui.adsabs.harvard.edu/abs/2019AJ....158..138S/abstract target=ref>TICv8</a>,20h46m41.60s,311.673345,-41d49m15.54s,-41.8209828,327.602,4.598,-4.474,11.98,0.037,-0.037,10.431,0.019,-0.019,11.917,0.000243,-0.000243,10/18/22,2022-04,10/18/22
WASP-182 b,WASP-182,0,1,1,Transit,2019,WASP-South,Published Confirmed,0,<a refstr=PATEL__AMP__ESPINOZA_2022 href=https://ui.adsabs.harvard.edu/abs/2022AJ....163..228P/abstract target=ref>Patel &amp; Espinoza 2022</a>,3.3769848,0.0000022,-0.0000022,0,,,,,,,,,,,,,,,,,,,,,,,,,,,,,,,,,,0,<a refstr=NIELSEN_ET_AL__2019 href=https://ui.adsabs.harvard.edu/abs/2019MNRAS.489.2478N/abstract target=ref>Nielsen et al. 2019</a>,G5,5638,100,-100,0,1.34,0.03,-0.03,0,1.076,0.064,-0.064,0,0.27,0.11,-0.11,0,[Fe/H],4.218,0.033,-0.033,0,<a refstr=STASSUN_ET_AL__2019 href=https://ui.adsabs.harvard.edu/abs/2019AJ....158..138S/abstract target=ref>TICv8</a>,20h46m41.60s,311.673345,-41d49m15.54s,-41.8209828,327.602,4.598,-4.474,11.98,0.037,-0.037,10.431,0.019,-0.019,11.917,0.000243,-0.000243,5/3/22,2022-05,5/3/22
WASP-183 b,WASP-183,1,1,1,Transit,2019,SuperWASP,Published Confirmed,0,<a refstr=TURNER_ET_AL__2019 href=https://ui.adsabs.harvard.edu/abs/2019MNRAS.485.5790T/abstract target=ref>Turner et al. 2019</a>,4.1117771,0.0000051,-0.0000051,0,0.04632,0.00075,-0.00075,0,16.47723,10.53646,-3.69897,0,1.47,0.94,-0.33,0,159.55066,14.93801,-14.93801,0,0.502,0.047,-0.047,0,Mass,,,,,,,,,1111,30,-30,0,0,<a refstr=TURNER_ET_AL__2019 href=https://ui.adsabs.harvard.edu/abs/2019MNRAS.485.5790T/abstract target=ref>Turner et al. 2019</a>,G9,5313,72,-72,0,0.871,0.038,-0.038,0,0.784,0.038,-0.038,0,-0.31,0.04,-0.04,0,[Fe/H],4.452,0.043,-0.043,0,<a refstr=STASSUN_ET_AL__2019 href=https://ui.adsabs.harvard.edu/abs/2019AJ....158..138S/abstract target=ref>TICv8</a>,10h55m09.32s,163.7888521,-00d44m13.44s,-0.7370663,325.377,3.979,-3.885,13.081,0.103,-0.103,11.207,0.021,-0.021,12.8148,0.0003,-0.0003,4/16/19,2019-06,4/18/19
WASP-183 b,WASP-183,0,1,1,Transit,2019,SuperWASP,Published Confirmed,0,<a refstr=KOKORI_ET_AL__2023 href=https://ui.adsabs.harvard.edu/abs/2023ApJS..265....4K/abstract target=ref>Kokori et al. 2023</a>,4.1117634,0.0000051,-0.0000051,0,,,,,,,,,,,,,,,,,,,,,,,,,,,,,,,,,,0,<a refstr=TURNER_ET_AL__2019 href=https://ui.adsabs.harvard.edu/abs/2019MNRAS.485.5790T/abstract target=ref>Turner et al. 2019</a>,G9,5313,72,-72,0,0.871,0.038,-0.038,0,0.784,0.038,-0.038,0,-0.31,0.04,-0.04,0,[Fe/H],4.452,0.043,-0.043,0,<a refstr=STASSUN_ET_AL__2019 href=https://ui.adsabs.harvard.edu/abs/2019AJ....158..138S/abstract target=ref>TICv8</a>,10h55m09.32s,163.7888521,-00d44m13.44s,-0.7370663,325.377,3.979,-3.885,13.081,0.103,-0.103,11.207,0.021,-0.021,12.8148,0.0003,-0.0003,3/4/24,2023-03,3/4/24
WASP-183 b,WASP-183,0,1,1,Transit,2019,SuperWASP,Published Confirmed,0,<a refstr=IVSHINA__AMP__WINN_2022 href=https://ui.adsabs.harvard.edu/abs/2022ApJS..259...62I/abstract target=ref>Ivshina &amp; Winn 2022</a>,4.1117648,0.0000068,-0.0000068,0,,,,,,,,,,,,,,,,,,,,,,,,,,,,,,,,,,0,,,,,,,,,,,,,,,,,,,,,,,,<a refstr=STASSUN_ET_AL__2019 href=https://ui.adsabs.harvard.edu/abs/2019AJ....158..138S/abstract target=ref>TICv8</a>,10h55m09.32s,163.7888521,-00d44m13.44s,-0.7370663,325.377,3.979,-3.885,13.081,0.103,-0.103,11.207,0.021,-0.021,12.8148,0.0003,-0.0003,10/18/22,2022-04,10/18/22
WASP-183 b,WASP-183,0,1,1,Transit,2019,SuperWASP,TESS Project Candidate,0,<a refstr=EXOFOP_TESS_TOI href=https://exofop.ipac.caltech.edu/tess/view_toi.php target=ref>ExoFOP-TESS TOI</a>,4.11177309,2.85613E-06,-2.85613E-06,0,,,,,15.41128052,0.7490635,-0.7490635,0,1.37490472,0.06682708,-0.06682708,0,,,,,,,,,,,,,,268.7176,,,0,1032.63,,,0,0,<a refstr=EXOFOP_TESS_TOI href=https://exofop.ipac.caltech.edu/tess/view_toi.php target=ref>ExoFOP-TESS TOI</a>,,5424.8,104.8,-104.8,0,0.916164,0.043417,-0.043417,0,,,,,,,,,,4.49,0.07,-0.07,0,<a refstr=STASSUN_ET_AL__2019 href=https://ui.adsabs.harvard.edu/abs/2019AJ....158..138S/abstract target=ref>TICv8</a>,10h55m09.32s,163.7888521,-00d44m13.44s,-0.7370663,325.377,3.979,-3.885,13.081,0.103,-0.103,11.207,0.021,-0.021,12.8148,0.0003,-0.0003,12/10/24,2017-07,12/10/24
WASP-184 b,WASP-184,0,1,1,Transit,2019,WASP-South,TESS Project Candidate,0,<a refstr=EXOFOP_TESS_TOI href=https://exofop.ipac.caltech.edu/tess/view_toi.php target=ref>ExoFOP-TESS TOI</a>,5.17958,0.00122,-0.00122,0,,,,,14.829,0.819083,-0.819083,0,1.32295705,0.07307382,-0.07307382,0,,,,,,,,,,,,,,669.018,,,0,1416,,,0,0,<a refstr=EXOFOP_TESS_TOI href=https://exofop.ipac.caltech.edu/tess/view_toi.php target=ref>ExoFOP-TESS TOI</a>,,6116,124.8,-124.8,0,1.65,0.09,-0.09,0,,,,,,,,,,4.07,0.08,-0.08,0,<a refstr=STASSUN_ET_AL__2019 href=https://ui.adsabs.harvard.edu/abs/2019AJ....158..138S/abstract target=ref>TICv8</a>,13h58m04.08s,209.51701,-30d20m53.35s,-30.348153,663.231,16.965,-16.152,12.771,0.08,-0.08,11.262,0.025,-0.025,12.5673,0.00022,-0.00022,8/8/22,2017-07,8/8/22
WASP-184 b,WASP-184,0,1,1,Transit,2019,WASP-South,Published Confirmed,0,<a refstr=IVSHINA__AMP__WINN_2022 href=https://ui.adsabs.harvard.edu/abs/2022ApJS..259...62I/abstract target=ref>Ivshina &amp; Winn 2022</a>,5.181729,0.000014,-0.000014,0,,,,,,,,,,,,,,,,,,,,,,,,,,,,,,,,,,0,,,,,,,,,,,,,,,,,,,,,,,,<a refstr=STASSUN_ET_AL__2019 href=https://ui.adsabs.harvard.edu/abs/2019AJ....158..138S/abstract target=ref>TICv8</a>,13h58m04.08s,209.51701,-30d20m53.35s,-30.348153,663.231,16.965,-16.152,12.771,0.08,-0.08,11.262,0.025,-0.025,12.5673,0.00022,-0.00022,10/18/22,2022-04,10/18/22
WASP-184 b,WASP-184,1,1,1,Transit,2019,WASP-South,Published Confirmed,0,<a refstr=HELLIER_ET_AL__2019 href=https://ui.adsabs.harvard.edu/abs/2019MNRAS.490.1479H/abstract target=ref>Hellier et al. 2019</a>,5.1817,0.00001,-0.00001,0,0.0627,0.0012,-0.0012,0,14.90797,1.00881,-1.00881,0,1.33,0.09,-0.09,0,181.1631,31.783,-31.783,0,0.57,0.1,-0.1,0,Mass,0,,,0,,,,,1480,50,-50,0,0,<a refstr=HELLIER_ET_AL__2019 href=https://ui.adsabs.harvard.edu/abs/2019MNRAS.490.1479H/abstract target=ref>Hellier et al. 2019</a>,G0 V,6000,100,-100,0,1.65,0.09,-0.09,0,1.23,0.07,-0.07,0,0.12,0.08,-0.08,0,[Fe/H],4.09,0.05,-0.05,0,<a refstr=STASSUN_ET_AL__2019 href=https://ui.adsabs.harvard.edu/abs/2019AJ....158..138S/abstract target=ref>TICv8</a>,13h58m04.08s,209.51701,-30d20m53.35s,-30.348153,663.231,16.965,-16.152,12.771,0.08,-0.08,11.262,0.025,-0.025,12.5673,0.00022,-0.00022,10/2/19,2019-11,10/10/19
WASP-185 b,WASP-185,0,1,1,Transit,2019,WASP-South,TESS Project Candidate,0,<a refstr=EXOFOP_TESS_TOI href=https://exofop.ipac.caltech.edu/tess/view_toi.php target=ref>ExoFOP-TESS TOI</a>,9.391132602,0.000530599,-0.000530599,0,,,,,14.47922158,0.7424703,-0.7424703,0,1.29175185,0.06623888,-0.06623888,0,,,,,,,,,,,,,,662.3252,,,0,1293.86,,,0,0,<a refstr=EXOFOP_TESS_TOI href=https://exofop.ipac.caltech.edu/tess/view_toi.php target=ref>ExoFOP-TESS TOI</a>,,5708,109.6,-109.6,0,1.76693,0.083065,-0.083065,0,,,,,,,,,,3.95223,0.072755,-0.072755,0,<a refstr=STASSUN_ET_AL__2019 href=https://ui.adsabs.harvard.edu/abs/2019AJ....158..138S/abstract target=ref>TICv8</a>,14h16m14.30s,214.0595791,-19d32m32.30s,-19.5423062,279.35,3.439,-3.358,11.101,0.012,-0.012,9.505,0.019,-0.019,10.8949,0.000369,-0.000369,9/17/25,2017-07,8/28/25
WASP-185 b,WASP-185,1,1,1,Transit,2019,WASP-South,Published Confirmed,0,<a refstr=HELLIER_ET_AL__2019 href=https://ui.adsabs.harvard.edu/abs/2019MNRAS.490.1479H/abstract target=ref>Hellier et al. 2019</a>,9.38755,0.00002,-0.00002,0,0.0904,0.0017,-0.0017,0,14.01125,0.89672,-0.89672,0,1.25,0.08,-0.08,0,311.4734,19.0698,-19.0698,0,0.98,0.06,-0.06,0,Mass,0.24,0.04,-0.04,0,,,,,1160,35,-35,0,0,<a refstr=HELLIER_ET_AL__2019 href=https://ui.adsabs.harvard.edu/abs/2019MNRAS.490.1479H/abstract target=ref>Hellier et al. 2019</a>,G0 V,5900,100,-100,0,1.5,0.08,-0.08,0,1.12,0.06,-0.06,0,-0.02,0.06,-0.06,0,[Fe/H],4.13,0.05,-0.05,0,<a refstr=STASSUN_ET_AL__2019 href=https://ui.adsabs.harvard.edu/abs/2019AJ....158..138S/abstract target=ref>TICv8</a>,14h16m14.30s,214.0595791,-19d32m32.30s,-19.5423062,279.35,3.439,-3.358,11.101,0.012,-0.012,9.505,0.019,-0.019,10.8949,0.000369,-0.000369,10/2/19,2019-11,10/10/19
WASP-190 b,WASP-190,0,1,1,Transit,2019,WASP-South,Published Confirmed,0,<a refstr=PATEL__AMP__ESPINOZA_2022 href=https://ui.adsabs.harvard.edu/abs/2022AJ....163..228P/abstract target=ref>Patel &amp; Espinoza 2022</a>,5.367753,0.0000034,-0.0000034,0,,,,,,,,,,,,,,,,,,,,,,,,,,,,,,,,,,0,<a refstr=TEMPLE_ET_AL__2019 href=https://ui.adsabs.harvard.edu/abs/2019AJ....157..141T/abstract target=ref>Temple et al. 2019</a>,F6 IV-V,6400,100,-100,0,1.6,0.1,-0.1,0,1.35,0.05,-0.05,0,-0.02,0.05,-0.05,0,[Fe/H],4.17,0.04,-0.04,0,<a refstr=STASSUN_ET_AL__2019 href=https://ui.adsabs.harvard.edu/abs/2019AJ....158..138S/abstract target=ref>TICv8</a>,00h30m50.29s,7.7095292,-40d34m24.46s,-40.5734613,542.251,10.131,-9.773,11.645,0.014,-0.014,10.65,0.024,-0.024,11.6333,0.000489,-0.000489,5/3/22,2022-05,5/3/22
WASP-190 b,WASP-190,0,1,1,Transit,2019,WASP-South,Published Confirmed,0,<a refstr=IVSHINA__AMP__WINN_2022 href=https://ui.adsabs.harvard.edu/abs/2022ApJS..259...62I/abstract target=ref>Ivshina &amp; Winn 2022</a>,5.3677672,0.0000043,-0.0000043,0,,,,,,,,,,,,,,,,,,,,,,,,,,,,,,,,,,0,,,,,,,,,,,,,,,,,,,,,,,,<a refstr=STASSUN_ET_AL__2019 href=https://ui.adsabs.harvard.edu/abs/2019AJ....158..138S/abstract target=ref>TICv8</a>,00h30m50.29s,7.7095292,-40d34m24.46s,-40.5734613,542.251,10.131,-9.773,11.645,0.014,-0.014,10.65,0.024,-0.024,11.6333,0.000489,-0.000489,10/18/22,2022-04,10/18/22
WASP-190 b,WASP-190,1,1,1,Transit,2019,WASP-South,Published Confirmed,0,<a refstr=TEMPLE_ET_AL__2019 href=https://ui.adsabs.harvard.edu/abs/2019AJ....157..141T/abstract target=ref>Temple et al. 2019</a>,5.367753,0.000004,-0.000004,0,0.0663,0.0008,-0.0008,0,12.89035,1.00881,-1.00881,0,1.15,0.09,-0.09,0,317.83,31.783,-31.783,0,1,0.1,-0.1,0,Mass,0,,,0,,,,,1500,50,-50,0,0,<a refstr=TEMPLE_ET_AL__2019 href=https://ui.adsabs.harvard.edu/abs/2019AJ....157..141T/abstract target=ref>Temple et al. 2019</a>,F6 IV-V,6400,100,-100,0,1.6,0.1,-0.1,0,1.35,0.05,-0.05,0,-0.02,0.05,-0.05,0,[Fe/H],4.17,0.04,-0.04,0,<a refstr=STASSUN_ET_AL__2019 href=https://ui.adsabs.harvard.edu/abs/2019AJ....158..138S/abstract target=ref>TICv8</a>,00h30m50.29s,7.7095292,-40d34m24.46s,-40.5734613,542.251,10.131,-9.773,11.645,0.014,-0.014,10.65,0.024,-0.024,11.6333,0.000489,-0.000489,3/1/19,2019-04,3/5/19
WASP-190 b,WASP-190,0,1,1,Transit,2019,WASP-South,TESS Project Candidate,0,<a refstr=EXOFOP_TESS_TOI href=https://exofop.ipac.caltech.edu/tess/view_toi.php target=ref>ExoFOP-TESS TOI</a>,5.36777,0.00001,-0.00001,0,,,,,14.2607,0.695606,-0.695606,0,1.27225663,0.06205792,-0.06205792,0,,,,,,,,,,,,,,747.132,,,0,1456,,,0,0,<a refstr=EXOFOP_TESS_TOI href=https://exofop.ipac.caltech.edu/tess/view_toi.php target=ref>ExoFOP-TESS TOI</a>,,6561,138,-138,0,1.72,0.08,-0.08,0,,,,,,,,,,4.1,0.09,-0.09,0,<a refstr=STASSUN_ET_AL__2019 href=https://ui.adsabs.harvard.edu/abs/2019AJ....158..138S/abstract target=ref>TICv8</a>,00h30m50.29s,7.7095292,-40d34m24.46s,-40.5734613,542.251,10.131,-9.773,11.645,0.014,-0.014,10.65,0.024,-0.024,11.6333,0.000489,-0.000489,11/1/22,2017-07,11/1/22
WASP-190 b,WASP-190,0,1,1,Transit,2019,WASP-South,Published Confirmed,0,<a refstr=KOKORI_ET_AL__2023 href=https://ui.adsabs.harvard.edu/abs/2023ApJS..265....4K/abstract target=ref>Kokori et al. 2023</a>,5.3677675,0.0000025,-0.0000025,0,,,,,,,,,,,,,,,,,,,,,,,,,,,,,,,,,,0,<a refstr=TEMPLE_ET_AL__2019 href=https://ui.adsabs.harvard.edu/abs/2019AJ....157..141T/abstract target=ref>Temple et al. 2019</a>,F6 IV-V,6400,100,-100,0,1.6,0.1,-0.1,0,1.35,0.05,-0.05,0,-0.02,0.05,-0.05,0,[Fe/H],4.17,0.04,-0.04,0,<a refstr=STASSUN_ET_AL__2019 href=https://ui.adsabs.harvard.edu/abs/2019AJ....158..138S/abstract target=ref>TICv8</a>,00h30m50.29s,7.7095292,-40d34m24.46s,-40.5734613,542.251,10.131,-9.773,11.645,0.014,-0.014,10.65,0.024,-0.024,11.6333,0.000489,-0.000489,3/4/24,2023-03,3/4/24
WASP-192 b,WASP-192,0,1,1,Transit,2019,WASP-South,Published Confirmed,0,<a refstr=IVSHINA__AMP__WINN_2022 href=https://ui.adsabs.harvard.edu/abs/2022ApJS..259...62I/abstract target=ref>Ivshina &amp; Winn 2022</a>,2.8786686,0.0000022,-0.0000022,0,,,,,,,,,,,,,,,,,,,,,,,,,,,,,,,,,,0,,,,,,,,,,,,,,,,,,,,,,,,<a refstr=STASSUN_ET_AL__2019 href=https://ui.adsabs.harvard.edu/abs/2019AJ....158..138S/abstract target=ref>TICv8</a>,14h54m38.09s,223.6587187,-38d44m40.37s,-38.7445469,508.885,16.646,-15.641,12.678,0.057,-0.057,11.137,0.023,-0.023,12.5347,0.000216,-0.000216,10/18/22,2022-04,10/18/22
WASP-192 b,WASP-192,0,1,1,Transit,2019,WASP-South,Published Confirmed,0,<a refstr=KOKORI_ET_AL__2023 href=https://ui.adsabs.harvard.edu/abs/2023ApJS..265....4K/abstract target=ref>Kokori et al. 2023</a>,2.8786676,0.0000016,-0.0000016,0,,,,,,,,,,,,,,,,,,,,,,,,,,,,,,,,,,0,<a refstr=HELLIER_ET_AL__2019 href=https://ui.adsabs.harvard.edu/abs/2019MNRAS.490.1479H/abstract target=ref>Hellier et al. 2019</a>,G0 V,5910,145,-145,0,1.32,0.07,-0.07,0,1.09,0.06,-0.06,0,0.14,0.08,-0.08,0,[Fe/H],4.236,0.051,-0.051,0,<a refstr=STASSUN_ET_AL__2019 href=https://ui.adsabs.harvard.edu/abs/2019AJ....158..138S/abstract target=ref>TICv8</a>,14h54m38.09s,223.6587187,-38d44m40.37s,-38.7445469,508.885,16.646,-15.641,12.678,0.057,-0.057,11.137,0.023,-0.023,12.5347,0.000216,-0.000216,3/4/24,2023-03,3/4/24
WASP-192 b,WASP-192,0,1,1,Transit,2019,WASP-South,TESS Project Candidate,0,<a refstr=EXOFOP_TESS_TOI href=https://exofop.ipac.caltech.edu/tess/view_toi.php target=ref>ExoFOP-TESS TOI</a>,2.8786641,0.0000048,-0.0000048,0,,,,,12.863,0.793497,-0.793497,0,1.14756197,0.07079118,-0.07079118,0,,,,,,,,,,,,,,471.142,,,0,1297,,,0,0,<a refstr=EXOFOP_TESS_TOI href=https://exofop.ipac.caltech.edu/tess/view_toi.php target=ref>ExoFOP-TESS TOI</a>,,6017,133,-133,0,1.35,0.08,-0.08,0,,,,,,,,,,4.22,0.08,-0.08,0,<a refstr=STASSUN_ET_AL__2019 href=https://ui.adsabs.harvard.edu/abs/2019AJ....158..138S/abstract target=ref>TICv8</a>,14h54m38.09s,223.6587187,-38d44m40.37s,-38.7445469,508.885,16.646,-15.641,12.678,0.057,-0.057,11.137,0.023,-0.023,12.5347,0.000216,-0.000216,10/10/22,2017-07,10/10/22
WASP-192 b,WASP-192,1,1,1,Transit,2019,WASP-South,Published Confirmed,0,<a refstr=HELLIER_ET_AL__2019 href=https://ui.adsabs.harvard.edu/abs/2019MNRAS.490.1479H/abstract target=ref>Hellier et al. 2019</a>,2.8786765,0.0000028,-0.0000028,0,0.0408,0.0008,-0.0008,0,13.78707,0.89672,-0.89672,0,1.23,0.08,-0.08,0,731.009,50.8528,-50.8528,0,2.3,0.16,-0.16,0,Mass,0,,,0,,,,,1620,60,-60,0,0,<a refstr=HELLIER_ET_AL__2019 href=https://ui.adsabs.harvard.edu/abs/2019MNRAS.490.1479H/abstract target=ref>Hellier et al. 2019</a>,G0 V,5910,145,-145,0,1.32,0.07,-0.07,0,1.09,0.06,-0.06,0,0.14,0.08,-0.08,0,[Fe/H],4.236,0.051,-0.051,0,<a refstr=STASSUN_ET_AL__2019 href=https://ui.adsabs.harvard.edu/abs/2019AJ....158..138S/abstract target=ref>TICv8</a>,14h54m38.09s,223.6587187,-38d44m40.37s,-38.7445469,508.885,16.646,-15.641,12.678,0.057,-0.057,11.137,0.023,-0.023,12.5347,0.000216,-0.000216,10/2/19,2019-11,10/10/19
XO-7 b,XO-7,0,1,1,Transit,2019,XO,Published Confirmed,0,<a refstr=KNUDSTRUP_ET_AL__2024 href=https://ui.adsabs.harvard.edu/abs/2024A&A...690A.379K/abstract target=ref>Knudstrup et al. 2024</a>,2.864142,0.000004,-0.000004,0,,,,,15.35630356,0.33626942,-0.33626942,0,1.37,0.03,-0.03,0,225.658169,9.53485221,-9.53485221,0,0.71,0.03,-0.03,0,Mass,0.04,0.03,-0.03,0,,,,,,,,,0,<a refstr=KNUDSTRUP_ET_AL__2024 href=https://ui.adsabs.harvard.edu/abs/2024A&A...690A.379K/abstract target=ref>Knudstrup et al. 2024</a>,,6250,100,-100,0,1.48,0.022,-0.022,0,1.405,0.059,-0.059,0,0.43,0.06,-0.06,0,[Fe/H],4.25,0.02,-0.02,0,<a refstr=STASSUN_ET_AL__2019 href=https://ui.adsabs.harvard.edu/abs/2019AJ....158..138S/abstract target=ref>TICv8</a>,18h29m54.74s,277.4780753,+85d13m59.95s,85.2333208,234.149,1.194,-1.181,10.521,0.006,-0.006,9.241,0.024,-0.024,10.4575,0.000449,-0.000449,7/17/25,2024-10,11/20/24
XO-7 b,XO-7,0,1,1,Transit,2019,XO,Published Confirmed,0,<a refstr=KOKORI_ET_AL__2023 href=https://ui.adsabs.harvard.edu/abs/2023ApJS..265....4K/abstract target=ref>Kokori et al. 2023</a>,2.8641356,0.000001,-0.000001,0,,,,,,,,,,,,,,,,,,,,,,,,,,,,,,,,,,0,<a refstr=CROUZET_ET_AL__2020 href=https://ui.adsabs.harvard.edu/abs/2020AJ....159...44C/abstract target=ref>Crouzet et al. 2020</a>,G0 V,6250,100,-100,0,1.48,0.022,-0.022,0,1.405,0.059,-0.059,0,0.432,0.057,-0.057,0,[Fe/H],4.246,0.023,-0.023,0,<a refstr=STASSUN_ET_AL__2019 href=https://ui.adsabs.harvard.edu/abs/2019AJ....158..138S/abstract target=ref>TICv8</a>,18h29m54.74s,277.4780753,+85d13m59.95s,85.2333208,234.149,1.194,-1.181,10.521,0.006,-0.006,9.241,0.024,-0.024,10.4575,0.000449,-0.000449,3/4/24,2023-03,3/4/24
XO-7 b,XO-7,0,1,1,Transit,2019,XO,Published Confirmed,0,<a refstr=PATEL__AMP__ESPINOZA_2022 href=https://ui.adsabs.harvard.edu/abs/2022AJ....163..228P/abstract target=ref>Patel &amp; Espinoza 2022</a>,2.8641413,0.000004,-0.000004,0,,,,,,,,,,,,,,,,,,,,,,,,,,,,,,,,,,0,<a refstr=CROUZET_ET_AL__2020 href=https://ui.adsabs.harvard.edu/abs/2020AJ....159...44C/abstract target=ref>Crouzet et al. 2020</a>,G0 V,6250,100,-100,0,1.48,0.022,-0.022,0,1.405,0.059,-0.059,0,0.432,0.057,-0.057,0,[Fe/H],4.246,0.023,-0.023,0,<a refstr=STASSUN_ET_AL__2019 href=https://ui.adsabs.harvard.edu/abs/2019AJ....158..138S/abstract target=ref>TICv8</a>,18h29m54.74s,277.4780753,+85d13m59.95s,85.2333208,234.149,1.194,-1.181,10.521,0.006,-0.006,9.241,0.024,-0.024,10.4575,0.000449,-0.000449,5/3/22,2022-05,5/3/22
XO-7 b,XO-7,0,1,1,Transit,2019,XO,Published Confirmed,0,<a refstr=IVSHINA__AMP__WINN_2022 href=https://ui.adsabs.harvard.edu/abs/2022ApJS..259...62I/abstract target=ref>Ivshina &amp; Winn 2022</a>,2.86413545,0.00000096,-0.00000096,0,,,,,,,,,,,,,,,,,,,,,,,,,,,,,,,,,,0,,,,,,,,,,,,,,,,,,,,,,,,<a refstr=STASSUN_ET_AL__2019 href=https://ui.adsabs.harvard.edu/abs/2019AJ....158..138S/abstract target=ref>TICv8</a>,18h29m54.74s,277.4780753,+85d13m59.95s,85.2333208,234.149,1.194,-1.181,10.521,0.006,-0.006,9.241,0.024,-0.024,10.4575,0.000449,-0.000449,10/18/22,2022-04,10/18/22
XO-7 b,XO-7,0,1,1,Transit,2019,XO,TESS Project Candidate,0,<a refstr=EXOFOP_TESS_TOI href=https://exofop.ipac.caltech.edu/tess/view_toi.php target=ref>ExoFOP-TESS TOI</a>,2.8641388,0.0000032,-0.0000032,0,,,,,15.5276,0.732644,-0.732644,0,1.38528207,0.06536223,-0.06536223,0,,,,,,,,,,,,,,591.067,,,0,1373,,,0,0,<a refstr=EXOFOP_TESS_TOI href=https://exofop.ipac.caltech.edu/tess/view_toi.php target=ref>ExoFOP-TESS TOI</a>,,6082,137.7,-137.7,0,1.53,0.07,-0.07,0,,,,,,,,,,4.13,0.08,-0.08,0,<a refstr=STASSUN_ET_AL__2019 href=https://ui.adsabs.harvard.edu/abs/2019AJ....158..138S/abstract target=ref>TICv8</a>,18h29m54.74s,277.4780753,+85d13m59.95s,85.2333208,234.149,1.194,-1.181,10.521,0.006,-0.006,9.241,0.024,-0.024,10.4575,0.000449,-0.000449,4/7/24,2017-07,4/7/24
XO-7 b,XO-7,1,1,1,Transit,2019,XO,Published Confirmed,0,<a refstr=CROUZET_ET_AL__2020 href=https://ui.adsabs.harvard.edu/abs/2020AJ....159...44C/abstract target=ref>Crouzet et al. 2020</a>,2.8641424,0.0000043,-0.0000043,0,0.04421,0.00062,-0.00062,0,15.389957,0.291434,-0.291434,0,1.373,0.026,-0.026,0,225.34147,10.80622,-10.80622,0,0.709,0.034,-0.034,0,Mass,0.038,0.033,-0.033,0,1540,81,-81,0,1743,23,-23,0,0,<a refstr=CROUZET_ET_AL__2020 href=https://ui.adsabs.harvard.edu/abs/2020AJ....159...44C/abstract target=ref>Crouzet et al. 2020</a>,G0 V,6250,100,-100,0,1.48,0.022,-0.022,0,1.405,0.059,-0.059,0,0.432,0.057,-0.057,0,[Fe/H],4.246,0.023,-0.023,0,<a refstr=STASSUN_ET_AL__2019 href=https://ui.adsabs.harvard.edu/abs/2019AJ....158..138S/abstract target=ref>TICv8</a>,18h29m54.74s,277.4780753,+85d13m59.95s,85.2333208,234.149,1.194,-1.181,10.521,0.006,-0.006,9.241,0.024,-0.024,10.4575,0.000449,-0.000449,1/13/20,2020-02,1/16/20
bet Pic c,bet Pic,1,1,2,Radial Velocity,2019,La Silla Observatory,Published Confirmed,0,<a refstr=FENG_ET_AL__2022 href=https://ui.adsabs.harvard.edu/abs/2022ApJS..262...21F/abstract target=ref>Feng et al. 2022</a>,1192.77951,5.50555,-4.43172,0,2.68,0.016,-0.015,0,,,,,,,,,3222.462219,373.4483782,-327.6810876,0,10.139,1.175,-1.031,0,Mass,0.314,0.024,-0.034,0,,,,,,,,,0,<a refstr=FENG_ET_AL__2022 href=https://ui.adsabs.harvard.edu/abs/2022ApJS..262...21F/abstract target=ref>Feng et al. 2022</a>,,,,,,,,,,1.795,0.027,-0.027,0,,,,,,,,,,<a refstr=STASSUN_ET_AL__2019 href=https://ui.adsabs.harvard.edu/abs/2019AJ....158..138S/abstract target=ref>TICv8</a>,05h47m17.10s,86.8212337,-51d03m58.13s,-51.066148,19.7442,0.132,-0.1303,3.85,0.03,-0.03,3.526,0.222,-0.222,3.82015,0.0044271,-0.0044271,6/12/23,2022-09,6/12/23
bet Pic c,bet Pic,0,1,2,Radial Velocity,2019,La Silla Observatory,Published Confirmed,0,<a refstr=NOWAK_ET_AL__2020 href=https://ui.adsabs.harvard.edu/abs/2020A&A...642L...2N/abstract target=ref>Nowak et al. 2020</a>,1230,14,-14,0,2.72,0.02,-0.02,0,,,,,,,,,2606.192937,254.2627256,-254.2627256,0,8.2,0.8,-0.8,0,Mass,0.37,0.12,-0.12,0,,,,,1250,50,-50,0,0,<a refstr=NOWAK_ET_AL__2020 href=https://ui.adsabs.harvard.edu/abs/2020A&A...642L...2N/abstract target=ref>Nowak et al. 2020</a>,,,,,,,,,,1.82,0.03,-0.03,0,,,,,,,,,,<a refstr=STASSUN_ET_AL__2019 href=https://ui.adsabs.harvard.edu/abs/2019AJ....158..138S/abstract target=ref>TICv8</a>,05h47m17.10s,86.8212337,-51d03m58.13s,-51.066148,19.7442,0.132,-0.1303,3.85,0.03,-0.03,3.526,0.222,-0.222,3.82015,0.0044271,-0.0044271,9/25/25,2020-10,9/25/25
bet Pic c,bet Pic,0,1,2,Radial Velocity,2019,La Silla Observatory,Published Confirmed,0,<a refstr=LAGRANGE_ET_AL__2019 href=https://ui.adsabs.harvard.edu/abs/2019NatAs...3.1135L/abstract target=ref>Lagrange et al. 2019</a>,1200,,,0,2.7,,,0,,,,,,,,,2860.47,,,0,9,,,0,Mass,0.24,,,0,,,,,,,,,0,<a refstr=LAGRANGE_ET_AL__2019 href=https://ui.adsabs.harvard.edu/abs/2019NatAs...3.1135L/abstract target=ref>Lagrange et al. 2019</a>,,,,,,,,,,1.75,,,0,,,,,,,,,,<a refstr=STASSUN_ET_AL__2019 href=https://ui.adsabs.harvard.edu/abs/2019AJ....158..138S/abstract target=ref>TICv8</a>,05h47m17.10s,86.8212337,-51d03m58.13s,-51.066148,19.7442,0.132,-0.1303,3.85,0.03,-0.03,3.526,0.222,-0.222,3.82015,0.0044271,-0.0044271,8/23/19,2019-08,8/29/19
eps Ind A b,eps Ind A,0,3,1,Radial Velocity,2019,La Silla Observatory,Published Confirmed,0,<a refstr=FENG_ET_AL__2019 href=https://ui.adsabs.harvard.edu/abs/2019MNRAS.490.5002F/abstract target=ref>Feng et al. 2019</a>,16510.00000000000,2100,-1740,0,11.55,0.98,-0.86,0,,,,,,,,,1032.9475,123.9537,-206.5895,0,3.25,0.39,-0.65,0,Mass,0.26,0.07,-0.03,0,,,,,,,,,0,<a refstr=FENG_ET_AL__2019 href=https://ui.adsabs.harvard.edu/abs/2019MNRAS.490.5002F/abstract target=ref>Feng et al. 2019</a>,K2 V,,,,,,,,,0.754,0.043,-0.043,0,,,,,,,,,,<a refstr=STASSUN_ET_AL__2019 href=https://ui.adsabs.harvard.edu/abs/2019AJ....158..138S/abstract target=ref>TICv8</a>,22h03m29.14s,330.8714021,-56d47m48.85s,-56.7969023,3.63857,0.00333,-0.00333,4.69,0.03,-0.03,2.237,0.24,-0.24,4.34562,0.007374,-0.007374,10/18/19,2019-12,10/24/19
eps Ind A b,eps Ind A,1,3,1,Radial Velocity,2019,La Silla Observatory,Published Confirmed,0,<a refstr=MATTHEWS_ET_AL__2024 href=https://ui.adsabs.harvard.edu/abs/2024Natur.633..789M/abstract target=ref>Matthews et al. 2024</a>,,,,,28.4,10,-7.2,0,,,,,,,,,2005.497248,190.6970442,-177.9839079,0,6.31,0.6,-0.56,0,Mass,0.4,0.15,-0.18,0,,,,,275,,,0,0,<a refstr=MATTHEWS_ET_AL__2024 href=https://ui.adsabs.harvard.edu/abs/2024Natur.633..789M/abstract target=ref>Matthews et al. 2024</a>,K5 V,4760,15,-15,0,0.679,0.004,-0.004,0,0.76,0.04,-0.04,0,0.22,0.12,-0.12,0,[Fe/H],5.25,0.18,-0.34,0,<a refstr=STASSUN_ET_AL__2019 href=https://ui.adsabs.harvard.edu/abs/2019AJ....158..138S/abstract target=ref>TICv8</a>,22h03m29.14s,330.8714021,-56d47m48.85s,-56.7969023,3.63857,0.00333,-0.00333,4.69,0.03,-0.03,2.237,0.24,-0.24,4.34562,0.007374,-0.007374,8/7/24,2024-09,8/7/24